Ticker;Maturity;AdjstdQt;Data_Referencia
DI1V24;01/10/2024;100000.0;01/10/2024
DI1X24;01/11/2024;99080.09;01/10/2024
DI1Z24;02/12/2024;98302.44;01/10/2024
DI1F25;02/01/2025;97422.11;01/10/2024
DI1G25;03/02/2025;96486.94;01/10/2024
DI1H25;05/03/2025;95608.61;01/10/2024
DI1J25;01/04/2025;94770.38;01/10/2024
DI1K25;02/05/2025;93884.6;01/10/2024
DI1M25;02/06/2025;92958.1;01/10/2024
DI1N25;01/07/2025;92076.08;01/10/2024
DI1Q25;01/08/2025;91074.75;01/10/2024
DI1U25;01/09/2025;90170.14;01/10/2024
DI1V25;01/10/2025;89229.07;01/10/2024
DI1F26;02/01/2026;86542.29;01/10/2024
DI1J26;01/04/2026;84056.36;01/10/2024
DI1N26;01/07/2026;81698.24;01/10/2024
DI1V26;01/10/2026;79291.1;01/10/2024
DI1F27;04/01/2027;77106.24;01/10/2024
DI1J27;01/04/2027;74994.58;01/10/2024
DI1N27;01/07/2027;72827.73;01/10/2024
DI1V27;01/10/2027;70626.58;01/10/2024
DI1F28;03/01/2028;68594.65;01/10/2024
DI1J28;03/04/2028;66585.48;01/10/2024
DI1N28;03/07/2028;64672.53;01/10/2024
DI1V28;02/10/2028;62759.66;01/10/2024
DI1F29;02/01/2029;61064.61;01/10/2024
DI1J29;02/04/2029;59353.39;01/10/2024
DI1N29;02/07/2029;57635.83;01/10/2024
DI1V29;01/10/2029;55926.43;01/10/2024
DI1F30;02/01/2030;54341.26;01/10/2024
DI1F31;02/01/2031;48401.03;01/10/2024
DI1F32;02/01/2032;43107.23;01/10/2024
DI1F33;03/01/2033;38429.3;01/10/2024
DI1F34;02/01/2034;34375.1;01/10/2024
DI1F35;02/01/2035;30723.87;01/10/2024
DI1F36;02/01/2036;27455.25;01/10/2024
DI1F37;02/01/2037;24444.97;01/10/2024
DI1F38;04/01/2038;21804.74;01/10/2024
DI1F39;03/01/2039;19431.82;01/10/2024
DI1X24;01/11/2024;99119.68;02/10/2024
DI1Z24;02/12/2024;98342.95;02/10/2024
DI1F25;02/01/2025;97463.8;02/10/2024
DI1G25;03/02/2025;96528.13;02/10/2024
DI1H25;05/03/2025;95654.82;02/10/2024
DI1J25;01/04/2025;94819.74;02/10/2024
DI1K25;02/05/2025;93935.78;02/10/2024
DI1M25;02/06/2025;93012.78;02/10/2024
DI1N25;01/07/2025;92126.79;02/10/2024
DI1Q25;01/08/2025;91128.4;02/10/2024
DI1U25;01/09/2025;90226.92;02/10/2024
DI1V25;01/10/2025;89286.97;02/10/2024
DI1F26;02/01/2026;86610.85;02/10/2024
DI1J26;01/04/2026;84140.89;02/10/2024
DI1N26;01/07/2026;81778.85;02/10/2024
DI1V26;01/10/2026;79381.12;02/10/2024
DI1F27;04/01/2027;77213.96;02/10/2024
DI1J27;01/04/2027;75115.12;02/10/2024
DI1N27;01/07/2027;72953.25;02/10/2024
DI1V27;01/10/2027;70753.04;02/10/2024
DI1F28;03/01/2028;68729.07;02/10/2024
DI1J28;03/04/2028;66719.58;02/10/2024
DI1N28;03/07/2028;64809.8;02/10/2024
DI1V28;02/10/2028;62893.31;02/10/2024
DI1F29;02/01/2029;61200.73;02/10/2024
DI1J29;02/04/2029;59496.43;02/10/2024
DI1N29;02/07/2029;57776.2;02/10/2024
DI1V29;01/10/2029;56071.07;02/10/2024
DI1F30;02/01/2030;54477.35;02/10/2024
DI1F31;02/01/2031;48576.07;02/10/2024
DI1F32;02/01/2032;43290.62;02/10/2024
DI1F33;03/01/2033;38624.35;02/10/2024
DI1F34;02/01/2034;34588.74;02/10/2024
DI1F35;02/01/2035;30908.56;02/10/2024
DI1F36;02/01/2036;27635.13;02/10/2024
DI1F37;02/01/2037;24618.55;02/10/2024
DI1F38;04/01/2038;21971.37;02/10/2024
DI1F39;03/01/2039;19590.93;02/10/2024
DI1X24;01/11/2024;99159.45;03/10/2024
DI1Z24;02/12/2024;98380.5;03/10/2024
DI1F25;02/01/2025;97497.17;03/10/2024
DI1G25;03/02/2025;96559.59;03/10/2024
DI1H25;05/03/2025;95683.75;03/10/2024
DI1J25;01/04/2025;94845.11;03/10/2024
DI1K25;02/05/2025;93956.49;03/10/2024
DI1M25;02/06/2025;93032.34;03/10/2024
DI1N25;01/07/2025;92145.74;03/10/2024
DI1Q25;01/08/2025;91142.69;03/10/2024
DI1U25;01/09/2025;90244.41;03/10/2024
DI1V25;01/10/2025;89293.6;03/10/2024
DI1F26;02/01/2026;86606.41;03/10/2024
DI1J26;01/04/2026;84116.27;03/10/2024
DI1N26;01/07/2026;81746.23;03/10/2024
DI1V26;01/10/2026;79330.81;03/10/2024
DI1F27;04/01/2027;77152.85;03/10/2024
DI1J27;01/04/2027;75035.75;03/10/2024
DI1N27;01/07/2027;72863.25;03/10/2024
DI1V27;01/10/2027;70688.19;03/10/2024
DI1F28;03/01/2028;68640.39;03/10/2024
DI1J28;03/04/2028;66634.82;03/10/2024
DI1N28;03/07/2028;64724.03;03/10/2024
DI1V28;02/10/2028;62806.89;03/10/2024
DI1F29;02/01/2029;61114.44;03/10/2024
DI1J29;02/04/2029;59413.21;03/10/2024
DI1N29;02/07/2029;57689.37;03/10/2024
DI1V29;01/10/2029;55990.76;03/10/2024
DI1F30;02/01/2030;54394.32;03/10/2024
DI1F31;02/01/2031;48496.75;03/10/2024
DI1F32;02/01/2032;43238.5;03/10/2024
DI1F33;03/01/2033;38594.21;03/10/2024
DI1F34;02/01/2034;34511.17;03/10/2024
DI1F35;02/01/2035;30830.3;03/10/2024
DI1F36;02/01/2036;27557.12;03/10/2024
DI1F37;02/01/2037;24541.81;03/10/2024
DI1F38;04/01/2038;21896.52;03/10/2024
DI1F39;03/01/2039;19518.47;03/10/2024
DI1X24;01/11/2024;99199.46;04/10/2024
DI1Z24;02/12/2024;98419.3;04/10/2024
DI1F25;02/01/2025;97531.63;04/10/2024
DI1G25;03/02/2025;96589.3;04/10/2024
DI1H25;05/03/2025;95704.24;04/10/2024
DI1J25;01/04/2025;94858.5;04/10/2024
DI1K25;02/05/2025;93962.45;04/10/2024
DI1M25;02/06/2025;93028.11;04/10/2024
DI1N25;01/07/2025;92129.87;04/10/2024
DI1Q25;01/08/2025;91116.9;04/10/2024
DI1U25;01/09/2025;90214.48;04/10/2024
DI1V25;01/10/2025;89251.2;04/10/2024
DI1F26;02/01/2026;86540.27;04/10/2024
DI1J26;01/04/2026;84048.87;04/10/2024
DI1N26;01/07/2026;81660.19;04/10/2024
DI1V26;01/10/2026;79243.23;04/10/2024
DI1F27;04/01/2027;77043.34;04/10/2024
DI1J27;01/04/2027;74922.4;04/10/2024
DI1N27;01/07/2027;72756.23;04/10/2024
DI1V27;01/10/2027;70569.58;04/10/2024
DI1F28;03/01/2028;68530.58;04/10/2024
DI1J28;03/04/2028;66525.84;04/10/2024
DI1N28;03/07/2028;64625.88;04/10/2024
DI1V28;02/10/2028;62703.18;04/10/2024
DI1F29;02/01/2029;61005.72;04/10/2024
DI1J29;02/04/2029;59318.62;04/10/2024
DI1N29;02/07/2029;57598.1;04/10/2024
DI1V29;01/10/2029;55905.84;04/10/2024
DI1F30;02/01/2030;54326.67;04/10/2024
DI1F31;02/01/2031;48431.07;04/10/2024
DI1F32;02/01/2032;43205.9;04/10/2024
DI1F33;03/01/2033;38527.59;04/10/2024
DI1F34;02/01/2034;34487.48;04/10/2024
DI1F35;02/01/2035;30810.92;04/10/2024
DI1F36;02/01/2036;27536.86;04/10/2024
DI1F37;02/01/2037;24521.14;04/10/2024
DI1F38;04/01/2038;21875.76;04/10/2024
DI1F39;03/01/2039;19497.89;04/10/2024
DI1X24;01/11/2024;99239.33;07/10/2024
DI1Z24;02/12/2024;98457.64;07/10/2024
DI1F25;02/01/2025;97568.15;07/10/2024
DI1G25;03/02/2025;96624.33;07/10/2024
DI1H25;05/03/2025;95740.28;07/10/2024
DI1J25;01/04/2025;94898.67;07/10/2024
DI1K25;02/05/2025;94004.9;07/10/2024
DI1M25;02/06/2025;93073.34;07/10/2024
DI1N25;01/07/2025;92182.01;07/10/2024
DI1Q25;01/08/2025;91175.38;07/10/2024
DI1U25;01/09/2025;90267.81;07/10/2024
DI1V25;01/10/2025;89320.21;07/10/2024
DI1F26;02/01/2026;86630.79;07/10/2024
DI1J26;01/04/2026;84150.99;07/10/2024
DI1N26;01/07/2026;81774.5;07/10/2024
DI1V26;01/10/2026;79345.7;07/10/2024
DI1F27;04/01/2027;77166.08;07/10/2024
DI1J27;01/04/2027;75054.11;07/10/2024
DI1N27;01/07/2027;72897.21;07/10/2024
DI1V27;01/10/2027;70678.9;07/10/2024
DI1F28;03/01/2028;68684.29;07/10/2024
DI1J28;03/04/2028;66669.86;07/10/2024
DI1N28;03/07/2028;64799.13;07/10/2024
DI1V28;02/10/2028;62922.95;07/10/2024
DI1F29;02/01/2029;61198.65;07/10/2024
DI1J29;02/04/2029;59494.25;07/10/2024
DI1N29;02/07/2029;57779.14;07/10/2024
DI1V29;01/10/2029;56099.56;07/10/2024
DI1F30;02/01/2030;54548.08;07/10/2024
DI1F31;02/01/2031;48648.8;07/10/2024
DI1F32;02/01/2032;43392.22;07/10/2024
DI1F33;03/01/2033;38739.83;07/10/2024
DI1F34;02/01/2034;34676.01;07/10/2024
DI1F35;02/01/2035;31040.92;07/10/2024
DI1F36;02/01/2036;27761.26;07/10/2024
DI1F37;02/01/2037;24738.0;07/10/2024
DI1F38;04/01/2038;22084.19;07/10/2024
DI1F39;03/01/2039;19697.12;07/10/2024
DI1X24;01/11/2024;99279.48;08/10/2024
DI1Z24;02/12/2024;98497.27;08/10/2024
DI1F25;02/01/2025;97609.28;08/10/2024
DI1G25;03/02/2025;96665.3;08/10/2024
DI1H25;05/03/2025;95786.33;08/10/2024
DI1J25;01/04/2025;94947.72;08/10/2024
DI1K25;02/05/2025;94055.7;08/10/2024
DI1M25;02/06/2025;93129.65;08/10/2024
DI1N25;01/07/2025;92239.95;08/10/2024
DI1Q25;01/08/2025;91236.35;08/10/2024
DI1U25;01/09/2025;90333.96;08/10/2024
DI1V25;01/10/2025;89383.61;08/10/2024
DI1F26;02/01/2026;86702.11;08/10/2024
DI1J26;01/04/2026;84225.34;08/10/2024
DI1N26;01/07/2026;81858.69;08/10/2024
DI1V26;01/10/2026;79448.07;08/10/2024
DI1F27;04/01/2027;77262.8;08/10/2024
DI1J27;01/04/2027;75156.19;08/10/2024
DI1N27;01/07/2027;73003.02;08/10/2024
DI1V27;01/10/2027;70825.57;08/10/2024
DI1F28;03/01/2028;68828.26;08/10/2024
DI1J28;03/04/2028;66840.77;08/10/2024
DI1N28;03/07/2028;64946.91;08/10/2024
DI1V28;02/10/2028;63049.83;08/10/2024
DI1F29;02/01/2029;61373.62;08/10/2024
DI1J29;02/04/2029;59693.81;08/10/2024
DI1N29;02/07/2029;57987.21;08/10/2024
DI1V29;01/10/2029;56308.64;08/10/2024
DI1F30;02/01/2030;54734.83;08/10/2024
DI1F31;02/01/2031;48872.78;08/10/2024
DI1F32;02/01/2032;43649.07;08/10/2024
DI1F33;03/01/2033;38984.46;08/10/2024
DI1F34;02/01/2034;34939.82;08/10/2024
DI1F35;02/01/2035;31258.44;08/10/2024
DI1F36;02/01/2036;27973.55;08/10/2024
DI1F37;02/01/2037;24943.25;08/10/2024
DI1F38;04/01/2038;22281.56;08/10/2024
DI1F39;03/01/2039;19885.87;08/10/2024
DI1X24;01/11/2024;99319.13;09/10/2024
DI1Z24;02/12/2024;98536.19;09/10/2024
DI1F25;02/01/2025;97645.44;09/10/2024
DI1G25;03/02/2025;96699.21;09/10/2024
DI1H25;05/03/2025;95809.34;09/10/2024
DI1J25;01/04/2025;94961.61;09/10/2024
DI1K25;02/05/2025;94059.39;09/10/2024
DI1M25;02/06/2025;93117.0;09/10/2024
DI1N25;01/07/2025;92212.34;09/10/2024
DI1Q25;01/08/2025;91188.23;09/10/2024
DI1U25;01/09/2025;90269.52;09/10/2024
DI1V25;01/10/2025;89295.17;09/10/2024
DI1F26;02/01/2026;86549.2;09/10/2024
DI1J26;01/04/2026;84016.1;09/10/2024
DI1N26;01/07/2026;81593.42;09/10/2024
DI1V26;01/10/2026;79139.33;09/10/2024
DI1F27;04/01/2027;76908.3;09/10/2024
DI1J27;01/04/2027;74765.77;09/10/2024
DI1N27;01/07/2027;72573.11;09/10/2024
DI1V27;01/10/2027;70363.93;09/10/2024
DI1F28;03/01/2028;68325.46;09/10/2024
DI1J28;03/04/2028;66324.53;09/10/2024
DI1N28;03/07/2028;64421.11;09/10/2024
DI1V28;02/10/2028;62495.97;09/10/2024
DI1F29;02/01/2029;60800.34;09/10/2024
DI1J29;02/04/2029;59095.56;09/10/2024
DI1N29;02/07/2029;57374.38;09/10/2024
DI1V29;01/10/2029;55677.63;09/10/2024
DI1F30;02/01/2030;54077.95;09/10/2024
DI1F31;02/01/2031;48190.34;09/10/2024
DI1F32;02/01/2032;42927.3;09/10/2024
DI1F33;03/01/2033;38264.94;09/10/2024
DI1F34;02/01/2034;34231.66;09/10/2024
DI1F35;02/01/2035;30575.48;09/10/2024
DI1F36;02/01/2036;27302.31;09/10/2024
DI1F37;02/01/2037;24290.54;09/10/2024
DI1F38;04/01/2038;21650.99;09/10/2024
DI1F39;03/01/2039;19280.44;09/10/2024
DI1X24;01/11/2024;99359.28;10/10/2024
DI1Z24;02/12/2024;98575.82;10/10/2024
DI1F25;02/01/2025;97684.51;10/10/2024
DI1G25;03/02/2025;96735.73;10/10/2024
DI1H25;05/03/2025;95848.1;10/10/2024
DI1J25;01/04/2025;94998.09;10/10/2024
DI1K25;02/05/2025;94091.08;10/10/2024
DI1M25;02/06/2025;93144.17;10/10/2024
DI1N25;01/07/2025;92234.93;10/10/2024
DI1Q25;01/08/2025;91201.35;10/10/2024
DI1U25;01/09/2025;90269.89;10/10/2024
DI1V25;01/10/2025;89290.28;10/10/2024
DI1F26;02/01/2026;86510.72;10/10/2024
DI1J26;01/04/2026;83950.83;10/10/2024
DI1N26;01/07/2026;81507.18;10/10/2024
DI1V26;01/10/2026;79023.6;10/10/2024
DI1F27;04/01/2027;76775.59;10/10/2024
DI1J27;01/04/2027;74614.23;10/10/2024
DI1N27;01/07/2027;72417.95;10/10/2024
DI1V27;01/10/2027;70210.75;10/10/2024
DI1F28;03/01/2028;68176.92;10/10/2024
DI1J28;03/04/2028;66150.45;10/10/2024
DI1N28;03/07/2028;64263.43;10/10/2024
DI1V28;02/10/2028;62345.82;10/10/2024
DI1F29;02/01/2029;60652.7;10/10/2024
DI1J29;02/04/2029;58963.03;10/10/2024
DI1N29;02/07/2029;57246.45;10/10/2024
DI1V29;01/10/2029;55572.12;10/10/2024
DI1F30;02/01/2030;53964.27;10/10/2024
DI1F31;02/01/2031;48075.5;10/10/2024
DI1F32;02/01/2032;42857.03;10/10/2024
DI1F33;03/01/2033;38182.68;10/10/2024
DI1F34;02/01/2034;34163.77;10/10/2024
DI1F35;02/01/2035;30498.52;10/10/2024
DI1F36;02/01/2036;27225.65;10/10/2024
DI1F37;02/01/2037;24215.2;10/10/2024
DI1F38;04/01/2038;21577.57;10/10/2024
DI1F39;03/01/2039;19209.44;10/10/2024
DI1X24;01/11/2024;99399.1;11/10/2024
DI1Z24;02/12/2024;98614.79;11/10/2024
DI1F25;02/01/2025;97720.01;11/10/2024
DI1G25;03/02/2025;96770.52;11/10/2024
DI1H25;05/03/2025;95878.34;11/10/2024
DI1J25;01/04/2025;95023.32;11/10/2024
DI1K25;02/05/2025;94113.4;11/10/2024
DI1M25;02/06/2025;93162.21;11/10/2024
DI1N25;01/07/2025;92249.67;11/10/2024
DI1Q25;01/08/2025;91210.9;11/10/2024
DI1U25;01/09/2025;90266.41;11/10/2024
DI1V25;01/10/2025;89285.78;11/10/2024
DI1F26;02/01/2026;86486.85;11/10/2024
DI1J26;01/04/2026;83893.86;11/10/2024
DI1N26;01/07/2026;81403.3;11/10/2024
DI1V26;01/10/2026;78871.82;11/10/2024
DI1F27;04/01/2027;76588.44;11/10/2024
DI1J27;01/04/2027;74402.51;11/10/2024
DI1N27;01/07/2027;72177.64;11/10/2024
DI1V27;01/10/2027;69946.85;11/10/2024
DI1F28;03/01/2028;67888.47;11/10/2024
DI1J28;03/04/2028;65856.47;11/10/2024
DI1N28;03/07/2028;63938.99;11/10/2024
DI1V28;02/10/2028;62007.45;11/10/2024
DI1F29;02/01/2029;60299.62;11/10/2024
DI1J29;02/04/2029;58579.92;11/10/2024
DI1N29;02/07/2029;56852.01;11/10/2024
DI1V29;01/10/2029;55138.08;11/10/2024
DI1F30;02/01/2030;53535.75;11/10/2024
DI1F31;02/01/2031;47579.1;11/10/2024
DI1F32;02/01/2032;42304.68;11/10/2024
DI1F33;03/01/2033;37644.38;11/10/2024
DI1F34;02/01/2034;33591.43;11/10/2024
DI1F35;02/01/2035;29950.56;11/10/2024
DI1F36;02/01/2036;26688.05;11/10/2024
DI1F37;02/01/2037;23693.44;11/10/2024
DI1F38;04/01/2038;21074.47;11/10/2024
DI1F39;03/01/2039;18727.36;11/10/2024
DI1X24;01/11/2024;99439.0;14/10/2024
DI1Z24;02/12/2024;98655.37;14/10/2024
DI1F25;02/01/2025;97763.63;14/10/2024
DI1G25;03/02/2025;96817.03;14/10/2024
DI1H25;05/03/2025;95929.45;14/10/2024
DI1J25;01/04/2025;95079.9;14/10/2024
DI1K25;02/05/2025;94175.68;14/10/2024
DI1M25;02/06/2025;93232.07;14/10/2024
DI1N25;01/07/2025;92324.49;14/10/2024
DI1Q25;01/08/2025;91296.53;14/10/2024
DI1U25;01/09/2025;90367.92;14/10/2024
DI1V25;01/10/2025;89392.31;14/10/2024
DI1F26;02/01/2026;86630.46;14/10/2024
DI1J26;01/04/2026;84073.92;14/10/2024
DI1N26;01/07/2026;81633.92;14/10/2024
DI1V26;01/10/2026;79157.87;14/10/2024
DI1F27;04/01/2027;76911.59;14/10/2024
DI1J27;01/04/2027;74748.2;14/10/2024
DI1N27;01/07/2027;72554.25;14/10/2024
DI1V27;01/10/2027;70362.08;14/10/2024
DI1F28;03/01/2028;68330.76;14/10/2024
DI1J28;03/04/2028;66320.74;14/10/2024
DI1N28;03/07/2028;64417.21;14/10/2024
DI1V28;02/10/2028;62509.95;14/10/2024
DI1F29;02/01/2029;60804.91;14/10/2024
DI1J29;02/04/2029;59093.06;14/10/2024
DI1N29;02/07/2029;57391.04;14/10/2024
DI1V29;01/10/2029;55692.83;14/10/2024
DI1F30;02/01/2030;54069.89;14/10/2024
DI1F31;02/01/2031;48120.75;14/10/2024
DI1F32;02/01/2032;42842.57;14/10/2024
DI1F33;03/01/2033;38173.99;14/10/2024
DI1F34;02/01/2034;34123.11;14/10/2024
DI1F35;02/01/2035;30457.99;14/10/2024
DI1F36;02/01/2036;27183.45;14/10/2024
DI1F37;02/01/2037;24172.27;14/10/2024
DI1F38;04/01/2038;21534.58;14/10/2024
DI1F39;03/01/2039;19166.91;14/10/2024
DI1X24;01/11/2024;99479.06;15/10/2024
DI1Z24;02/12/2024;98694.38;15/10/2024
DI1F25;02/01/2025;97801.81;15/10/2024
DI1G25;03/02/2025;96853.07;15/10/2024
DI1H25;05/03/2025;95962.23;15/10/2024
DI1J25;01/04/2025;95109.68;15/10/2024
DI1K25;02/05/2025;94200.98;15/10/2024
DI1M25;02/06/2025;93252.96;15/10/2024
DI1N25;01/07/2025;92342.37;15/10/2024
DI1Q25;01/08/2025;91309.55;15/10/2024
DI1U25;01/09/2025;90376.66;15/10/2024
DI1V25;01/10/2025;89394.95;15/10/2024
DI1F26;02/01/2026;86615.21;15/10/2024
DI1J26;01/04/2026;84050.81;15/10/2024
DI1N26;01/07/2026;81594.1;15/10/2024
DI1V26;01/10/2026;79096.71;15/10/2024
DI1F27;04/01/2027;76835.48;15/10/2024
DI1J27;01/04/2027;74665.65;15/10/2024
DI1N27;01/07/2027;72450.3;15/10/2024
DI1V27;01/10/2027;70235.56;15/10/2024
DI1F28;03/01/2028;68186.93;15/10/2024
DI1J28;03/04/2028;66169.82;15/10/2024
DI1N28;03/07/2028;64268.73;15/10/2024
DI1V28;02/10/2028;62338.65;15/10/2024
DI1F29;02/01/2029;60621.92;15/10/2024
DI1J29;02/04/2029;58898.69;15/10/2024
DI1N29;02/07/2029;57168.71;15/10/2024
DI1V29;01/10/2029;55463.94;15/10/2024
DI1F30;02/01/2030;53850.4;15/10/2024
DI1F31;02/01/2031;47883.16;15/10/2024
DI1F32;02/01/2032;42596.14;15/10/2024
DI1F33;03/01/2033;37918.5;15/10/2024
DI1F34;02/01/2034;33864.82;15/10/2024
DI1F35;02/01/2035;30198.48;15/10/2024
DI1F36;02/01/2036;26928.11;15/10/2024
DI1F37;02/01/2037;23923.84;15/10/2024
DI1F38;04/01/2038;21294.54;15/10/2024
DI1F39;03/01/2039;18936.49;15/10/2024
DI1X24;01/11/2024;99519.12;16/10/2024
DI1Z24;02/12/2024;98734.26;16/10/2024
DI1F25;02/01/2025;97839.75;16/10/2024
DI1G25;03/02/2025;96889.26;16/10/2024
DI1H25;05/03/2025;95998.41;16/10/2024
DI1J25;01/04/2025;95143.5;16/10/2024
DI1K25;02/05/2025;94236.32;16/10/2024
DI1M25;02/06/2025;93285.33;16/10/2024
DI1N25;01/07/2025;92370.77;16/10/2024
DI1Q25;01/08/2025;91333.68;16/10/2024
DI1U25;01/09/2025;90397.55;16/10/2024
DI1V25;01/10/2025;89412.31;16/10/2024
DI1F26;02/01/2026;86625.4;16/10/2024
DI1J26;01/04/2026;84038.88;16/10/2024
DI1N26;01/07/2026;81562.04;16/10/2024
DI1V26;01/10/2026;79040.15;16/10/2024
DI1F27;04/01/2027;76759.93;16/10/2024
DI1J27;01/04/2027;74578.83;16/10/2024
DI1N27;01/07/2027;72345.29;16/10/2024
DI1V27;01/10/2027;70102.51;16/10/2024
DI1F28;03/01/2028;68047.83;16/10/2024
DI1J28;03/04/2028;66003.69;16/10/2024
DI1N28;03/07/2028;64079.28;16/10/2024
DI1V28;02/10/2028;62135.86;16/10/2024
DI1F29;02/01/2029;60408.76;16/10/2024
DI1J29;02/04/2029;58673.37;16/10/2024
DI1N29;02/07/2029;56943.18;16/10/2024
DI1V29;01/10/2029;55217.36;16/10/2024
DI1F30;02/01/2030;53598.05;16/10/2024
DI1F31;02/01/2031;47605.65;16/10/2024
DI1F32;02/01/2032;42279.08;16/10/2024
DI1F33;03/01/2033;37586.21;16/10/2024
DI1F34;02/01/2034;33529.82;16/10/2024
DI1F35;02/01/2035;29874.31;16/10/2024
DI1F36;02/01/2036;26609.75;16/10/2024
DI1F37;02/01/2037;23614.66;16/10/2024
DI1F38;04/01/2038;20996.29;16/10/2024
DI1F39;03/01/2039;18650.63;16/10/2024
DI1X24;01/11/2024;99559.14;17/10/2024
DI1Z24;02/12/2024;98773.57;17/10/2024
DI1F25;02/01/2025;97877.64;17/10/2024
DI1G25;03/02/2025;96923.59;17/10/2024
DI1H25;05/03/2025;96030.6;17/10/2024
DI1J25;01/04/2025;95175.21;17/10/2024
DI1K25;02/05/2025;94265.16;17/10/2024
DI1M25;02/06/2025;93312.27;17/10/2024
DI1N25;01/07/2025;92394.25;17/10/2024
DI1Q25;01/08/2025;91353.57;17/10/2024
DI1U25;01/09/2025;90411.71;17/10/2024
DI1V25;01/10/2025;89421.59;17/10/2024
DI1F26;02/01/2026;86620.09;17/10/2024
DI1J26;01/04/2026;84032.63;17/10/2024
DI1N26;01/07/2026;81554.74;17/10/2024
DI1V26;01/10/2026;79027.63;17/10/2024
DI1F27;04/01/2027;76737.03;17/10/2024
DI1J27;01/04/2027;74542.29;17/10/2024
DI1N27;01/07/2027;72288.95;17/10/2024
DI1V27;01/10/2027;70034.01;17/10/2024
DI1F28;03/01/2028;67953.67;17/10/2024
DI1J28;03/04/2028;65902.76;17/10/2024
DI1N28;03/07/2028;63957.68;17/10/2024
DI1V28;02/10/2028;62005.62;17/10/2024
DI1F29;02/01/2029;60272.68;17/10/2024
DI1J29;02/04/2029;58531.9;17/10/2024
DI1N29;02/07/2029;56787.17;17/10/2024
DI1V29;01/10/2029;55051.63;17/10/2024
DI1F30;02/01/2030;53435.37;17/10/2024
DI1F31;02/01/2031;47413.14;17/10/2024
DI1F32;02/01/2032;42061.04;17/10/2024
DI1F33;03/01/2033;37351.95;17/10/2024
DI1F34;02/01/2034;33282.46;17/10/2024
DI1F35;02/01/2035;29612.76;17/10/2024
DI1F36;02/01/2036;26352.91;17/10/2024
DI1F37;02/01/2037;23365.28;17/10/2024
DI1F38;04/01/2038;20755.81;17/10/2024
DI1F39;03/01/2039;18420.23;17/10/2024
DI1X24;01/11/2024;99599.07;18/10/2024
DI1Z24;02/12/2024;98813.18;18/10/2024
DI1F25;02/01/2025;97917.95;18/10/2024
DI1G25;03/02/2025;96965.08;18/10/2024
DI1H25;05/03/2025;96071.49;18/10/2024
DI1J25;01/04/2025;95214.61;18/10/2024
DI1K25;02/05/2025;94301.65;18/10/2024
DI1M25;02/06/2025;93345.96;18/10/2024
DI1N25;01/07/2025;92428.64;18/10/2024
DI1Q25;01/08/2025;91382.51;18/10/2024
DI1U25;01/09/2025;90435.79;18/10/2024
DI1V25;01/10/2025;89444.66;18/10/2024
DI1F26;02/01/2026;86634.45;18/10/2024
DI1J26;01/04/2026;84025.59;18/10/2024
DI1N26;01/07/2026;81527.01;18/10/2024
DI1V26;01/10/2026;78974.6;18/10/2024
DI1F27;04/01/2027;76666.86;18/10/2024
DI1J27;01/04/2027;74464.45;18/10/2024
DI1N27;01/07/2027;72198.76;18/10/2024
DI1V27;01/10/2027;69936.85;18/10/2024
DI1F28;03/01/2028;67860.03;18/10/2024
DI1J28;03/04/2028;65788.38;18/10/2024
DI1N28;03/07/2028;63847.13;18/10/2024
DI1V28;02/10/2028;61893.3;18/10/2024
DI1F29;02/01/2029;60170.6;18/10/2024
DI1J29;02/04/2029;58416.26;18/10/2024
DI1N29;02/07/2029;56669.4;18/10/2024
DI1V29;01/10/2029;54939.37;18/10/2024
DI1F30;02/01/2030;53329.54;18/10/2024
DI1F31;02/01/2031;47309.41;18/10/2024
DI1F32;02/01/2032;41958.72;18/10/2024
DI1F33;03/01/2033;37253.91;18/10/2024
DI1F34;02/01/2034;33174.3;18/10/2024
DI1F35;02/01/2035;29531.17;18/10/2024
DI1F36;02/01/2036;26271.98;18/10/2024
DI1F37;02/01/2037;23286.06;18/10/2024
DI1F38;04/01/2038;20678.91;18/10/2024
DI1F39;03/01/2039;18346.15;18/10/2024
DI1X24;01/11/2024;99639.15;21/10/2024
DI1Z24;02/12/2024;98852.88;21/10/2024
DI1F25;02/01/2025;97957.28;21/10/2024
DI1G25;03/02/2025;97005.37;21/10/2024
DI1H25;05/03/2025;96114.59;21/10/2024
DI1J25;01/04/2025;95262.64;21/10/2024
DI1K25;02/05/2025;94359.11;21/10/2024
DI1M25;02/06/2025;93405.23;21/10/2024
DI1N25;01/07/2025;92491.65;21/10/2024
DI1Q25;01/08/2025;91451.7;21/10/2024
DI1U25;01/09/2025;90509.48;21/10/2024
DI1V25;01/10/2025;89518.76;21/10/2024
DI1F26;02/01/2026;86714.21;21/10/2024
DI1J26;01/04/2026;84114.07;21/10/2024
DI1N26;01/07/2026;81634.24;21/10/2024
DI1V26;01/10/2026;79100.87;21/10/2024
DI1F27;04/01/2027;76812.17;21/10/2024
DI1J27;01/04/2027;74623.5;21/10/2024
DI1N27;01/07/2027;72365.33;21/10/2024
DI1V27;01/10/2027;70112.38;21/10/2024
DI1F28;03/01/2028;68032.5;21/10/2024
DI1J28;03/04/2028;65978.28;21/10/2024
DI1N28;03/07/2028;64027.71;21/10/2024
DI1V28;02/10/2028;62080.56;21/10/2024
DI1F29;02/01/2029;60355.25;21/10/2024
DI1J29;02/04/2029;58613.47;21/10/2024
DI1N29;02/07/2029;56865.33;21/10/2024
DI1V29;01/10/2029;55143.04;21/10/2024
DI1F30;02/01/2030;53513.76;21/10/2024
DI1F31;02/01/2031;47484.62;21/10/2024
DI1F32;02/01/2032;42186.9;21/10/2024
DI1F33;03/01/2033;37468.88;21/10/2024
DI1F34;02/01/2034;33384.56;21/10/2024
DI1F35;02/01/2035;29718.33;21/10/2024
DI1F36;02/01/2036;26453.56;21/10/2024
DI1F37;02/01/2037;23460.58;21/10/2024
DI1F38;04/01/2038;20845.76;21/10/2024
DI1F39;03/01/2039;18504.8;21/10/2024
DI1X24;01/11/2024;99679.13;22/10/2024
DI1Z24;02/12/2024;98892.86;22/10/2024
DI1F25;02/01/2025;97996.7;22/10/2024
DI1G25;03/02/2025;97043.29;22/10/2024
DI1H25;05/03/2025;96150.61;22/10/2024
DI1J25;01/04/2025;95297.3;22/10/2024
DI1K25;02/05/2025;94391.77;22/10/2024
DI1M25;02/06/2025;93439.5;22/10/2024
DI1N25;01/07/2025;92524.98;22/10/2024
DI1Q25;01/08/2025;91481.98;22/10/2024
DI1U25;01/09/2025;90535.73;22/10/2024
DI1V25;01/10/2025;89544.19;22/10/2024
DI1F26;02/01/2026;86723.21;22/10/2024
DI1J26;01/04/2026;84121.15;22/10/2024
DI1N26;01/07/2026;81635.86;22/10/2024
DI1V26;01/10/2026;79100.96;22/10/2024
DI1F27;04/01/2027;76807.5;22/10/2024
DI1J27;01/04/2027;74617.77;22/10/2024
DI1N27;01/07/2027;72362.51;22/10/2024
DI1V27;01/10/2027;70122.5;22/10/2024
DI1F28;03/01/2028;68044.17;22/10/2024
DI1J28;03/04/2028;66002.04;22/10/2024
DI1N28;03/07/2028;64068.98;22/10/2024
DI1V28;02/10/2028;62123.44;22/10/2024
DI1F29;02/01/2029;60402.11;22/10/2024
DI1J29;02/04/2029;58671.41;22/10/2024
DI1N29;02/07/2029;56918.49;22/10/2024
DI1V29;01/10/2029;55212.75;22/10/2024
DI1F30;02/01/2030;53583.5;22/10/2024
DI1F31;02/01/2031;47574.77;22/10/2024
DI1F32;02/01/2032;42249.91;22/10/2024
DI1F33;03/01/2033;37549.12;22/10/2024
DI1F34;02/01/2034;33481.82;22/10/2024
DI1F35;02/01/2035;29826.11;22/10/2024
DI1F36;02/01/2036;26557.64;22/10/2024
DI1F37;02/01/2037;23560.23;22/10/2024
DI1F38;04/01/2038;20940.73;22/10/2024
DI1F39;03/01/2039;18594.86;22/10/2024
DI1X24;01/11/2024;99719.18;23/10/2024
DI1Z24;02/12/2024;98932.45;23/10/2024
DI1F25;02/01/2025;98034.9;23/10/2024
DI1G25;03/02/2025;97080.13;23/10/2024
DI1H25;05/03/2025;96185.86;23/10/2024
DI1J25;01/04/2025;95328.83;23/10/2024
DI1K25;02/05/2025;94419.01;23/10/2024
DI1M25;02/06/2025;93463.04;23/10/2024
DI1N25;01/07/2025;92545.7;23/10/2024
DI1Q25;01/08/2025;91498.74;23/10/2024
DI1U25;01/09/2025;90549.9;23/10/2024
DI1V25;01/10/2025;89551.96;23/10/2024
DI1F26;02/01/2026;86722.4;23/10/2024
DI1J26;01/04/2026;84100.75;23/10/2024
DI1N26;01/07/2026;81597.81;23/10/2024
DI1V26;01/10/2026;79043.15;23/10/2024
DI1F27;04/01/2027;76727.6;23/10/2024
DI1J27;01/04/2027;74513.42;23/10/2024
DI1N27;01/07/2027;72257.52;23/10/2024
DI1V27;01/10/2027;70007.67;23/10/2024
DI1F28;03/01/2028;67924.19;23/10/2024
DI1J28;03/04/2028;65880.0;23/10/2024
DI1N28;03/07/2028;63942.08;23/10/2024
DI1V28;02/10/2028;61970.46;23/10/2024
DI1F29;02/01/2029;60240.27;23/10/2024
DI1J29;02/04/2029;58505.67;23/10/2024
DI1N29;02/07/2029;56751.7;23/10/2024
DI1V29;01/10/2029;55035.88;23/10/2024
DI1F30;02/01/2030;53397.31;23/10/2024
DI1F31;02/01/2031;47408.88;23/10/2024
DI1F32;02/01/2032;42085.92;23/10/2024
DI1F33;03/01/2033;37385.8;23/10/2024
DI1F34;02/01/2034;33324.4;23/10/2024
DI1F35;02/01/2035;29637.29;23/10/2024
DI1F36;02/01/2036;26371.89;23/10/2024
DI1F37;02/01/2037;23379.61;23/10/2024
DI1F38;04/01/2038;20766.35;23/10/2024
DI1F39;03/01/2039;18427.63;23/10/2024
DI1X24;01/11/2024;99759.29;24/10/2024
DI1Z24;02/12/2024;98973.12;24/10/2024
DI1F25;02/01/2025;98076.95;24/10/2024
DI1G25;03/02/2025;97125.36;24/10/2024
DI1H25;05/03/2025;96236.63;24/10/2024
DI1J25;01/04/2025;95389.18;24/10/2024
DI1K25;02/05/2025;94493.71;24/10/2024
DI1M25;02/06/2025;93546.14;24/10/2024
DI1N25;01/07/2025;92640.96;24/10/2024
DI1Q25;01/08/2025;91606.6;24/10/2024
DI1U25;01/09/2025;90670.11;24/10/2024
DI1V25;01/10/2025;89690.21;24/10/2024
DI1F26;02/01/2026;86904.98;24/10/2024
DI1J26;01/04/2026;84340.18;24/10/2024
DI1N26;01/07/2026;81884.8;24/10/2024
DI1V26;01/10/2026;79380.01;24/10/2024
DI1F27;04/01/2027;77103.6;24/10/2024
DI1J27;01/04/2027;74937.17;24/10/2024
DI1N27;01/07/2027;72712.7;24/10/2024
DI1V27;01/10/2027;70486.47;24/10/2024
DI1F28;03/01/2028;68400.9;24/10/2024
DI1J28;03/04/2028;66430.8;24/10/2024
DI1N28;03/07/2028;64468.53;24/10/2024
DI1V28;02/10/2028;62568.39;24/10/2024
DI1F29;02/01/2029;60794.85;24/10/2024
DI1J29;02/04/2029;59051.19;24/10/2024
DI1N29;02/07/2029;57319.0;24/10/2024
DI1V29;01/10/2029;55597.91;24/10/2024
DI1F30;02/01/2030;54012.66;24/10/2024
DI1F31;02/01/2031;47989.94;24/10/2024
DI1F32;02/01/2032;42699.38;24/10/2024
DI1F33;03/01/2033;38024.54;24/10/2024
DI1F34;02/01/2034;33943.1;24/10/2024
DI1F35;02/01/2035;30273.12;24/10/2024
DI1F36;02/01/2036;26992.39;24/10/2024
DI1F37;02/01/2037;23979.03;24/10/2024
DI1F38;04/01/2038;21341.98;24/10/2024
DI1F39;03/01/2039;18977.16;24/10/2024
DI1X24;01/11/2024;99799.35;25/10/2024
DI1Z24;02/12/2024;99012.89;25/10/2024
DI1F25;02/01/2025;98115.52;25/10/2024
DI1G25;03/02/2025;97160.54;25/10/2024
DI1H25;05/03/2025;96267.57;25/10/2024
DI1J25;01/04/2025;95414.39;25/10/2024
DI1K25;02/05/2025;94504.62;25/10/2024
DI1M25;02/06/2025;93556.17;25/10/2024
DI1N25;01/07/2025;92643.17;25/10/2024
DI1Q25;01/08/2025;91604.36;25/10/2024
DI1U25;01/09/2025;90661.34;25/10/2024
DI1V25;01/10/2025;89672.2;25/10/2024
DI1F26;02/01/2026;86871.36;25/10/2024
DI1J26;01/04/2026;84283.5;25/10/2024
DI1N26;01/07/2026;81815.15;25/10/2024
DI1V26;01/10/2026;79297.55;25/10/2024
DI1F27;04/01/2027;77002.55;25/10/2024
DI1J27;01/04/2027;74806.72;25/10/2024
DI1N27;01/07/2027;72571.13;25/10/2024
DI1V27;01/10/2027;70341.77;25/10/2024
DI1F28;03/01/2028;68280.11;25/10/2024
DI1J28;03/04/2028;66235.48;25/10/2024
DI1N28;03/07/2028;64305.17;25/10/2024
DI1V28;02/10/2028;62353.49;25/10/2024
DI1F29;02/01/2029;60645.13;25/10/2024
DI1J29;02/04/2029;58923.16;25/10/2024
DI1N29;02/07/2029;57195.49;25/10/2024
DI1V29;01/10/2029;55496.59;25/10/2024
DI1F30;02/01/2030;53866.39;25/10/2024
DI1F31;02/01/2031;47887.46;25/10/2024
DI1F32;02/01/2032;42568.38;25/10/2024
DI1F33;03/01/2033;37883.45;25/10/2024
DI1F34;02/01/2034;33799.66;25/10/2024
DI1F35;02/01/2035;30135.28;25/10/2024
DI1F36;02/01/2036;26856.24;25/10/2024
DI1F37;02/01/2037;23846.16;25/10/2024
DI1F38;04/01/2038;21213.29;25/10/2024
DI1F39;03/01/2039;18853.38;25/10/2024
DI1X24;01/11/2024;99839.45;28/10/2024
DI1Z24;02/12/2024;99052.27;28/10/2024
DI1F25;02/01/2025;98155.78;28/10/2024
DI1G25;03/02/2025;97200.95;28/10/2024
DI1H25;05/03/2025;96307.61;28/10/2024
DI1J25;01/04/2025;95453.45;28/10/2024
DI1K25;02/05/2025;94544.51;28/10/2024
DI1M25;02/06/2025;93592.77;28/10/2024
DI1N25;01/07/2025;92680.67;28/10/2024
DI1Q25;01/08/2025;91639.92;28/10/2024
DI1U25;01/09/2025;90696.08;28/10/2024
DI1V25;01/10/2025;89704.62;28/10/2024
DI1F26;02/01/2026;86896.23;28/10/2024
DI1J26;01/04/2026;84310.0;28/10/2024
DI1N26;01/07/2026;81839.91;28/10/2024
DI1V26;01/10/2026;79319.39;28/10/2024
DI1F27;04/01/2027;77020.22;28/10/2024
DI1J27;01/04/2027;74812.31;28/10/2024
DI1N27;01/07/2027;72576.93;28/10/2024
DI1V27;01/10/2027;70328.35;28/10/2024
DI1F28;03/01/2028;68263.11;28/10/2024
DI1J28;03/04/2028;66201.19;28/10/2024
DI1N28;03/07/2028;64283.99;28/10/2024
DI1V28;02/10/2028;62333.77;28/10/2024
DI1F29;02/01/2029;60605.14;28/10/2024
DI1J29;02/04/2029;58884.93;28/10/2024
DI1N29;02/07/2029;57157.04;28/10/2024
DI1V29;01/10/2029;55441.34;28/10/2024
DI1F30;02/01/2030;53796.65;28/10/2024
DI1F31;02/01/2031;47777.63;28/10/2024
DI1F32;02/01/2032;42494.42;28/10/2024
DI1F33;03/01/2033;37773.09;28/10/2024
DI1F34;02/01/2034;33717.1;28/10/2024
DI1F35;02/01/2035;30006.34;28/10/2024
DI1F36;02/01/2036;26728.85;28/10/2024
DI1F37;02/01/2037;23721.84;28/10/2024
DI1F38;04/01/2038;21092.88;28/10/2024
DI1F39;03/01/2039;18737.58;28/10/2024
DI1X24;01/11/2024;99879.55;29/10/2024
DI1Z24;02/12/2024;99092.67;29/10/2024
DI1F25;02/01/2025;98196.11;29/10/2024
DI1G25;03/02/2025;97241.42;29/10/2024
DI1H25;05/03/2025;96343.93;29/10/2024
DI1J25;01/04/2025;95486.6;29/10/2024
DI1K25;02/05/2025;94574.48;29/10/2024
DI1M25;02/06/2025;93617.93;29/10/2024
DI1N25;01/07/2025;92700.95;29/10/2024
DI1Q25;01/08/2025;91654.87;29/10/2024
DI1U25;01/09/2025;90708.15;29/10/2024
DI1V25;01/10/2025;89711.56;29/10/2024
DI1F26;02/01/2026;86893.25;29/10/2024
DI1J26;01/04/2026;84290.14;29/10/2024
DI1N26;01/07/2026;81797.57;29/10/2024
DI1V26;01/10/2026;79253.98;29/10/2024
DI1F27;04/01/2027;76936.38;29/10/2024
DI1J27;01/04/2027;74718.0;29/10/2024
DI1N27;01/07/2027;72453.62;29/10/2024
DI1V27;01/10/2027;70199.4;29/10/2024
DI1F28;03/01/2028;68116.69;29/10/2024
DI1J28;03/04/2028;66061.44;29/10/2024
DI1N28;03/07/2028;64109.56;29/10/2024
DI1V28;02/10/2028;62146.51;29/10/2024
DI1F29;02/01/2029;60412.34;29/10/2024
DI1J29;02/04/2029;58680.42;29/10/2024
DI1N29;02/07/2029;56924.61;29/10/2024
DI1V29;01/10/2029;55218.8;29/10/2024
DI1F30;02/01/2030;53568.84;29/10/2024
DI1F31;02/01/2031;47572.63;29/10/2024
DI1F32;02/01/2032;42222.89;29/10/2024
DI1F33;03/01/2033;37500.76;29/10/2024
DI1F34;02/01/2034;33444.83;29/10/2024
DI1F35;02/01/2035;29760.48;29/10/2024
DI1F36;02/01/2036;26487.24;29/10/2024
DI1F37;02/01/2037;23487.1;29/10/2024
DI1F38;04/01/2038;20866.4;29/10/2024
DI1F39;03/01/2039;18520.51;29/10/2024
DI1X24;01/11/2024;99919.68;30/10/2024
DI1Z24;02/12/2024;99132.47;30/10/2024
DI1F25;02/01/2025;98236.36;30/10/2024
DI1G25;03/02/2025;97282.84;30/10/2024
DI1H25;05/03/2025;96386.16;30/10/2024
DI1J25;01/04/2025;95530.76;30/10/2024
DI1K25;02/05/2025;94620.75;30/10/2024
DI1M25;02/06/2025;93662.9;30/10/2024
DI1N25;01/07/2025;92745.69;30/10/2024
DI1Q25;01/08/2025;91700.39;30/10/2024
DI1U25;01/09/2025;90748.49;30/10/2024
DI1V25;01/10/2025;89750.82;30/10/2024
DI1F26;02/01/2026;86930.14;30/10/2024
DI1J26;01/04/2026;84326.4;30/10/2024
DI1N26;01/07/2026;81840.59;30/10/2024
DI1V26;01/10/2026;79304.29;30/10/2024
DI1F27;04/01/2027;76989.63;30/10/2024
DI1J27;01/04/2027;74777.83;30/10/2024
DI1N27;01/07/2027;72522.56;30/10/2024
DI1V27;01/10/2027;70274.84;30/10/2024
DI1F28;03/01/2028;68204.76;30/10/2024
DI1J28;03/04/2028;66155.1;30/10/2024
DI1N28;03/07/2028;64213.03;30/10/2024
DI1V28;02/10/2028;62253.86;30/10/2024
DI1F29;02/01/2029;60523.48;30/10/2024
DI1J29;02/04/2029;58786.18;30/10/2024
DI1N29;02/07/2029;57040.85;30/10/2024
DI1V29;01/10/2029;55321.92;30/10/2024
DI1F30;02/01/2030;53699.38;30/10/2024
DI1F31;02/01/2031;47711.86;30/10/2024
DI1F32;02/01/2032;42398.12;30/10/2024
DI1F33;03/01/2033;37697.48;30/10/2024
DI1F34;02/01/2034;33634.46;30/10/2024
DI1F35;02/01/2035;29972.81;30/10/2024
DI1F36;02/01/2036;26693.55;30/10/2024
DI1F37;02/01/2037;23685.65;30/10/2024
DI1F38;04/01/2038;21056.46;30/10/2024
DI1F39;03/01/2039;18701.43;30/10/2024
DI1X24;01/11/2024;99959.85;31/10/2024
DI1Z24;02/12/2024;99172.19;31/10/2024
DI1F25;02/01/2025;98275.98;31/10/2024
DI1G25;03/02/2025;97321.88;31/10/2024
DI1H25;05/03/2025;96425.85;31/10/2024
DI1J25;01/04/2025;95567.99;31/10/2024
DI1K25;02/05/2025;94655.11;31/10/2024
DI1M25;02/06/2025;93699.33;31/10/2024
DI1N25;01/07/2025;92779.2;31/10/2024
DI1Q25;01/08/2025;91728.43;31/10/2024
DI1U25;01/09/2025;90775.61;31/10/2024
DI1V25;01/10/2025;89773.46;31/10/2024
DI1F26;02/01/2026;86935.71;31/10/2024
DI1J26;01/04/2026;84319.68;31/10/2024
DI1N26;01/07/2026;81820.34;31/10/2024
DI1V26;01/10/2026;79263.62;31/10/2024
DI1F27;04/01/2027;76943.14;31/10/2024
DI1J27;01/04/2027;74714.26;31/10/2024
DI1N27;01/07/2027;72454.23;31/10/2024
DI1V27;01/10/2027;70191.67;31/10/2024
DI1F28;03/01/2028;68102.79;31/10/2024
DI1J28;03/04/2028;66055.76;31/10/2024
DI1N28;03/07/2028;64105.52;31/10/2024
DI1V28;02/10/2028;62148.84;31/10/2024
DI1F29;02/01/2029;60417.7;31/10/2024
DI1J29;02/04/2029;58678.02;31/10/2024
DI1N29;02/07/2029;56925.99;31/10/2024
DI1V29;01/10/2029;55207.7;31/10/2024
DI1F30;02/01/2030;53584.19;31/10/2024
DI1F31;02/01/2031;47564.27;31/10/2024
DI1F32;02/01/2032;42263.45;31/10/2024
DI1F33;03/01/2033;37571.83;31/10/2024
DI1F34;02/01/2034;33547.16;31/10/2024
DI1F35;02/01/2035;29868.99;31/10/2024
DI1F36;02/01/2036;26590.78;31/10/2024
DI1F37;02/01/2037;23585.22;31/10/2024
DI1F38;04/01/2038;20959.08;31/10/2024
DI1F39;03/01/2039;18607.7;31/10/2024
DI1X24;01/11/2024;100000.0;01/11/2024
DI1Z24;02/12/2024;99211.33;01/11/2024
DI1F25;02/01/2025;98311.08;01/11/2024
DI1G25;03/02/2025;97348.79;01/11/2024
DI1H25;05/03/2025;96439.21;01/11/2024
DI1J25;01/04/2025;95559.13;01/11/2024
DI1K25;02/05/2025;94628.81;01/11/2024
DI1M25;02/06/2025;93642.75;01/11/2024
DI1N25;01/07/2025;92702.49;01/11/2024
DI1Q25;01/08/2025;91622.67;01/11/2024
DI1U25;01/09/2025;90644.22;01/11/2024
DI1V25;01/10/2025;89617.77;01/11/2024
DI1X25;03/11/2025;88566.61;01/11/2024
DI1F26;02/01/2026;86723.3;01/11/2024
DI1J26;01/04/2026;84062.93;01/11/2024
DI1N26;01/07/2026;81513.44;01/11/2024
DI1V26;01/10/2026;78903.27;01/11/2024
DI1F27;04/01/2027;76525.87;01/11/2024
DI1J27;01/04/2027;74260.42;01/11/2024
DI1N27;01/07/2027;71952.83;01/11/2024
DI1V27;01/10/2027;69664.21;01/11/2024
DI1F28;03/01/2028;67549.69;01/11/2024
DI1J28;03/04/2028;65472.31;01/11/2024
DI1N28;03/07/2028;63503.11;01/11/2024
DI1V28;02/10/2028;61515.8;01/11/2024
DI1F29;02/01/2029;59758.5;01/11/2024
DI1J29;02/04/2029;58003.23;01/11/2024
DI1N29;02/07/2029;56237.11;01/11/2024
DI1V29;01/10/2029;54501.61;01/11/2024
DI1F30;02/01/2030;52863.85;01/11/2024
DI1F31;02/01/2031;46803.58;01/11/2024
DI1F32;02/01/2032;41458.68;01/11/2024
DI1F33;03/01/2033;36761.98;01/11/2024
DI1F34;02/01/2034;32717.94;01/11/2024
DI1F35;02/01/2035;29107.53;01/11/2024
DI1F36;02/01/2036;25846.13;01/11/2024
DI1F37;02/01/2037;22864.84;01/11/2024
DI1F38;04/01/2038;20266.67;01/11/2024
DI1F39;03/01/2039;17946.34;01/11/2024
DI1Z24;02/12/2024;99251.98;04/11/2024
DI1F25;02/01/2025;98353.64;04/11/2024
DI1G25;03/02/2025;97397.96;04/11/2024
DI1H25;05/03/2025;96494.07;04/11/2024
DI1J25;01/04/2025;95624.14;04/11/2024
DI1K25;02/05/2025;94702.55;04/11/2024
DI1M25;02/06/2025;93735.56;04/11/2024
DI1N25;01/07/2025;92810.7;04/11/2024
DI1Q25;01/08/2025;91750.46;04/11/2024
DI1U25;01/09/2025;90792.26;04/11/2024
DI1V25;01/10/2025;89784.11;04/11/2024
DI1X25;03/11/2025;88762.25;04/11/2024
DI1F26;02/01/2026;86941.39;04/11/2024
DI1J26;01/04/2026;84321.67;04/11/2024
DI1N26;01/07/2026;81815.2;04/11/2024
DI1V26;01/10/2026;79252.57;04/11/2024
DI1F27;04/01/2027;76912.51;04/11/2024
DI1J27;01/04/2027;74682.73;04/11/2024
DI1N27;01/07/2027;72414.82;04/11/2024
DI1V27;01/10/2027;70118.05;04/11/2024
DI1F28;03/01/2028;68051.52;04/11/2024
DI1J28;03/04/2028;65989.06;04/11/2024
DI1N28;03/07/2028;64035.92;04/11/2024
DI1V28;02/10/2028;62063.91;04/11/2024
DI1F29;02/01/2029;60324.17;04/11/2024
DI1J29;02/04/2029;58578.48;04/11/2024
DI1N29;02/07/2029;56823.04;04/11/2024
DI1V29;01/10/2029;55099.4;04/11/2024
DI1F30;02/01/2030;53488.25;04/11/2024
DI1F31;02/01/2031;47448.12;04/11/2024
DI1F32;02/01/2032;42125.89;04/11/2024
DI1F33;03/01/2033;37408.3;04/11/2024
DI1F34;02/01/2034;33370.92;04/11/2024
DI1F35;02/01/2035;29739.89;04/11/2024
DI1F36;02/01/2036;26462.1;04/11/2024
DI1F37;02/01/2037;23458.75;04/11/2024
DI1F38;04/01/2038;20835.92;04/11/2024
DI1F39;03/01/2039;18488.71;04/11/2024
DI1Z24;02/12/2024;99291.76;05/11/2024
DI1F25;02/01/2025;98392.98;05/11/2024
DI1G25;03/02/2025;97436.95;05/11/2024
DI1H25;05/03/2025;96530.28;05/11/2024
DI1J25;01/04/2025;95663.24;05/11/2024
DI1K25;02/05/2025;94745.91;05/11/2024
DI1M25;02/06/2025;93785.54;05/11/2024
DI1N25;01/07/2025;92862.12;05/11/2024
DI1Q25;01/08/2025;91807.03;05/11/2024
DI1U25;01/09/2025;90853.99;05/11/2024
DI1V25;01/10/2025;89849.62;05/11/2024
DI1X25;03/11/2025;88826.38;05/11/2024
DI1F26;02/01/2026;87017.8;05/11/2024
DI1J26;01/04/2026;84406.23;05/11/2024
DI1N26;01/07/2026;81910.65;05/11/2024
DI1V26;01/10/2026;79362.87;05/11/2024
DI1F27;04/01/2027;77035.89;05/11/2024
DI1J27;01/04/2027;74815.0;05/11/2024
DI1N27;01/07/2027;72539.38;05/11/2024
DI1V27;01/10/2027;70275.89;05/11/2024
DI1F28;03/01/2028;68196.16;05/11/2024
DI1J28;03/04/2028;66133.99;05/11/2024
DI1N28;03/07/2028;64174.11;05/11/2024
DI1V28;02/10/2028;62215.8;05/11/2024
DI1F29;02/01/2029;60461.4;05/11/2024
DI1J29;02/04/2029;58724.69;05/11/2024
DI1N29;02/07/2029;56971.42;05/11/2024
DI1V29;01/10/2029;55252.11;05/11/2024
DI1F30;02/01/2030;53630.47;05/11/2024
DI1F31;02/01/2031;47609.9;05/11/2024
DI1F32;02/01/2032;42287.06;05/11/2024
DI1F33;03/01/2033;37590.66;05/11/2024
DI1F34;02/01/2034;33546.26;05/11/2024
DI1F35;02/01/2035;29898.18;05/11/2024
DI1F36;02/01/2036;26615.55;05/11/2024
DI1F37;02/01/2037;23606.13;05/11/2024
DI1F38;04/01/2038;20976.74;05/11/2024
DI1F39;03/01/2039;18622.56;05/11/2024
DI1Z24;02/12/2024;99332.03;06/11/2024
DI1F25;02/01/2025;98433.38;06/11/2024
DI1G25;03/02/2025;97475.44;06/11/2024
DI1H25;05/03/2025;96567.22;06/11/2024
DI1J25;01/04/2025;95693.46;06/11/2024
DI1K25;02/05/2025;94767.52;06/11/2024
DI1M25;02/06/2025;93793.97;06/11/2024
DI1N25;01/07/2025;92866.52;06/11/2024
DI1Q25;01/08/2025;91798.66;06/11/2024
DI1U25;01/09/2025;90840.82;06/11/2024
DI1V25;01/10/2025;89828.84;06/11/2024
DI1X25;03/11/2025;88791.92;06/11/2024
DI1F26;02/01/2026;86972.91;06/11/2024
DI1J26;01/04/2026;84346.38;06/11/2024
DI1N26;01/07/2026;81854.59;06/11/2024
DI1V26;01/10/2026;79304.53;06/11/2024
DI1F27;04/01/2027;76985.87;06/11/2024
DI1J27;01/04/2027;74771.13;06/11/2024
DI1N27;01/07/2027;72517.32;06/11/2024
DI1V27;01/10/2027;70272.37;06/11/2024
DI1F28;03/01/2028;68200.86;06/11/2024
DI1J28;03/04/2028;66164.08;06/11/2024
DI1N28;03/07/2028;64221.73;06/11/2024
DI1V28;02/10/2028;62271.63;06/11/2024
DI1F29;02/01/2029;60539.2;06/11/2024
DI1J29;02/04/2029;58812.09;06/11/2024
DI1N29;02/07/2029;57071.12;06/11/2024
DI1V29;01/10/2029;55352.65;06/11/2024
DI1F30;02/01/2030;53731.63;06/11/2024
DI1F31;02/01/2031;47743.72;06/11/2024
DI1F32;02/01/2032;42456.79;06/11/2024
DI1F33;03/01/2033;37752.13;06/11/2024
DI1F34;02/01/2034;33714.3;06/11/2024
DI1F35;02/01/2035;30059.96;06/11/2024
DI1F36;02/01/2036;26772.48;06/11/2024
DI1F37;02/01/2037;23756.96;06/11/2024
DI1F38;04/01/2038;21120.96;06/11/2024
DI1F39;03/01/2039;18759.71;06/11/2024
DI1Z24;02/12/2024;99372.32;07/11/2024
DI1F25;02/01/2025;98471.35;07/11/2024
DI1G25;03/02/2025;97512.06;07/11/2024
DI1H25;05/03/2025;96599.23;07/11/2024
DI1J25;01/04/2025;95726.59;07/11/2024
DI1K25;02/05/2025;94798.14;07/11/2024
DI1M25;02/06/2025;93818.91;07/11/2024
DI1N25;01/07/2025;92880.24;07/11/2024
DI1Q25;01/08/2025;91817.23;07/11/2024
DI1U25;01/09/2025;90845.04;07/11/2024
DI1V25;01/10/2025;89827.06;07/11/2024
DI1X25;03/11/2025;88792.07;07/11/2024
DI1F26;02/01/2026;86955.97;07/11/2024
DI1J26;01/04/2026;84341.95;07/11/2024
DI1N26;01/07/2026;81852.07;07/11/2024
DI1V26;01/10/2026;79322.01;07/11/2024
DI1F27;04/01/2027;77018.95;07/11/2024
DI1J27;01/04/2027;74834.16;07/11/2024
DI1N27;01/07/2027;72586.22;07/11/2024
DI1V27;01/10/2027;70356.66;07/11/2024
DI1F28;03/01/2028;68303.86;07/11/2024
DI1J28;03/04/2028;66285.27;07/11/2024
DI1N28;03/07/2028;64364.14;07/11/2024
DI1V28;02/10/2028;62430.12;07/11/2024
DI1F29;02/01/2029;60718.62;07/11/2024
DI1J29;02/04/2029;59004.08;07/11/2024
DI1N29;02/07/2029;57273.56;07/11/2024
DI1V29;01/10/2029;55567.93;07/11/2024
DI1F30;02/01/2030;53969.24;07/11/2024
DI1F31;02/01/2031;48020.39;07/11/2024
DI1F32;02/01/2032;42748.06;07/11/2024
DI1F33;03/01/2033;38039.77;07/11/2024
DI1F34;02/01/2034;34028.47;07/11/2024
DI1F35;02/01/2035;30404.42;07/11/2024
DI1F36;02/01/2036;27108.31;07/11/2024
DI1F37;02/01/2037;24081.15;07/11/2024
DI1F38;04/01/2038;21432.11;07/11/2024
DI1F39;03/01/2039;19056.64;07/11/2024
DI1Z24;02/12/2024;99414.14;08/11/2024
DI1F25;02/01/2025;98511.78;08/11/2024
DI1G25;03/02/2025;97550.27;08/11/2024
DI1H25;05/03/2025;96635.49;08/11/2024
DI1J25;01/04/2025;95758.95;08/11/2024
DI1K25;02/05/2025;94823.15;08/11/2024
DI1M25;02/06/2025;93841.87;08/11/2024
DI1N25;01/07/2025;92897.44;08/11/2024
DI1Q25;01/08/2025;91821.53;08/11/2024
DI1U25;01/09/2025;90849.02;08/11/2024
DI1V25;01/10/2025;89825.01;08/11/2024
DI1X25;03/11/2025;88781.85;08/11/2024
DI1F26;02/01/2026;86930.72;08/11/2024
DI1J26;01/04/2026;84290.46;08/11/2024
DI1N26;01/07/2026;81778.2;08/11/2024
DI1V26;01/10/2026;79228.86;08/11/2024
DI1F27;04/01/2027;76913.06;08/11/2024
DI1J27;01/04/2027;74690.63;08/11/2024
DI1N27;01/07/2027;72458.72;08/11/2024
DI1V27;01/10/2027;70215.69;08/11/2024
DI1F28;03/01/2028;68174.69;08/11/2024
DI1J28;03/04/2028;66159.11;08/11/2024
DI1N28;03/07/2028;64230.62;08/11/2024
DI1V28;02/10/2028;62293.64;08/11/2024
DI1F29;02/01/2029;60602.24;08/11/2024
DI1J29;02/04/2029;58898.46;08/11/2024
DI1N29;02/07/2029;57154.21;08/11/2024
DI1V29;01/10/2029;55472.84;08/11/2024
DI1F30;02/01/2030;53878.29;08/11/2024
DI1F31;02/01/2031;47942.18;08/11/2024
DI1F32;02/01/2032;42668.89;08/11/2024
DI1F33;03/01/2033;38014.06;08/11/2024
DI1F34;02/01/2034;33992.29;08/11/2024
DI1F35;02/01/2035;30342.53;08/11/2024
DI1F36;02/01/2036;27046.45;08/11/2024
DI1F37;02/01/2037;24020.19;08/11/2024
DI1F38;04/01/2038;21372.61;08/11/2024
DI1F39;03/01/2039;18999.02;08/11/2024
DI1Z24;02/12/2024;99455.92;11/11/2024
DI1F25;02/01/2025;98552.56;11/11/2024
DI1G25;03/02/2025;97589.62;11/11/2024
DI1H25;05/03/2025;96674.02;11/11/2024
DI1J25;01/04/2025;95794.13;11/11/2024
DI1K25;02/05/2025;94856.97;11/11/2024
DI1M25;02/06/2025;93865.14;11/11/2024
DI1N25;01/07/2025;92913.96;11/11/2024
DI1Q25;01/08/2025;91832.65;11/11/2024
DI1U25;01/09/2025;90854.05;11/11/2024
DI1V25;01/10/2025;89825.49;11/11/2024
DI1X25;03/11/2025;88773.61;11/11/2024
DI1F26;02/01/2026;86916.45;11/11/2024
DI1J26;01/04/2026;84247.8;11/11/2024
DI1N26;01/07/2026;81715.55;11/11/2024
DI1V26;01/10/2026;79140.43;11/11/2024
DI1F27;04/01/2027;76800.77;11/11/2024
DI1J27;01/04/2027;74590.14;11/11/2024
DI1N27;01/07/2027;72335.4;11/11/2024
DI1V27;01/10/2027;70112.95;11/11/2024
DI1F28;03/01/2028;68059.43;11/11/2024
DI1J28;03/04/2028;66045.48;11/11/2024
DI1N28;03/07/2028;64134.71;11/11/2024
DI1V28;02/10/2028;62217.42;11/11/2024
DI1F29;02/01/2029;60501.81;11/11/2024
DI1J29;02/04/2029;58795.6;11/11/2024
DI1N29;02/07/2029;57074.9;11/11/2024
DI1V29;01/10/2029;55378.18;11/11/2024
DI1F30;02/01/2030;53782.88;11/11/2024
DI1F31;02/01/2031;47869.42;11/11/2024
DI1F32;02/01/2032;42598.05;11/11/2024
DI1F33;03/01/2033;37942.1;11/11/2024
DI1F34;02/01/2034;33928.82;11/11/2024
DI1F35;02/01/2035;30286.25;11/11/2024
DI1F36;02/01/2036;26990.1;11/11/2024
DI1F37;02/01/2037;23964.59;11/11/2024
DI1F38;04/01/2038;21318.27;11/11/2024
DI1F39;03/01/2039;18946.35;11/11/2024
DI1Z24;02/12/2024;99497.71;12/11/2024
DI1F25;02/01/2025;98594.83;12/11/2024
DI1G25;03/02/2025;97633.68;12/11/2024
DI1H25;05/03/2025;96721.68;12/11/2024
DI1J25;01/04/2025;95848.96;12/11/2024
DI1K25;02/05/2025;94908.18;12/11/2024
DI1M25;02/06/2025;93919.14;12/11/2024
DI1N25;01/07/2025;92968.41;12/11/2024
DI1Q25;01/08/2025;91881.55;12/11/2024
DI1U25;01/09/2025;90897.64;12/11/2024
DI1V25;01/10/2025;89866.12;12/11/2024
DI1X25;03/11/2025;88810.68;12/11/2024
DI1F26;02/01/2026;86939.09;12/11/2024
DI1J26;01/04/2026;84249.59;12/11/2024
DI1N26;01/07/2026;81679.13;12/11/2024
DI1V26;01/10/2026;79071.03;12/11/2024
DI1F27;04/01/2027;76702.25;12/11/2024
DI1J27;01/04/2027;74465.57;12/11/2024
DI1N27;01/07/2027;72189.66;12/11/2024
DI1V27;01/10/2027;69945.34;12/11/2024
DI1F28;03/01/2028;67875.72;12/11/2024
DI1J28;03/04/2028;65844.35;12/11/2024
DI1N28;03/07/2028;63912.87;12/11/2024
DI1V28;02/10/2028;61974.28;12/11/2024
DI1F29;02/01/2029;60257.58;12/11/2024
DI1J29;02/04/2029;58540.22;12/11/2024
DI1N29;02/07/2029;56811.07;12/11/2024
DI1V29;01/10/2029;55111.22;12/11/2024
DI1F30;02/01/2030;53506.97;12/11/2024
DI1F31;02/01/2031;47547.7;12/11/2024
DI1F32;02/01/2032;42295.76;12/11/2024
DI1F33;03/01/2033;37602.55;12/11/2024
DI1F34;02/01/2034;33577.49;12/11/2024
DI1F35;02/01/2035;29907.77;12/11/2024
DI1F36;02/01/2036;26618.62;12/11/2024
DI1F37;02/01/2037;23604.01;12/11/2024
DI1F38;04/01/2038;20970.63;12/11/2024
DI1F39;03/01/2039;18613.35;12/11/2024
DI1Z24;02/12/2024;99539.35;13/11/2024
DI1F25;02/01/2025;98635.88;13/11/2024
DI1G25;03/02/2025;97672.63;13/11/2024
DI1H25;05/03/2025;96758.58;13/11/2024
DI1J25;01/04/2025;95883.67;13/11/2024
DI1K25;02/05/2025;94940.7;13/11/2024
DI1M25;02/06/2025;93947.24;13/11/2024
DI1N25;01/07/2025;92991.45;13/11/2024
DI1Q25;01/08/2025;91901.22;13/11/2024
DI1U25;01/09/2025;90910.86;13/11/2024
DI1V25;01/10/2025;89872.77;13/11/2024
DI1X25;03/11/2025;88811.46;13/11/2024
DI1F26;02/01/2026;86930.72;13/11/2024
DI1J26;01/04/2026;84224.15;13/11/2024
DI1N26;01/07/2026;81645.47;13/11/2024
DI1V26;01/10/2026;79028.27;13/11/2024
DI1F27;04/01/2027;76643.06;13/11/2024
DI1J27;01/04/2027;74395.91;13/11/2024
DI1N27;01/07/2027;72109.45;13/11/2024
DI1V27;01/10/2027;69852.89;13/11/2024
DI1F28;03/01/2028;67771.37;13/11/2024
DI1J28;03/04/2028;65734.24;13/11/2024
DI1N28;03/07/2028;63806.16;13/11/2024
DI1V28;02/10/2028;61859.19;13/11/2024
DI1F29;02/01/2029;60138.99;13/11/2024
DI1J29;02/04/2029;58423.15;13/11/2024
DI1N29;02/07/2029;56691.54;13/11/2024
DI1V29;01/10/2029;54992.0;13/11/2024
DI1F30;02/01/2030;53388.92;13/11/2024
DI1F31;02/01/2031;47435.23;13/11/2024
DI1F32;02/01/2032;42157.2;13/11/2024
DI1F33;03/01/2033;37459.31;13/11/2024
DI1F34;02/01/2034;33423.58;13/11/2024
DI1F35;02/01/2035;29751.6;13/11/2024
DI1F36;02/01/2036;26464.72;13/11/2024
DI1F37;02/01/2037;23454.18;13/11/2024
DI1F38;04/01/2038;20825.83;13/11/2024
DI1F39;03/01/2039;18474.38;13/11/2024
DI1Z24;02/12/2024;99581.25;14/11/2024
DI1F25;02/01/2025;98678.56;14/11/2024
DI1G25;03/02/2025;97717.63;14/11/2024
DI1H25;05/03/2025;96809.7;14/11/2024
DI1J25;01/04/2025;95937.33;14/11/2024
DI1K25;02/05/2025;94996.74;14/11/2024
DI1M25;02/06/2025;94010.0;14/11/2024
DI1N25;01/07/2025;93060.43;14/11/2024
DI1Q25;01/08/2025;91973.56;14/11/2024
DI1U25;01/09/2025;90989.91;14/11/2024
DI1V25;01/10/2025;89956.52;14/11/2024
DI1X25;03/11/2025;88898.62;14/11/2024
DI1F26;02/01/2026;87024.52;14/11/2024
DI1J26;01/04/2026;84325.98;14/11/2024
DI1N26;01/07/2026;81747.65;14/11/2024
DI1V26;01/10/2026;79131.52;14/11/2024
DI1F27;04/01/2027;76748.46;14/11/2024
DI1J27;01/04/2027;74519.45;14/11/2024
DI1N27;01/07/2027;72221.54;14/11/2024
DI1V27;01/10/2027;69966.98;14/11/2024
DI1F28;03/01/2028;67890.6;14/11/2024
DI1J28;03/04/2028;65844.82;14/11/2024
DI1N28;03/07/2028;63910.81;14/11/2024
DI1V28;02/10/2028;61969.84;14/11/2024
DI1F29;02/01/2029;60246.97;14/11/2024
DI1J29;02/04/2029;58525.78;14/11/2024
DI1N29;02/07/2029;56786.04;14/11/2024
DI1V29;01/10/2029;55084.87;14/11/2024
DI1F30;02/01/2030;53475.07;14/11/2024
DI1F31;02/01/2031;47496.61;14/11/2024
DI1F32;02/01/2032;42227.86;14/11/2024
DI1F33;03/01/2033;37517.62;14/11/2024
DI1F34;02/01/2034;33471.89;14/11/2024
DI1F35;02/01/2035;29797.7;14/11/2024
DI1F36;02/01/2036;26508.5;14/11/2024
DI1F37;02/01/2037;23495.49;14/11/2024
DI1F38;04/01/2038;20864.71;14/11/2024
DI1F39;03/01/2039;18510.83;14/11/2024
DI1Z24;02/12/2024;99623.05;18/11/2024
DI1F25;02/01/2025;98718.48;18/11/2024
DI1G25;03/02/2025;97753.88;18/11/2024
DI1H25;05/03/2025;96840.59;18/11/2024
DI1J25;01/04/2025;95963.58;18/11/2024
DI1K25;02/05/2025;95013.07;18/11/2024
DI1M25;02/06/2025;94016.88;18/11/2024
DI1N25;01/07/2025;93062.8;18/11/2024
DI1Q25;01/08/2025;91964.62;18/11/2024
DI1U25;01/09/2025;90967.7;18/11/2024
DI1V25;01/10/2025;89919.44;18/11/2024
DI1X25;03/11/2025;88850.15;18/11/2024
DI1F26;02/01/2026;86945.18;18/11/2024
DI1J26;01/04/2026;84219.02;18/11/2024
DI1N26;01/07/2026;81620.9;18/11/2024
DI1V26;01/10/2026;78982.82;18/11/2024
DI1F27;04/01/2027;76591.46;18/11/2024
DI1J27;01/04/2027;74340.94;18/11/2024
DI1N27;01/07/2027;72039.48;18/11/2024
DI1V27;01/10/2027;69781.84;18/11/2024
DI1F28;03/01/2028;67690.26;18/11/2024
DI1J28;03/04/2028;65659.37;18/11/2024
DI1N28;03/07/2028;63715.52;18/11/2024
DI1V28;02/10/2028;61781.66;18/11/2024
DI1F29;02/01/2029;60061.57;18/11/2024
DI1J29;02/04/2029;58346.61;18/11/2024
DI1N29;02/07/2029;56609.66;18/11/2024
DI1V29;01/10/2029;54916.8;18/11/2024
DI1F30;02/01/2030;53290.48;18/11/2024
DI1F31;02/01/2031;47326.04;18/11/2024
DI1F32;02/01/2032;42063.47;18/11/2024
DI1F33;03/01/2033;37345.62;18/11/2024
DI1F34;02/01/2034;33300.01;18/11/2024
DI1F35;02/01/2035;29637.08;18/11/2024
DI1F36;02/01/2036;26350.33;18/11/2024
DI1F37;02/01/2037;23341.58;18/11/2024
DI1F38;04/01/2038;20716.05;18/11/2024
DI1F39;03/01/2039;18368.24;18/11/2024
DI1Z24;02/12/2024;99664.83;19/11/2024
DI1F25;02/01/2025;98759.61;19/11/2024
DI1G25;03/02/2025;97794.47;19/11/2024
DI1H25;05/03/2025;96882.07;19/11/2024
DI1J25;01/04/2025;96005.82;19/11/2024
DI1K25;02/05/2025;95064.26;19/11/2024
DI1M25;02/06/2025;94073.44;19/11/2024
DI1N25;01/07/2025;93124.17;19/11/2024
DI1Q25;01/08/2025;92037.94;19/11/2024
DI1U25;01/09/2025;91052.19;19/11/2024
DI1V25;01/10/2025;90018.81;19/11/2024
DI1X25;03/11/2025;88960.38;19/11/2024
DI1F26;02/01/2026;87083.44;19/11/2024
DI1J26;01/04/2026;84377.26;19/11/2024
DI1N26;01/07/2026;81796.73;19/11/2024
DI1V26;01/10/2026;79176.64;19/11/2024
DI1F27;04/01/2027;76796.35;19/11/2024
DI1J27;01/04/2027;74547.32;19/11/2024
DI1N27;01/07/2027;72248.73;19/11/2024
DI1V27;01/10/2027;70004.74;19/11/2024
DI1F28;03/01/2028;67909.47;19/11/2024
DI1J28;03/04/2028;65865.09;19/11/2024
DI1N28;03/07/2028;63931.35;19/11/2024
DI1V28;02/10/2028;61988.83;19/11/2024
DI1F29;02/01/2029;60264.9;19/11/2024
DI1J29;02/04/2029;58540.71;19/11/2024
DI1N29;02/07/2029;56804.95;19/11/2024
DI1V29;01/10/2029;55119.96;19/11/2024
DI1F30;02/01/2030;53491.41;19/11/2024
DI1F31;02/01/2031;47504.51;19/11/2024
DI1F32;02/01/2032;42207.87;19/11/2024
DI1F33;03/01/2033;37494.76;19/11/2024
DI1F34;02/01/2034;33447.44;19/11/2024
DI1F35;02/01/2035;29778.37;19/11/2024
DI1F36;02/01/2036;26487.09;19/11/2024
DI1F37;02/01/2037;23472.75;19/11/2024
DI1F38;04/01/2038;20841.22;19/11/2024
DI1F39;03/01/2039;18487.05;19/11/2024
DI1Z24;02/12/2024;99706.67;21/11/2024
DI1F25;02/01/2025;98800.84;21/11/2024
DI1G25;03/02/2025;97835.86;21/11/2024
DI1H25;05/03/2025;96920.73;21/11/2024
DI1J25;01/04/2025;96043.86;21/11/2024
DI1K25;02/05/2025;95103.99;21/11/2024
DI1M25;02/06/2025;94118.62;21/11/2024
DI1N25;01/07/2025;93175.5;21/11/2024
DI1Q25;01/08/2025;92090.25;21/11/2024
DI1U25;01/09/2025;91107.16;21/11/2024
DI1V25;01/10/2025;90080.21;21/11/2024
DI1X25;03/11/2025;89021.67;21/11/2024
DI1F26;02/01/2026;87146.84;21/11/2024
DI1J26;01/04/2026;84444.39;21/11/2024
DI1N26;01/07/2026;81877.84;21/11/2024
DI1V26;01/10/2026;79270.56;21/11/2024
DI1F27;04/01/2027;76905.8;21/11/2024
DI1J27;01/04/2027;74666.01;21/11/2024
DI1N27;01/07/2027;72373.87;21/11/2024
DI1V27;01/10/2027;70122.23;21/11/2024
DI1F28;03/01/2028;68049.03;21/11/2024
DI1J28;03/04/2028;66006.78;21/11/2024
DI1N28;03/07/2028;64076.53;21/11/2024
DI1V28;02/10/2028;62139.49;21/11/2024
DI1F29;02/01/2029;60418.57;21/11/2024
DI1J29;02/04/2029;58697.11;21/11/2024
DI1N29;02/07/2029;56963.87;21/11/2024
DI1V29;01/10/2029;55262.36;21/11/2024
DI1F30;02/01/2030;53659.27;21/11/2024
DI1F31;02/01/2031;47650.26;21/11/2024
DI1F32;02/01/2032;42368.59;21/11/2024
DI1F33;03/01/2033;37639.04;21/11/2024
DI1F34;02/01/2034;33598.17;21/11/2024
DI1F35;02/01/2035;29914.96;21/11/2024
DI1F36;02/01/2036;26619.31;21/11/2024
DI1F37;02/01/2037;23599.58;21/11/2024
DI1F38;04/01/2038;20962.29;21/11/2024
DI1F39;03/01/2039;18602.0;21/11/2024
DI1Z24;02/12/2024;99748.56;22/11/2024
DI1F25;02/01/2025;98841.71;22/11/2024
DI1G25;03/02/2025;97873.73;22/11/2024
DI1H25;05/03/2025;96957.17;22/11/2024
DI1J25;01/04/2025;96079.65;22/11/2024
DI1K25;02/05/2025;95137.63;22/11/2024
DI1M25;02/06/2025;94146.66;22/11/2024
DI1N25;01/07/2025;93199.35;22/11/2024
DI1Q25;01/08/2025;92109.59;22/11/2024
DI1U25;01/09/2025;91122.46;22/11/2024
DI1V25;01/10/2025;90085.69;22/11/2024
DI1X25;03/11/2025;89027.06;22/11/2024
DI1F26;02/01/2026;87142.78;22/11/2024
DI1J26;01/04/2026;84438.0;22/11/2024
DI1N26;01/07/2026;81865.7;22/11/2024
DI1V26;01/10/2026;79242.76;22/11/2024
DI1F27;04/01/2027;76874.32;22/11/2024
DI1J27;01/04/2027;74624.66;22/11/2024
DI1N27;01/07/2027;72328.94;22/11/2024
DI1V27;01/10/2027;70058.5;22/11/2024
DI1F28;03/01/2028;67976.8;22/11/2024
DI1J28;03/04/2028;65938.08;22/11/2024
DI1N28;03/07/2028;64006.73;22/11/2024
DI1V28;02/10/2028;62047.94;22/11/2024
DI1F29;02/01/2029;60322.07;22/11/2024
DI1J29;02/04/2029;58600.48;22/11/2024
DI1N29;02/07/2029;56863.0;22/11/2024
DI1V29;01/10/2029;55159.84;22/11/2024
DI1F30;02/01/2030;53536.62;22/11/2024
DI1F31;02/01/2031;47540.55;22/11/2024
DI1F32;02/01/2032;42243.47;22/11/2024
DI1F33;03/01/2033;37514.87;22/11/2024
DI1F34;02/01/2034;33455.34;22/11/2024
DI1F35;02/01/2035;29780.34;22/11/2024
DI1F36;02/01/2036;26486.48;22/11/2024
DI1F37;02/01/2037;23470.12;22/11/2024
DI1F38;04/01/2038;20837.06;22/11/2024
DI1F39;03/01/2039;18481.73;22/11/2024
DI1Z24;02/12/2024;99790.37;25/11/2024
DI1F25;02/01/2025;98882.54;25/11/2024
DI1G25;03/02/2025;97912.83;25/11/2024
DI1H25;05/03/2025;96994.29;25/11/2024
DI1J25;01/04/2025;96111.49;25/11/2024
DI1K25;02/05/2025;95166.44;25/11/2024
DI1M25;02/06/2025;94169.43;25/11/2024
DI1N25;01/07/2025;93217.18;25/11/2024
DI1Q25;01/08/2025;92126.46;25/11/2024
DI1U25;01/09/2025;91136.85;25/11/2024
DI1V25;01/10/2025;90099.66;25/11/2024
DI1X25;03/11/2025;89040.93;25/11/2024
DI1F26;02/01/2026;87162.0;25/11/2024
DI1J26;01/04/2026;84463.98;25/11/2024
DI1N26;01/07/2026;81907.71;25/11/2024
DI1V26;01/10/2026;79317.18;25/11/2024
DI1F27;04/01/2027;76975.08;25/11/2024
DI1J27;01/04/2027;74735.5;25/11/2024
DI1N27;01/07/2027;72480.33;25/11/2024
DI1V27;01/10/2027;70232.13;25/11/2024
DI1F28;03/01/2028;68164.54;25/11/2024
DI1J28;03/04/2028;66138.13;25/11/2024
DI1N28;03/07/2028;64212.72;25/11/2024
DI1V28;02/10/2028;62282.83;25/11/2024
DI1F29;02/01/2029;60562.77;25/11/2024
DI1J29;02/04/2029;58844.27;25/11/2024
DI1N29;02/07/2029;57113.98;25/11/2024
DI1V29;01/10/2029;55420.1;25/11/2024
DI1F30;02/01/2030;53819.89;25/11/2024
DI1F31;02/01/2031;47819.44;25/11/2024
DI1F32;02/01/2032;42486.43;25/11/2024
DI1F33;03/01/2033;37780.32;25/11/2024
DI1F34;02/01/2034;33733.06;25/11/2024
DI1F35;02/01/2035;30053.01;25/11/2024
DI1F36;02/01/2036;26751.74;25/11/2024
DI1F37;02/01/2037;23725.66;25/11/2024
DI1F38;04/01/2038;21081.85;25/11/2024
DI1F39;03/01/2039;18714.88;25/11/2024
DI1Z24;02/12/2024;99832.29;26/11/2024
DI1F25;02/01/2025;98925.2;26/11/2024
DI1G25;03/02/2025;97957.17;26/11/2024
DI1H25;05/03/2025;97039.21;26/11/2024
DI1J25;01/04/2025;96158.24;26/11/2024
DI1K25;02/05/2025;95211.59;26/11/2024
DI1M25;02/06/2025;94216.59;26/11/2024
DI1N25;01/07/2025;93263.84;26/11/2024
DI1Q25;01/08/2025;92172.31;26/11/2024
DI1U25;01/09/2025;91181.52;26/11/2024
DI1V25;01/10/2025;90143.56;26/11/2024
DI1X25;03/11/2025;89083.08;26/11/2024
DI1F26;02/01/2026;87197.48;26/11/2024
DI1J26;01/04/2026;84504.06;26/11/2024
DI1N26;01/07/2026;81947.44;26/11/2024
DI1V26;01/10/2026;79368.31;26/11/2024
DI1F27;04/01/2027;77024.67;26/11/2024
DI1J27;01/04/2027;74814.04;26/11/2024
DI1N27;01/07/2027;72544.26;26/11/2024
DI1V27;01/10/2027;70302.02;26/11/2024
DI1F28;03/01/2028;68246.44;26/11/2024
DI1J28;03/04/2028;66219.39;26/11/2024
DI1N28;03/07/2028;64307.22;26/11/2024
DI1V28;02/10/2028;62368.23;26/11/2024
DI1F29;02/01/2029;60659.98;26/11/2024
DI1J29;02/04/2029;58942.59;26/11/2024
DI1N29;02/07/2029;57210.99;26/11/2024
DI1V29;01/10/2029;55517.94;26/11/2024
DI1F30;02/01/2030;53903.89;26/11/2024
DI1F31;02/01/2031;47909.29;26/11/2024
DI1F32;02/01/2032;42599.98;26/11/2024
DI1F33;03/01/2033;37890.3;26/11/2024
DI1F34;02/01/2034;33830.51;26/11/2024
DI1F35;02/01/2035;30150.41;26/11/2024
DI1F36;02/01/2036;26845.73;26/11/2024
DI1F37;02/01/2037;23815.59;26/11/2024
DI1F38;04/01/2038;21167.51;26/11/2024
DI1F39;03/01/2039;18796.07;26/11/2024
DI1Z24;02/12/2024;99874.19;27/11/2024
DI1F25;02/01/2025;98963.07;27/11/2024
DI1G25;03/02/2025;97989.8;27/11/2024
DI1H25;05/03/2025;97056.2;27/11/2024
DI1J25;01/04/2025;96158.99;27/11/2024
DI1K25;02/05/2025;95196.04;27/11/2024
DI1M25;02/06/2025;94184.68;27/11/2024
DI1N25;01/07/2025;93217.08;27/11/2024
DI1Q25;01/08/2025;92101.6;27/11/2024
DI1U25;01/09/2025;91090.66;27/11/2024
DI1V25;01/10/2025;90028.75;27/11/2024
DI1X25;03/11/2025;88941.27;27/11/2024
DI1F26;02/01/2026;87014.27;27/11/2024
DI1J26;01/04/2026;84249.9;27/11/2024
DI1N26;01/07/2026;81641.27;27/11/2024
DI1V26;01/10/2026;78997.69;27/11/2024
DI1F27;04/01/2027;76590.45;27/11/2024
DI1J27;01/04/2027;74300.31;27/11/2024
DI1N27;01/07/2027;71993.6;27/11/2024
DI1V27;01/10/2027;69674.93;27/11/2024
DI1F28;03/01/2028;67577.1;27/11/2024
DI1J28;03/04/2028;65533.84;27/11/2024
DI1N28;03/07/2028;63534.9;27/11/2024
DI1V28;02/10/2028;61559.77;27/11/2024
DI1F29;02/01/2029;59812.11;27/11/2024
DI1J29;02/04/2029;58068.06;27/11/2024
DI1N29;02/07/2029;56309.18;27/11/2024
DI1V29;01/10/2029;54590.39;27/11/2024
DI1F30;02/01/2030;52954.71;27/11/2024
DI1F31;02/01/2031;46892.56;27/11/2024
DI1F32;02/01/2032;41539.2;27/11/2024
DI1F33;03/01/2033;36824.93;27/11/2024
DI1F34;02/01/2034;32781.64;27/11/2024
DI1F35;02/01/2035;29108.74;27/11/2024
DI1F36;02/01/2036;25827.23;27/11/2024
DI1F37;02/01/2037;22830.47;27/11/2024
DI1F38;04/01/2038;20220.82;27/11/2024
DI1F39;03/01/2039;17892.02;27/11/2024
DI1Z24;02/12/2024;99916.13;28/11/2024
DI1F25;02/01/2025;99002.42;28/11/2024
DI1G25;03/02/2025;98024.92;28/11/2024
DI1H25;05/03/2025;97084.07;28/11/2024
DI1J25;01/04/2025;96172.2;28/11/2024
DI1K25;02/05/2025;95188.35;28/11/2024
DI1M25;02/06/2025;94150.79;28/11/2024
DI1N25;01/07/2025;93160.36;28/11/2024
DI1Q25;01/08/2025;92017.35;28/11/2024
DI1U25;01/09/2025;90978.09;28/11/2024
DI1V25;01/10/2025;89888.73;28/11/2024
DI1X25;03/11/2025;88782.08;28/11/2024
DI1F26;02/01/2026;86816.96;28/11/2024
DI1J26;01/04/2026;84016.71;28/11/2024
DI1N26;01/07/2026;81371.5;28/11/2024
DI1V26;01/10/2026;78677.23;28/11/2024
DI1F27;04/01/2027;76235.52;28/11/2024
DI1J27;01/04/2027;73945.43;28/11/2024
DI1N27;01/07/2027;71563.5;28/11/2024
DI1V27;01/10/2027;69237.46;28/11/2024
DI1F28;03/01/2028;67102.98;28/11/2024
DI1J28;03/04/2028;64999.7;28/11/2024
DI1N28;03/07/2028;63012.81;28/11/2024
DI1V28;02/10/2028;61007.53;28/11/2024
DI1F29;02/01/2029;59235.9;28/11/2024
DI1J29;02/04/2029;57462.68;28/11/2024
DI1N29;02/07/2029;55686.43;28/11/2024
DI1V29;01/10/2029;53940.07;28/11/2024
DI1F30;02/01/2030;52281.69;28/11/2024
DI1F31;02/01/2031;46174.21;28/11/2024
DI1F32;02/01/2032;40797.24;28/11/2024
DI1F33;03/01/2033;36069.25;28/11/2024
DI1F34;02/01/2034;31998.45;28/11/2024
DI1F35;02/01/2035;28336.91;28/11/2024
DI1F36;02/01/2036;25074.56;28/11/2024
DI1F37;02/01/2037;22104.49;28/11/2024
DI1F38;04/01/2038;19525.1;28/11/2024
DI1F39;03/01/2039;17229.52;28/11/2024
DI1Z24;02/12/2024;99958.06;29/11/2024
DI1F25;02/01/2025;99041.4;29/11/2024
DI1G25;03/02/2025;98059.05;29/11/2024
DI1H25;05/03/2025;97116.62;29/11/2024
DI1J25;01/04/2025;96205.34;29/11/2024
DI1K25;02/05/2025;95218.65;29/11/2024
DI1M25;02/06/2025;94161.74;29/11/2024
DI1N25;01/07/2025;93166.83;29/11/2024
DI1Q25;01/08/2025;92009.65;29/11/2024
DI1U25;01/09/2025;90963.8;29/11/2024
DI1V25;01/10/2025;89862.3;29/11/2024
DI1X25;03/11/2025;88745.66;29/11/2024
DI1F26;02/01/2026;86762.97;29/11/2024
DI1J26;01/04/2026;83940.78;29/11/2024
DI1N26;01/07/2026;81278.13;29/11/2024
DI1V26;01/10/2026;78588.11;29/11/2024
DI1F27;04/01/2027;76123.79;29/11/2024
DI1J27;01/04/2027;73794.68;29/11/2024
DI1N27;01/07/2027;71455.72;29/11/2024
DI1V27;01/10/2027;69130.99;29/11/2024
DI1F28;03/01/2028;66982.01;29/11/2024
DI1J28;03/04/2028;64909.93;29/11/2024
DI1N28;03/07/2028;62926.9;29/11/2024
DI1V28;02/10/2028;60901.86;29/11/2024
DI1F29;02/01/2029;59196.56;29/11/2024
DI1J29;02/04/2029;57448.63;29/11/2024
DI1N29;02/07/2029;55636.95;29/11/2024
DI1V29;01/10/2029;53953.9;29/11/2024
DI1F30;02/01/2030;52317.63;29/11/2024
DI1F31;02/01/2031;46190.25;29/11/2024
DI1F32;02/01/2032;40845.7;29/11/2024
DI1F33;03/01/2033;36112.98;29/11/2024
DI1F34;02/01/2034;32101.33;29/11/2024
DI1F35;02/01/2035;28438.91;29/11/2024
DI1F36;02/01/2036;25172.5;29/11/2024
DI1F37;02/01/2037;22197.7;29/11/2024
DI1F38;04/01/2038;19613.42;29/11/2024
DI1F39;03/01/2039;17312.78;29/11/2024
DI1Z24;02/12/2024;100000.0;02/12/2024
DI1F25;02/01/2025;99085.36;02/12/2024
DI1G25;03/02/2025;98106.93;02/12/2024
DI1H25;05/03/2025;97166.23;02/12/2024
DI1J25;01/04/2025;96259.94;02/12/2024
DI1K25;02/05/2025;95276.61;02/12/2024
DI1M25;02/06/2025;94239.59;02/12/2024
DI1N25;01/07/2025;93243.02;02/12/2024
DI1Q25;01/08/2025;92096.21;02/12/2024
DI1U25;01/09/2025;91052.49;02/12/2024
DI1V25;01/10/2025;89957.93;02/12/2024
DI1X25;03/11/2025;88845.07;02/12/2024
DI1Z25;01/12/2025;87924.71;02/12/2024
DI1F26;02/01/2026;86866.58;02/12/2024
DI1J26;01/04/2026;84035.42;02/12/2024
DI1N26;01/07/2026;81347.51;02/12/2024
DI1V26;01/10/2026;78626.68;02/12/2024
DI1F27;04/01/2027;76120.65;02/12/2024
DI1J27;01/04/2027;73774.87;02/12/2024
DI1N27;01/07/2027;71390.28;02/12/2024
DI1V27;01/10/2027;69055.88;02/12/2024
DI1F28;03/01/2028;66924.77;02/12/2024
DI1J28;03/04/2028;64813.1;02/12/2024
DI1N28;03/07/2028;62847.33;02/12/2024
DI1V28;02/10/2028;60859.85;02/12/2024
DI1F29;02/01/2029;59087.97;02/12/2024
DI1J29;02/04/2029;57345.9;02/12/2024
DI1N29;02/07/2029;55561.05;02/12/2024
DI1V29;01/10/2029;53838.17;02/12/2024
DI1F30;02/01/2030;52196.08;02/12/2024
DI1F31;02/01/2031;46086.16;02/12/2024
DI1F32;02/01/2032;40765.12;02/12/2024
DI1F33;03/01/2033;36036.57;02/12/2024
DI1F34;02/01/2034;32017.71;02/12/2024
DI1F35;02/01/2035;28377.74;02/12/2024
DI1F36;02/01/2036;25111.75;02/12/2024
DI1F37;02/01/2037;22138.25;02/12/2024
DI1F38;04/01/2038;19555.78;02/12/2024
DI1F39;03/01/2039;17257.35;02/12/2024
DI1F25;02/01/2025;99126.05;03/12/2024
DI1G25;03/02/2025;98145.57;03/12/2024
DI1H25;05/03/2025;97199.92;03/12/2024
DI1J25;01/04/2025;96286.81;03/12/2024
DI1K25;02/05/2025;95296.74;03/12/2024
DI1M25;02/06/2025;94247.09;03/12/2024
DI1N25;01/07/2025;93245.46;03/12/2024
DI1Q25;01/08/2025;92090.3;03/12/2024
DI1U25;01/09/2025;91030.64;03/12/2024
DI1V25;01/10/2025;89923.14;03/12/2024
DI1X25;03/11/2025;88791.6;03/12/2024
DI1Z25;01/12/2025;87856.44;03/12/2024
DI1F26;02/01/2026;86777.32;03/12/2024
DI1J26;01/04/2026;83897.32;03/12/2024
DI1N26;01/07/2026;81157.44;03/12/2024
DI1V26;01/10/2026;78380.97;03/12/2024
DI1F27;04/01/2027;75832.99;03/12/2024
DI1J27;01/04/2027;73441.82;03/12/2024
DI1N27;01/07/2027;71022.75;03/12/2024
DI1V27;01/10/2027;68647.27;03/12/2024
DI1F28;03/01/2028;66472.42;03/12/2024
DI1J28;03/04/2028;64351.47;03/12/2024
DI1N28;03/07/2028;62345.16;03/12/2024
DI1V28;02/10/2028;60312.39;03/12/2024
DI1F29;02/01/2029;58531.57;03/12/2024
DI1J29;02/04/2029;56765.33;03/12/2024
DI1N29;02/07/2029;54977.28;03/12/2024
DI1V29;01/10/2029;53207.96;03/12/2024
DI1F30;02/01/2030;51564.43;03/12/2024
DI1F31;02/01/2031;45403.62;03/12/2024
DI1F32;02/01/2032;40073.0;03/12/2024
DI1F33;03/01/2033;35353.1;03/12/2024
DI1F34;02/01/2034;31323.35;03/12/2024
DI1F35;02/01/2035;27699.17;03/12/2024
DI1F36;02/01/2036;24451.49;03/12/2024
DI1F37;02/01/2037;21502.86;03/12/2024
DI1F38;04/01/2038;18948.27;03/12/2024
DI1F39;03/01/2039;16680.21;03/12/2024
DI1F25;02/01/2025;99165.08;04/12/2024
DI1G25;03/02/2025;98179.33;04/12/2024
DI1H25;05/03/2025;97230.61;04/12/2024
DI1J25;01/04/2025;96311.69;04/12/2024
DI1K25;02/05/2025;95317.39;04/12/2024
DI1M25;02/06/2025;94262.04;04/12/2024
DI1N25;01/07/2025;93255.45;04/12/2024
DI1Q25;01/08/2025;92095.08;04/12/2024
DI1U25;01/09/2025;91028.4;04/12/2024
DI1V25;01/10/2025;89914.52;04/12/2024
DI1X25;03/11/2025;88781.79;04/12/2024
DI1Z25;01/12/2025;87842.53;04/12/2024
DI1F26;02/01/2026;86766.12;04/12/2024
DI1J26;01/04/2026;83890.28;04/12/2024
DI1N26;01/07/2026;81155.05;04/12/2024
DI1V26;01/10/2026;78386.43;04/12/2024
DI1F27;04/01/2027;75854.1;04/12/2024
DI1J27;01/04/2027;73485.29;04/12/2024
DI1N27;01/07/2027;71076.36;04/12/2024
DI1V27;01/10/2027;68720.85;04/12/2024
DI1F28;03/01/2028;66555.7;04/12/2024
DI1J28;03/04/2028;64456.38;04/12/2024
DI1N28;03/07/2028;62447.92;04/12/2024
DI1V28;02/10/2028;60430.71;04/12/2024
DI1F29;02/01/2029;58653.68;04/12/2024
DI1J29;02/04/2029;56880.48;04/12/2024
DI1N29;02/07/2029;55093.6;04/12/2024
DI1V29;01/10/2029;53347.66;04/12/2024
DI1F30;02/01/2030;51693.89;04/12/2024
DI1F31;02/01/2031;45533.12;04/12/2024
DI1F32;02/01/2032;40168.02;04/12/2024
DI1F33;03/01/2033;35458.74;04/12/2024
DI1F34;02/01/2034;31414.07;04/12/2024
DI1F35;02/01/2035;27796.39;04/12/2024
DI1F36;02/01/2036;24544.56;04/12/2024
DI1F37;02/01/2037;21591.19;04/12/2024
DI1F38;04/01/2038;19031.73;04/12/2024
DI1F39;03/01/2039;16758.68;04/12/2024
DI1F25;02/01/2025;99208.22;05/12/2024
DI1G25;03/02/2025;98222.92;05/12/2024
DI1H25;05/03/2025;97273.12;05/12/2024
DI1J25;01/04/2025;96354.8;05/12/2024
DI1K25;02/05/2025;95360.13;05/12/2024
DI1M25;02/06/2025;94304.51;05/12/2024
DI1N25;01/07/2025;93296.61;05/12/2024
DI1Q25;01/08/2025;92130.83;05/12/2024
DI1U25;01/09/2025;91059.46;05/12/2024
DI1V25;01/10/2025;89938.11;05/12/2024
DI1X25;03/11/2025;88793.03;05/12/2024
DI1Z25;01/12/2025;87845.81;05/12/2024
DI1F26;02/01/2026;86752.93;05/12/2024
DI1J26;01/04/2026;83846.96;05/12/2024
DI1N26;01/07/2026;81091.13;05/12/2024
DI1V26;01/10/2026;78302.64;05/12/2024
DI1F27;04/01/2027;75760.62;05/12/2024
DI1J27;01/04/2027;73379.73;05/12/2024
DI1N27;01/07/2027;70976.42;05/12/2024
DI1V27;01/10/2027;68640.94;05/12/2024
DI1F28;03/01/2028;66482.32;05/12/2024
DI1J28;03/04/2028;64398.94;05/12/2024
DI1N28;03/07/2028;62422.58;05/12/2024
DI1V28;02/10/2028;60414.16;05/12/2024
DI1F29;02/01/2029;58644.94;05/12/2024
DI1J29;02/04/2029;56897.38;05/12/2024
DI1N29;02/07/2029;55120.15;05/12/2024
DI1V29;01/10/2029;53388.89;05/12/2024
DI1F30;02/01/2030;51759.59;05/12/2024
DI1F31;02/01/2031;45636.31;05/12/2024
DI1F32;02/01/2032;40300.51;05/12/2024
DI1F33;03/01/2033;35617.4;05/12/2024
DI1F34;02/01/2034;31580.15;05/12/2024
DI1F35;02/01/2035;27955.41;05/12/2024
DI1F36;02/01/2036;24697.66;05/12/2024
DI1F37;02/01/2037;21737.2;05/12/2024
DI1F38;04/01/2038;19170.26;05/12/2024
DI1F39;03/01/2039;16889.4;05/12/2024
DI1F25;02/01/2025;99247.31;06/12/2024
DI1G25;03/02/2025;98257.59;06/12/2024
DI1H25;05/03/2025;97302.14;06/12/2024
DI1J25;01/04/2025;96377.05;06/12/2024
DI1K25;02/05/2025;95372.72;06/12/2024
DI1M25;02/06/2025;94306.52;06/12/2024
DI1N25;01/07/2025;93295.19;06/12/2024
DI1Q25;01/08/2025;92106.24;06/12/2024
DI1U25;01/09/2025;91018.63;06/12/2024
DI1V25;01/10/2025;89882.32;06/12/2024
DI1X25;03/11/2025;88704.64;06/12/2024
DI1Z25;01/12/2025;87731.92;06/12/2024
DI1F26;02/01/2026;86619.63;06/12/2024
DI1J26;01/04/2026;83647.25;06/12/2024
DI1N26;01/07/2026;80811.01;06/12/2024
DI1V26;01/10/2026;77950.93;06/12/2024
DI1F27;04/01/2027;75353.77;06/12/2024
DI1J27;01/04/2027;72902.07;06/12/2024
DI1N27;01/07/2027;70449.07;06/12/2024
DI1V27;01/10/2027;68070.38;06/12/2024
DI1F28;03/01/2028;65880.53;06/12/2024
DI1J28;03/04/2028;63778.15;06/12/2024
DI1N28;03/07/2028;61770.45;06/12/2024
DI1V28;02/10/2028;59749.39;06/12/2024
DI1F29;02/01/2029;57971.39;06/12/2024
DI1J29;02/04/2029;56192.29;06/12/2024
DI1N29;02/07/2029;54361.08;06/12/2024
DI1V29;01/10/2029;52639.47;06/12/2024
DI1F30;02/01/2030;51057.83;06/12/2024
DI1F31;02/01/2031;44958.69;06/12/2024
DI1F32;02/01/2032;39621.47;06/12/2024
DI1F33;03/01/2033;34941.79;06/12/2024
DI1F34;02/01/2034;30902.46;06/12/2024
DI1F35;02/01/2035;27296.23;06/12/2024
DI1F36;02/01/2036;24057.19;06/12/2024
DI1F37;02/01/2037;21121.78;06/12/2024
DI1F38;04/01/2038;18582.73;06/12/2024
DI1F39;03/01/2039;16332.09;06/12/2024
DI1F25;02/01/2025;99286.81;09/12/2024
DI1G25;03/02/2025;98293.03;09/12/2024
DI1H25;05/03/2025;97332.31;09/12/2024
DI1J25;01/04/2025;96403.58;09/12/2024
DI1K25;02/05/2025;95396.41;09/12/2024
DI1M25;02/06/2025;94317.5;09/12/2024
DI1N25;01/07/2025;93287.74;09/12/2024
DI1Q25;01/08/2025;92093.48;09/12/2024
DI1U25;01/09/2025;90994.44;09/12/2024
DI1V25;01/10/2025;89846.18;09/12/2024
DI1X25;03/11/2025;88661.05;09/12/2024
DI1Z25;01/12/2025;87683.3;09/12/2024
DI1F26;02/01/2026;86554.05;09/12/2024
DI1J26;01/04/2026;83526.93;09/12/2024
DI1N26;01/07/2026;80651.51;09/12/2024
DI1V26;01/10/2026;77743.81;09/12/2024
DI1F27;04/01/2027;75092.58;09/12/2024
DI1J27;01/04/2027;72640.17;09/12/2024
DI1N27;01/07/2027;70148.66;09/12/2024
DI1V27;01/10/2027;67720.31;09/12/2024
DI1F28;03/01/2028;65509.72;09/12/2024
DI1J28;03/04/2028;63379.35;09/12/2024
DI1N28;03/07/2028;61330.63;09/12/2024
DI1V28;02/10/2028;59324.35;09/12/2024
DI1F29;02/01/2029;57526.86;09/12/2024
DI1J29;02/04/2029;55766.85;09/12/2024
DI1N29;02/07/2029;53949.3;09/12/2024
DI1V29;01/10/2029;52227.48;09/12/2024
DI1F30;02/01/2030;50592.06;09/12/2024
DI1F31;02/01/2031;44522.72;09/12/2024
DI1F32;02/01/2032;39201.1;09/12/2024
DI1F33;03/01/2033;34522.84;09/12/2024
DI1F34;02/01/2034;30507.89;09/12/2024
DI1F35;02/01/2035;26912.94;09/12/2024
DI1F36;02/01/2036;23684.97;09/12/2024
DI1F37;02/01/2037;20764.4;09/12/2024
DI1F38;04/01/2038;18241.87;09/12/2024
DI1F39;03/01/2039;16009.12;09/12/2024
DI1F25;02/01/2025;99329.81;10/12/2024
DI1G25;03/02/2025;98336.93;10/12/2024
DI1H25;05/03/2025;97379.85;10/12/2024
DI1J25;01/04/2025;96455.12;10/12/2024
DI1K25;02/05/2025;95455.64;10/12/2024
DI1M25;02/06/2025;94384.38;10/12/2024
DI1N25;01/07/2025;93359.31;10/12/2024
DI1Q25;01/08/2025;92184.86;10/12/2024
DI1U25;01/09/2025;91103.66;10/12/2024
DI1V25;01/10/2025;89970.82;10/12/2024
DI1X25;03/11/2025;88811.91;10/12/2024
DI1Z25;01/12/2025;87845.87;10/12/2024
DI1F26;02/01/2026;86734.68;10/12/2024
DI1J26;01/04/2026;83765.41;10/12/2024
DI1N26;01/07/2026;80953.59;10/12/2024
DI1V26;01/10/2026;78119.51;10/12/2024
DI1F27;04/01/2027;75535.85;10/12/2024
DI1J27;01/04/2027;73117.19;10/12/2024
DI1N27;01/07/2027;70688.42;10/12/2024
DI1V27;01/10/2027;68324.14;10/12/2024
DI1F28;03/01/2028;66171.4;10/12/2024
DI1J28;03/04/2028;64080.75;10/12/2024
DI1N28;03/07/2028;62101.22;10/12/2024
DI1V28;02/10/2028;60103.6;10/12/2024
DI1F29;02/01/2029;58340.9;10/12/2024
DI1J29;02/04/2029;56597.97;10/12/2024
DI1N29;02/07/2029;54836.05;10/12/2024
DI1V29;01/10/2029;53108.85;10/12/2024
DI1F30;02/01/2030;51497.3;10/12/2024
DI1F31;02/01/2031;45471.2;10/12/2024
DI1F32;02/01/2032;40198.76;10/12/2024
DI1F33;03/01/2033;35541.49;10/12/2024
DI1F34;02/01/2034;31533.04;10/12/2024
DI1F35;02/01/2035;27936.3;10/12/2024
DI1F36;02/01/2036;24675.35;10/12/2024
DI1F37;02/01/2037;21712.76;10/12/2024
DI1F38;04/01/2038;19144.55;10/12/2024
DI1F39;03/01/2039;16863.05;10/12/2024
DI1F25;02/01/2025;99371.93;11/12/2024
DI1G25;03/02/2025;98379.63;11/12/2024
DI1H25;05/03/2025;97421.18;11/12/2024
DI1J25;01/04/2025;96497.88;11/12/2024
DI1K25;02/05/2025;95503.49;11/12/2024
DI1M25;02/06/2025;94437.16;11/12/2024
DI1N25;01/07/2025;93415.48;11/12/2024
DI1Q25;01/08/2025;92255.82;11/12/2024
DI1U25;01/09/2025;91188.33;11/12/2024
DI1V25;01/10/2025;90058.83;11/12/2024
DI1X25;03/11/2025;88915.58;11/12/2024
DI1Z25;01/12/2025;87969.88;11/12/2024
DI1F26;02/01/2026;86876.33;11/12/2024
DI1J26;01/04/2026;83961.82;11/12/2024
DI1N26;01/07/2026;81200.28;11/12/2024
DI1V26;01/10/2026;78397.78;11/12/2024
DI1F27;04/01/2027;75848.35;11/12/2024
DI1J27;01/04/2027;73457.68;11/12/2024
DI1N27;01/07/2027;71051.11;11/12/2024
DI1V27;01/10/2027;68701.72;11/12/2024
DI1F28;03/01/2028;66550.87;11/12/2024
DI1J28;03/04/2028;64475.74;11/12/2024
DI1N28;03/07/2028;62502.13;11/12/2024
DI1V28;02/10/2028;60533.39;11/12/2024
DI1F29;02/01/2029;58772.19;11/12/2024
DI1J29;02/04/2029;57039.91;11/12/2024
DI1N29;02/07/2029;55281.23;11/12/2024
DI1V29;01/10/2029;53576.3;11/12/2024
DI1F30;02/01/2030;51933.5;11/12/2024
DI1F31;02/01/2031;45914.56;11/12/2024
DI1F32;02/01/2032;40635.52;11/12/2024
DI1F33;03/01/2033;35962.9;11/12/2024
DI1F34;02/01/2034;31951.95;11/12/2024
DI1F35;02/01/2035;28324.38;11/12/2024
DI1F36;02/01/2036;25051.08;11/12/2024
DI1F37;02/01/2037;22072.84;11/12/2024
DI1F38;04/01/2038;19487.63;11/12/2024
DI1F39;03/01/2039;17188.0;11/12/2024
DI1F25;02/01/2025;99410.12;12/12/2024
DI1G25;03/02/2025;98411.97;12/12/2024
DI1H25;05/03/2025;97444.9;12/12/2024
DI1J25;01/04/2025;96508.33;12/12/2024
DI1K25;02/05/2025;95489.25;12/12/2024
DI1M25;02/06/2025;94396.32;12/12/2024
DI1N25;01/07/2025;93340.26;12/12/2024
DI1Q25;01/08/2025;92140.5;12/12/2024
DI1U25;01/09/2025;91031.16;12/12/2024
DI1V25;01/10/2025;89871.59;12/12/2024
DI1X25;03/11/2025;88695.96;12/12/2024
DI1Z25;01/12/2025;87725.63;12/12/2024
DI1F26;02/01/2026;86605.82;12/12/2024
DI1J26;01/04/2026;83650.94;12/12/2024
DI1N26;01/07/2026;80877.96;12/12/2024
DI1V26;01/10/2026;78095.8;12/12/2024
DI1F27;04/01/2027;75587.11;12/12/2024
DI1J27;01/04/2027;73212.72;12/12/2024
DI1N27;01/07/2027;70841.72;12/12/2024
DI1V27;01/10/2027;68507.96;12/12/2024
DI1F28;03/01/2028;66378.07;12/12/2024
DI1J28;03/04/2028;64309.96;12/12/2024
DI1N28;03/07/2028;62357.79;12/12/2024
DI1V28;02/10/2028;60377.05;12/12/2024
DI1F29;02/01/2029;58637.59;12/12/2024
DI1J29;02/04/2029;56899.44;12/12/2024
DI1N29;02/07/2029;55139.64;12/12/2024
DI1V29;01/10/2029;53436.33;12/12/2024
DI1F30;02/01/2030;51807.74;12/12/2024
DI1F31;02/01/2031;45790.52;12/12/2024
DI1F32;02/01/2032;40553.64;12/12/2024
DI1F33;03/01/2033;35872.25;12/12/2024
DI1F34;02/01/2034;31899.62;12/12/2024
DI1F35;02/01/2035;28263.84;12/12/2024
DI1F36;02/01/2036;24990.97;12/12/2024
DI1F37;02/01/2037;22014.04;12/12/2024
DI1F38;04/01/2038;19430.64;12/12/2024
DI1F39;03/01/2039;17133.22;12/12/2024
DI1F25;02/01/2025;99455.33;13/12/2024
DI1G25;03/02/2025;98456.52;13/12/2024
DI1H25;05/03/2025;97482.98;13/12/2024
DI1J25;01/04/2025;96534.13;13/12/2024
DI1K25;02/05/2025;95505.64;13/12/2024
DI1M25;02/06/2025;94393.26;13/12/2024
DI1N25;01/07/2025;93322.05;13/12/2024
DI1Q25;01/08/2025;92107.19;13/12/2024
DI1U25;01/09/2025;90979.89;13/12/2024
DI1V25;01/10/2025;89802.79;13/12/2024
DI1X25;03/11/2025;88605.09;13/12/2024
DI1Z25;01/12/2025;87615.0;13/12/2024
DI1F26;02/01/2026;86473.46;13/12/2024
DI1J26;01/04/2026;83456.66;13/12/2024
DI1N26;01/07/2026;80625.28;13/12/2024
DI1V26;01/10/2026;77762.25;13/12/2024
DI1F27;04/01/2027;75168.67;13/12/2024
DI1J27;01/04/2027;72740.89;13/12/2024
DI1N27;01/07/2027;70299.65;13/12/2024
DI1V27;01/10/2027;67909.68;13/12/2024
DI1F28;03/01/2028;65711.41;13/12/2024
DI1J28;03/04/2028;63596.75;13/12/2024
DI1N28;03/07/2028;61601.26;13/12/2024
DI1V28;02/10/2028;59587.38;13/12/2024
DI1F29;02/01/2029;57818.04;13/12/2024
DI1J29;02/04/2029;56058.47;13/12/2024
DI1N29;02/07/2029;54264.45;13/12/2024
DI1V29;01/10/2029;52556.23;13/12/2024
DI1F30;02/01/2030;50903.23;13/12/2024
DI1F31;02/01/2031;44866.87;13/12/2024
DI1F32;02/01/2032;39605.94;13/12/2024
DI1F33;03/01/2033;34951.7;13/12/2024
DI1F34;02/01/2034;30943.25;13/12/2024
DI1F35;02/01/2035;27359.42;13/12/2024
DI1F36;02/01/2036;24112.17;13/12/2024
DI1F37;02/01/2037;21252.06;13/12/2024
DI1F38;04/01/2038;18702.87;13/12/2024
DI1F39;03/01/2039;16442.57;13/12/2024
DI1F25;02/01/2025;99500.64;16/12/2024
DI1G25;03/02/2025;98500.43;16/12/2024
DI1H25;05/03/2025;97523.36;16/12/2024
DI1J25;01/04/2025;96569.8;16/12/2024
DI1K25;02/05/2025;95529.79;16/12/2024
DI1M25;02/06/2025;94414.59;16/12/2024
DI1N25;01/07/2025;93340.36;16/12/2024
DI1Q25;01/08/2025;92116.96;16/12/2024
DI1U25;01/09/2025;90980.16;16/12/2024
DI1V25;01/10/2025;89792.9;16/12/2024
DI1X25;03/11/2025;88583.75;16/12/2024
DI1Z25;01/12/2025;87583.33;16/12/2024
DI1F26;02/01/2026;86429.21;16/12/2024
DI1J26;01/04/2026;83331.72;16/12/2024
DI1N26;01/07/2026;80402.24;16/12/2024
DI1V26;01/10/2026;77454.36;16/12/2024
DI1F27;04/01/2027;74747.78;16/12/2024
DI1J27;01/04/2027;72238.47;16/12/2024
DI1N27;01/07/2027;69699.92;16/12/2024
DI1V27;01/10/2027;67273.49;16/12/2024
DI1F28;03/01/2028;64992.47;16/12/2024
DI1J28;03/04/2028;62808.22;16/12/2024
DI1N28;03/07/2028;60756.24;16/12/2024
DI1V28;02/10/2028;58681.7;16/12/2024
DI1F29;02/01/2029;56853.83;16/12/2024
DI1J29;02/04/2029;55061.21;16/12/2024
DI1N29;02/07/2029;53236.64;16/12/2024
DI1V29;01/10/2029;51483.82;16/12/2024
DI1F30;02/01/2030;49810.73;16/12/2024
DI1F31;02/01/2031;43688.93;16/12/2024
DI1F32;02/01/2032;38404.45;16/12/2024
DI1F33;03/01/2033;33724.71;16/12/2024
DI1F34;02/01/2034;29725.85;16/12/2024
DI1F35;02/01/2035;26122.38;16/12/2024
DI1F36;02/01/2036;22915.34;16/12/2024
DI1F37;02/01/2037;20165.21;16/12/2024
DI1F38;04/01/2038;17668.92;16/12/2024
DI1F39;03/01/2039;15465.23;16/12/2024
DI1F25;02/01/2025;99545.55;17/12/2024
DI1G25;03/02/2025;98541.19;17/12/2024
DI1H25;05/03/2025;97559.16;17/12/2024
DI1J25;01/04/2025;96599.29;17/12/2024
DI1K25;02/05/2025;95554.16;17/12/2024
DI1M25;02/06/2025;94434.2;17/12/2024
DI1N25;01/07/2025;93353.98;17/12/2024
DI1Q25;01/08/2025;92127.25;17/12/2024
DI1U25;01/09/2025;90987.66;17/12/2024
DI1V25;01/10/2025;89798.4;17/12/2024
DI1X25;03/11/2025;88586.77;17/12/2024
DI1Z25;01/12/2025;87583.6;17/12/2024
DI1F26;02/01/2026;86420.89;17/12/2024
DI1J26;01/04/2026;83317.46;17/12/2024
DI1N26;01/07/2026;80389.39;17/12/2024
DI1V26;01/10/2026;77456.48;17/12/2024
DI1F27;04/01/2027;74782.4;17/12/2024
DI1J27;01/04/2027;72286.64;17/12/2024
DI1N27;01/07/2027;69753.24;17/12/2024
DI1V27;01/10/2027;67297.03;17/12/2024
DI1F28;03/01/2028;65020.66;17/12/2024
DI1J28;03/04/2028;62838.24;17/12/2024
DI1N28;03/07/2028;60790.38;17/12/2024
DI1V28;02/10/2028;58722.29;17/12/2024
DI1F29;02/01/2029;56883.61;17/12/2024
DI1J29;02/04/2029;55102.04;17/12/2024
DI1N29;02/07/2029;53287.07;17/12/2024
DI1V29;01/10/2029;51537.9;17/12/2024
DI1F30;02/01/2030;49859.95;17/12/2024
DI1F31;02/01/2031;43728.85;17/12/2024
DI1F32;02/01/2032;38437.02;17/12/2024
DI1F33;03/01/2033;33773.54;17/12/2024
DI1F34;02/01/2034;29783.86;17/12/2024
DI1F35;02/01/2035;26211.66;17/12/2024
DI1F36;02/01/2036;23000.21;17/12/2024
DI1F37;02/01/2037;20245.76;17/12/2024
DI1F38;04/01/2038;17744.56;17/12/2024
DI1F39;03/01/2039;15535.9;17/12/2024
DI1F25;02/01/2025;99590.33;18/12/2024
DI1G25;03/02/2025;98579.97;18/12/2024
DI1H25;05/03/2025;97588.54;18/12/2024
DI1J25;01/04/2025;96618.85;18/12/2024
DI1K25;02/05/2025;95564.32;18/12/2024
DI1M25;02/06/2025;94421.83;18/12/2024
DI1N25;01/07/2025;93309.09;18/12/2024
DI1Q25;01/08/2025;92053.96;18/12/2024
DI1U25;01/09/2025;90884.94;18/12/2024
DI1V25;01/10/2025;89648.66;18/12/2024
DI1X25;03/11/2025;88398.82;18/12/2024
DI1Z25;01/12/2025;87359.53;18/12/2024
DI1F26;02/01/2026;86152.65;18/12/2024
DI1J26;01/04/2026;82920.46;18/12/2024
DI1N26;01/07/2026;79882.12;18/12/2024
DI1V26;01/10/2026;76865.99;18/12/2024
DI1F27;04/01/2027;74112.31;18/12/2024
DI1J27;01/04/2027;71545.66;18/12/2024
DI1N27;01/07/2027;68965.72;18/12/2024
DI1V27;01/10/2027;66491.93;18/12/2024
DI1F28;03/01/2028;64152.55;18/12/2024
DI1J28;03/04/2028;61949.64;18/12/2024
DI1N28;03/07/2028;59837.44;18/12/2024
DI1V28;02/10/2028;57716.07;18/12/2024
DI1F29;02/01/2029;55889.76;18/12/2024
DI1J29;02/04/2029;54077.18;18/12/2024
DI1N29;02/07/2029;52231.97;18/12/2024
DI1V29;01/10/2029;50578.78;18/12/2024
DI1F30;02/01/2030;48761.25;18/12/2024
DI1F31;02/01/2031;42612.54;18/12/2024
DI1F32;02/01/2032;37327.96;18/12/2024
DI1F33;03/01/2033;32622.03;18/12/2024
DI1F34;02/01/2034;28737.53;18/12/2024
DI1F35;02/01/2035;25137.53;18/12/2024
DI1F36;02/01/2036;21965.07;18/12/2024
DI1F37;02/01/2037;19251.64;18/12/2024
DI1F38;04/01/2038;16802.51;18/12/2024
DI1F39;03/01/2039;14648.92;18/12/2024
DI1F25;02/01/2025;99635.77;19/12/2024
DI1G25;03/02/2025;98628.6;19/12/2024
DI1H25;05/03/2025;97645.4;19/12/2024
DI1J25;01/04/2025;96685.99;19/12/2024
DI1K25;02/05/2025;95646.73;19/12/2024
DI1M25;02/06/2025;94531.55;19/12/2024
DI1N25;01/07/2025;93438.62;19/12/2024
DI1Q25;01/08/2025;92208.61;19/12/2024
DI1U25;01/09/2025;91079.87;19/12/2024
DI1V25;01/10/2025;89888.74;19/12/2024
DI1X25;03/11/2025;88682.64;19/12/2024
DI1Z25;01/12/2025;87683.3;19/12/2024
DI1F26;02/01/2026;86524.98;19/12/2024
DI1J26;01/04/2026;83426.42;19/12/2024
DI1N26;01/07/2026;80529.49;19/12/2024
DI1V26;01/10/2026;77638.91;19/12/2024
DI1F27;04/01/2027;74998.7;19/12/2024
DI1J27;01/04/2027;72514.92;19/12/2024
DI1N27;01/07/2027;70034.81;19/12/2024
DI1V27;01/10/2027;67572.44;19/12/2024
DI1F28;03/01/2028;65327.98;19/12/2024
DI1J28;03/04/2028;63187.96;19/12/2024
DI1N28;03/07/2028;61131.91;19/12/2024
DI1V28;02/10/2028;59059.69;19/12/2024
DI1F29;02/01/2029;57256.93;19/12/2024
DI1J29;02/04/2029;55467.48;19/12/2024
DI1N29;02/07/2029;53641.03;19/12/2024
DI1V29;01/10/2029;51851.34;19/12/2024
DI1F30;02/01/2030;50199.83;19/12/2024
DI1F31;02/01/2031;44051.78;19/12/2024
DI1F32;02/01/2032;38685.77;19/12/2024
DI1F33;03/01/2033;33965.97;19/12/2024
DI1F34;02/01/2034;30041.41;19/12/2024
DI1F35;02/01/2035;26490.2;19/12/2024
DI1F36;02/01/2036;23266.55;19/12/2024
DI1F37;02/01/2037;20499.86;19/12/2024
DI1F38;04/01/2038;17984.21;19/12/2024
DI1F39;03/01/2039;15760.7;19/12/2024
DI1F25;02/01/2025;99681.47;20/12/2024
DI1G25;03/02/2025;98676.13;20/12/2024
DI1H25;05/03/2025;97696.83;20/12/2024
DI1J25;01/04/2025;96742.69;20/12/2024
DI1K25;02/05/2025;95707.25;20/12/2024
DI1M25;02/06/2025;94596.8;20/12/2024
DI1N25;01/07/2025;93510.08;20/12/2024
DI1Q25;01/08/2025;92294.05;20/12/2024
DI1U25;01/09/2025;91173.08;20/12/2024
DI1V25;01/10/2025;89991.68;20/12/2024
DI1X25;03/11/2025;88801.54;20/12/2024
DI1Z25;01/12/2025;87816.53;20/12/2024
DI1F26;02/01/2026;86694.74;20/12/2024
DI1J26;01/04/2026;83660.55;20/12/2024
DI1N26;01/07/2026;80835.64;20/12/2024
DI1V26;01/10/2026;78024.98;20/12/2024
DI1F27;04/01/2027;75457.39;20/12/2024
DI1J27;01/04/2027;73069.13;20/12/2024
DI1N27;01/07/2027;70642.27;20/12/2024
DI1V27;01/10/2027;68223.56;20/12/2024
DI1F28;03/01/2028;66022.0;20/12/2024
DI1J28;03/04/2028;63919.84;20/12/2024
DI1N28;03/07/2028;61899.87;20/12/2024
DI1V28;02/10/2028;59859.39;20/12/2024
DI1F29;02/01/2029;58088.09;20/12/2024
DI1J29;02/04/2029;56324.37;20/12/2024
DI1N29;02/07/2029;54521.67;20/12/2024
DI1V29;01/10/2029;52762.83;20/12/2024
DI1F30;02/01/2030;51139.85;20/12/2024
DI1F31;02/01/2031;45073.12;20/12/2024
DI1F32;02/01/2032;39751.32;20/12/2024
DI1F33;03/01/2033;35096.92;20/12/2024
DI1F34;02/01/2034;31118.91;20/12/2024
DI1F35;02/01/2035;27545.47;20/12/2024
DI1F36;02/01/2036;24286.19;20/12/2024
DI1F37;02/01/2037;21482.04;20/12/2024
DI1F38;04/01/2038;18918.08;20/12/2024
DI1F39;03/01/2039;16643.13;20/12/2024
DI1F25;02/01/2025;99726.91;23/12/2024
DI1G25;03/02/2025;98714.95;23/12/2024
DI1H25;05/03/2025;97732.73;23/12/2024
DI1J25;01/04/2025;96775.93;23/12/2024
DI1K25;02/05/2025;95733.41;23/12/2024
DI1M25;02/06/2025;94602.95;23/12/2024
DI1N25;01/07/2025;93500.43;23/12/2024
DI1Q25;01/08/2025;92255.18;23/12/2024
DI1U25;01/09/2025;91103.34;23/12/2024
DI1V25;01/10/2025;89893.66;23/12/2024
DI1X25;03/11/2025;88675.57;23/12/2024
DI1Z25;01/12/2025;87665.91;23/12/2024
DI1F26;02/01/2026;86496.68;23/12/2024
DI1J26;01/04/2026;83370.51;23/12/2024
DI1N26;01/07/2026;80448.31;23/12/2024
DI1V26;01/10/2026;77545.14;23/12/2024
DI1F27;04/01/2027;74909.6;23/12/2024
DI1J27;01/04/2027;72453.99;23/12/2024
DI1N27;01/07/2027;69971.04;23/12/2024
DI1V27;01/10/2027;67530.42;23/12/2024
DI1F28;03/01/2028;65285.19;23/12/2024
DI1J28;03/04/2028;63127.95;23/12/2024
DI1N28;03/07/2028;61099.59;23/12/2024
DI1V28;02/10/2028;59055.93;23/12/2024
DI1F29;02/01/2029;57252.69;23/12/2024
DI1J29;02/04/2029;55479.59;23/12/2024
DI1N29;02/07/2029;53670.75;23/12/2024
DI1V29;01/10/2029;51927.59;23/12/2024
DI1F30;02/01/2030;50261.45;23/12/2024
DI1F31;02/01/2031;44173.34;23/12/2024
DI1F32;02/01/2032;38862.29;23/12/2024
DI1F33;03/01/2033;34223.68;23/12/2024
DI1F34;02/01/2034;30281.93;23/12/2024
DI1F35;02/01/2035;26715.53;23/12/2024
DI1F36;02/01/2036;23481.72;23/12/2024
DI1F37;02/01/2037;20704.92;23/12/2024
DI1F38;04/01/2038;18177.49;23/12/2024
DI1F39;03/01/2039;15941.9;23/12/2024
DI1F25;02/01/2025;99817.94;26/12/2024
DI1G25;03/02/2025;98805.46;26/12/2024
DI1H25;05/03/2025;97815.56;26/12/2024
DI1J25;01/04/2025;96852.99;26/12/2024
DI1K25;02/05/2025;95799.24;26/12/2024
DI1M25;02/06/2025;94659.63;26/12/2024
DI1N25;01/07/2025;93544.18;26/12/2024
DI1Q25;01/08/2025;92292.21;26/12/2024
DI1U25;01/09/2025;91134.54;26/12/2024
DI1V25;01/10/2025;89919.68;26/12/2024
DI1X25;03/11/2025;88690.27;26/12/2024
DI1Z25;01/12/2025;87671.1;26/12/2024
DI1F26;02/01/2026;86491.06;26/12/2024
DI1J26;01/04/2026;83320.34;26/12/2024
DI1N26;01/07/2026;80376.57;26/12/2024
DI1V26;01/10/2026;77434.51;26/12/2024
DI1F27;04/01/2027;74749.56;26/12/2024
DI1J27;01/04/2027;72248.31;26/12/2024
DI1N27;01/07/2027;69732.11;26/12/2024
DI1V27;01/10/2027;67251.67;26/12/2024
DI1F28;03/01/2028;64960.43;26/12/2024
DI1J28;03/04/2028;62761.97;26/12/2024
DI1N28;03/07/2028;60687.88;26/12/2024
DI1V28;02/10/2028;58606.81;26/12/2024
DI1F29;02/01/2029;56767.46;26/12/2024
DI1J29;02/04/2029;54950.48;26/12/2024
DI1N29;02/07/2029;53112.53;26/12/2024
DI1V29;01/10/2029;51349.12;26/12/2024
DI1F30;02/01/2030;49663.64;26/12/2024
DI1F31;02/01/2031;43479.9;26/12/2024
DI1F32;02/01/2032;38154.38;26/12/2024
DI1F33;03/01/2033;33479.96;26/12/2024
DI1F34;02/01/2034;29516.65;26/12/2024
DI1F35;02/01/2035;25979.58;26/12/2024
DI1F36;02/01/2036;22950.46;26/12/2024
DI1F37;02/01/2037;20198.01;26/12/2024
DI1F38;04/01/2038;17752.75;26/12/2024
DI1F39;03/01/2039;15539.82;26/12/2024
DI1F25;02/01/2025;99863.54;27/12/2024
DI1G25;03/02/2025;98855.07;27/12/2024
DI1H25;05/03/2025;97869.04;27/12/2024
DI1J25;01/04/2025;96909.56;27/12/2024
DI1K25;02/05/2025;95861.69;27/12/2024
DI1M25;02/06/2025;94732.56;27/12/2024
DI1N25;01/07/2025;93624.63;27/12/2024
DI1Q25;01/08/2025;92378.86;27/12/2024
DI1U25;01/09/2025;91228.04;27/12/2024
DI1V25;01/10/2025;90006.25;27/12/2024
DI1X25;03/11/2025;88771.89;27/12/2024
DI1Z25;01/12/2025;87742.24;27/12/2024
DI1F26;02/01/2026;86544.66;27/12/2024
DI1J26;01/04/2026;83349.34;27/12/2024
DI1N26;01/07/2026;80362.75;27/12/2024
DI1V26;01/10/2026;77373.59;27/12/2024
DI1F27;04/01/2027;74636.37;27/12/2024
DI1J27;01/04/2027;72111.07;27/12/2024
DI1N27;01/07/2027;69533.88;27/12/2024
DI1V27;01/10/2027;67023.78;27/12/2024
DI1F28;03/01/2028;64649.65;27/12/2024
DI1J28;03/04/2028;62452.74;27/12/2024
DI1N28;03/07/2028;60292.88;27/12/2024
DI1V28;02/10/2028;58166.77;27/12/2024
DI1F29;02/01/2029;56300.17;27/12/2024
DI1J29;02/04/2029;54420.8;27/12/2024
DI1N29;02/07/2029;52594.9;27/12/2024
DI1V29;01/10/2029;50816.35;27/12/2024
DI1F30;02/01/2030;49084.66;27/12/2024
DI1F31;02/01/2031;42863.61;27/12/2024
DI1F32;02/01/2032;37455.69;27/12/2024
DI1F33;03/01/2033;32767.37;27/12/2024
DI1F34;02/01/2034;28825.86;27/12/2024
DI1F35;02/01/2035;25264.27;27/12/2024
DI1F36;02/01/2036;22254.86;27/12/2024
DI1F37;02/01/2037;19529.16;27/12/2024
DI1F38;04/01/2038;17116.18;27/12/2024
DI1F39;03/01/2039;14939.9;27/12/2024
DI1F25;02/01/2025;99909.01;30/12/2024
DI1G25;03/02/2025;98899.61;30/12/2024
DI1H25;05/03/2025;97915.75;30/12/2024
DI1J25;01/04/2025;96957.53;30/12/2024
DI1K25;02/05/2025;95911.05;30/12/2024
DI1M25;02/06/2025;94782.43;30/12/2024
DI1N25;01/07/2025;93674.79;30/12/2024
DI1Q25;01/08/2025;92422.23;30/12/2024
DI1U25;01/09/2025;91262.76;30/12/2024
DI1V25;01/10/2025;90030.48;30/12/2024
DI1X25;03/11/2025;88782.83;30/12/2024
DI1Z25;01/12/2025;87754.33;30/12/2024
DI1F26;02/01/2026;86539.28;30/12/2024
DI1J26;01/04/2026;83289.33;30/12/2024
DI1N26;01/07/2026;80245.85;30/12/2024
DI1V26;01/10/2026;77216.43;30/12/2024
DI1F27;04/01/2027;74442.03;30/12/2024
DI1J27;01/04/2027;71868.16;30/12/2024
DI1N27;01/07/2027;69257.09;30/12/2024
DI1V27;01/10/2027;66695.14;30/12/2024
DI1F28;03/01/2028;64328.59;30/12/2024
DI1J28;03/04/2028;62078.64;30/12/2024
DI1N28;03/07/2028;59934.73;30/12/2024
DI1V28;02/10/2028;57802.88;30/12/2024
DI1F29;02/01/2029;55900.22;30/12/2024
DI1J29;02/04/2029;54067.81;30/12/2024
DI1N29;02/07/2029;52191.24;30/12/2024
DI1V29;01/10/2029;50357.08;30/12/2024
DI1F30;02/01/2030;48690.1;30/12/2024
DI1F31;02/01/2031;42455.31;30/12/2024
DI1F32;02/01/2032;37077.85;30/12/2024
DI1F33;03/01/2033;32408.95;30/12/2024
DI1F34;02/01/2034;28459.91;30/12/2024
DI1F35;02/01/2035;24962.9;30/12/2024
DI1F36;02/01/2036;21917.79;30/12/2024
DI1F37;02/01/2037;19251.21;30/12/2024
DI1F38;04/01/2038;16952.62;30/12/2024
DI1F39;03/01/2039;14785.57;30/12/2024
DI1F25;02/01/2025;100000.0;02/01/2025
DI1G25;03/02/2025;98993.15;02/01/2025
DI1H25;05/03/2025;98014.9;02/01/2025
DI1J25;01/04/2025;97060.99;02/01/2025
DI1K25;02/05/2025;96025.53;02/01/2025
DI1M25;02/06/2025;94915.93;02/01/2025
DI1N25;01/07/2025;93819.32;02/01/2025
DI1Q25;01/08/2025;92588.42;02/01/2025
DI1U25;01/09/2025;91433.05;02/01/2025
DI1V25;01/10/2025;90241.36;02/01/2025
DI1X25;03/11/2025;89014.17;02/01/2025
DI1Z25;01/12/2025;87993.99;02/01/2025
DI1F26;02/01/2026;86812.34;02/01/2025
DI1J26;01/04/2026;83604.92;02/01/2025
DI1N26;01/07/2026;80590.5;02/01/2025
DI1V26;01/10/2026;77585.48;02/01/2025
DI1F27;04/01/2027;74824.27;02/01/2025
DI1J27;01/04/2027;72253.27;02/01/2025
DI1N27;01/07/2027;69660.83;02/01/2025
DI1V27;01/10/2027;67114.76;02/01/2025
DI1F28;03/01/2028;64753.44;02/01/2025
DI1J28;03/04/2028;62497.7;02/01/2025
DI1N28;03/07/2028;60371.67;02/01/2025
DI1V28;02/10/2028;58242.68;02/01/2025
DI1F29;02/01/2029;56356.33;02/01/2025
DI1J29;02/04/2029;54512.26;02/01/2025
DI1N29;02/07/2029;52625.95;02/01/2025
DI1V29;01/10/2029;50842.82;02/01/2025
DI1F30;02/01/2030;49138.87;02/01/2025
DI1N30;01/07/2030;46000.08;02/01/2025
DI1F31;02/01/2031;42922.79;02/01/2025
DI1F32;02/01/2032;37548.07;02/01/2025
DI1F33;03/01/2033;32856.11;02/01/2025
DI1F34;02/01/2034;28891.53;02/01/2025
DI1F35;02/01/2035;25365.1;02/01/2025
DI1F36;02/01/2036;22304.03;02/01/2025
DI1F37;02/01/2037;19620.1;02/01/2025
DI1F38;04/01/2038;17303.22;02/01/2025
DI1F39;03/01/2039;14926.11;02/01/2025
DI1F40;02/01/2040;13025.91;02/01/2025
DI1G25;03/02/2025;99038.99;03/01/2025
DI1H25;05/03/2025;98060.57;03/01/2025
DI1J25;01/04/2025;97107.24;03/01/2025
DI1K25;02/05/2025;96071.74;03/01/2025
DI1M25;02/06/2025;94958.81;03/01/2025
DI1N25;01/07/2025;93871.95;03/01/2025
DI1Q25;01/08/2025;92653.35;03/01/2025
DI1U25;01/09/2025;91523.2;03/01/2025
DI1V25;01/10/2025;90330.97;03/01/2025
DI1X25;03/11/2025;89120.15;03/01/2025
DI1Z25;01/12/2025;88107.66;03/01/2025
DI1F26;02/01/2026;86950.54;03/01/2025
DI1J26;01/04/2026;83805.45;03/01/2025
DI1N26;01/07/2026;80825.21;03/01/2025
DI1V26;01/10/2026;77851.28;03/01/2025
DI1F27;04/01/2027;75135.35;03/01/2025
DI1J27;01/04/2027;72597.32;03/01/2025
DI1N27;01/07/2027;70035.88;03/01/2025
DI1V27;01/10/2027;67476.34;03/01/2025
DI1F28;03/01/2028;65159.49;03/01/2025
DI1J28;03/04/2028;62924.86;03/01/2025
DI1N28;03/07/2028;60814.57;03/01/2025
DI1V28;02/10/2028;58695.12;03/01/2025
DI1F29;02/01/2029;56818.25;03/01/2025
DI1J29;02/04/2029;54984.62;03/01/2025
DI1N29;02/07/2029;53132.08;03/01/2025
DI1V29;01/10/2029;51322.58;03/01/2025
DI1F30;02/01/2030;49646.42;03/01/2025
DI1N30;01/07/2030;46497.95;03/01/2025
DI1F31;02/01/2031;43406.74;03/01/2025
DI1F32;02/01/2032;38009.88;03/01/2025
DI1F33;03/01/2033;33364.85;03/01/2025
DI1F34;02/01/2034;29402.98;03/01/2025
DI1F35;02/01/2035;25882.86;03/01/2025
DI1F36;02/01/2036;22804.15;03/01/2025
DI1F37;02/01/2037;20100.29;03/01/2025
DI1F38;04/01/2038;17761.73;03/01/2025
DI1F39;03/01/2039;15351.61;03/01/2025
DI1F40;02/01/2040;13423.72;03/01/2025
DI1G25;03/02/2025;99084.89;06/01/2025
DI1H25;05/03/2025;98108.94;06/01/2025
DI1J25;01/04/2025;97159.18;06/01/2025
DI1K25;02/05/2025;96129.18;06/01/2025
DI1M25;02/06/2025;95019.38;06/01/2025
DI1N25;01/07/2025;93942.99;06/01/2025
DI1Q25;01/08/2025;92725.94;06/01/2025
DI1U25;01/09/2025;91607.24;06/01/2025
DI1V25;01/10/2025;90418.52;06/01/2025
DI1X25;03/11/2025;89218.03;06/01/2025
DI1Z25;01/12/2025;88217.49;06/01/2025
DI1F26;02/01/2026;87057.54;06/01/2025
DI1J26;01/04/2026;83930.14;06/01/2025
DI1N26;01/07/2026;80970.71;06/01/2025
DI1V26;01/10/2026;78029.31;06/01/2025
DI1F27;04/01/2027;75344.87;06/01/2025
DI1J27;01/04/2027;72835.94;06/01/2025
DI1N27;01/07/2027;70311.61;06/01/2025
DI1V27;01/10/2027;67810.63;06/01/2025
DI1F28;03/01/2028;65510.26;06/01/2025
DI1J28;03/04/2028;63299.76;06/01/2025
DI1N28;03/07/2028;61212.63;06/01/2025
DI1V28;02/10/2028;59129.96;06/01/2025
DI1F29;02/01/2029;57270.12;06/01/2025
DI1J29;02/04/2029;55457.05;06/01/2025
DI1N29;02/07/2029;53622.44;06/01/2025
DI1V29;01/10/2029;51823.92;06/01/2025
DI1F30;02/01/2030;50148.6;06/01/2025
DI1N30;01/07/2030;47028.09;06/01/2025
DI1F31;02/01/2031;43964.63;06/01/2025
DI1F32;02/01/2032;38570.95;06/01/2025
DI1F33;03/01/2033;33907.77;06/01/2025
DI1F34;02/01/2034;29945.06;06/01/2025
DI1F35;02/01/2035;26437.04;06/01/2025
DI1F36;02/01/2036;23340.63;06/01/2025
DI1F37;02/01/2037;20616.54;06/01/2025
DI1F38;04/01/2038;18255.74;06/01/2025
DI1F39;03/01/2039;15811.02;06/01/2025
DI1F40;02/01/2040;13854.13;06/01/2025
DI1G25;03/02/2025;99130.45;07/01/2025
DI1H25;05/03/2025;98154.97;07/01/2025
DI1J25;01/04/2025;97204.08;07/01/2025
DI1K25;02/05/2025;96171.72;07/01/2025
DI1M25;02/06/2025;95062.03;07/01/2025
DI1N25;01/07/2025;93985.3;07/01/2025
DI1Q25;01/08/2025;92765.32;07/01/2025
DI1U25;01/09/2025;91633.94;07/01/2025
DI1V25;01/10/2025;90452.43;07/01/2025
DI1X25;03/11/2025;89246.2;07/01/2025
DI1Z25;01/12/2025;88245.94;07/01/2025
DI1F26;02/01/2026;87081.12;07/01/2025
DI1J26;01/04/2026;83943.38;07/01/2025
DI1N26;01/07/2026;80976.37;07/01/2025
DI1V26;01/10/2026;78019.79;07/01/2025
DI1F27;04/01/2027;75317.94;07/01/2025
DI1J27;01/04/2027;72808.75;07/01/2025
DI1N27;01/07/2027;70264.33;07/01/2025
DI1V27;01/10/2027;67760.97;07/01/2025
DI1F28;03/01/2028;65440.86;07/01/2025
DI1J28;03/04/2028;63218.63;07/01/2025
DI1N28;03/07/2028;61123.78;07/01/2025
DI1V28;02/10/2028;59023.85;07/01/2025
DI1F29;02/01/2029;57148.76;07/01/2025
DI1J29;02/04/2029;55326.25;07/01/2025
DI1N29;02/07/2029;53465.89;07/01/2025
DI1V29;01/10/2029;51672.79;07/01/2025
DI1F30;02/01/2030;50006.23;07/01/2025
DI1N30;01/07/2030;46852.04;07/01/2025
DI1F31;02/01/2031;43752.62;07/01/2025
DI1F32;02/01/2032;38361.41;07/01/2025
DI1F33;03/01/2033;33680.1;07/01/2025
DI1F34;02/01/2034;29702.5;07/01/2025
DI1F35;02/01/2035;26179.43;07/01/2025
DI1F36;02/01/2036;23089.19;07/01/2025
DI1F37;02/01/2037;20372.87;07/01/2025
DI1F38;04/01/2038;18021.19;07/01/2025
DI1F39;03/01/2039;15591.94;07/01/2025
DI1F40;02/01/2040;13648.0;07/01/2025
DI1G25;03/02/2025;99175.77;08/01/2025
DI1H25;05/03/2025;98201.46;08/01/2025
DI1J25;01/04/2025;97253.18;08/01/2025
DI1K25;02/05/2025;96224.52;08/01/2025
DI1M25;02/06/2025;95118.15;08/01/2025
DI1N25;01/07/2025;94045.5;08/01/2025
DI1Q25;01/08/2025;92825.3;08/01/2025
DI1U25;01/09/2025;91699.55;08/01/2025
DI1V25;01/10/2025;90519.96;08/01/2025
DI1X25;03/11/2025;89311.65;08/01/2025
DI1Z25;01/12/2025;88317.32;08/01/2025
DI1F26;02/01/2026;87160.83;08/01/2025
DI1J26;01/04/2026;84040.84;08/01/2025
DI1N26;01/07/2026;81068.84;08/01/2025
DI1V26;01/10/2026;78094.59;08/01/2025
DI1F27;04/01/2027;75386.58;08/01/2025
DI1J27;01/04/2027;72847.38;08/01/2025
DI1N27;01/07/2027;70295.28;08/01/2025
DI1V27;01/10/2027;67759.5;08/01/2025
DI1F28;03/01/2028;65418.97;08/01/2025
DI1J28;03/04/2028;63164.37;08/01/2025
DI1N28;03/07/2028;61046.39;08/01/2025
DI1V28;02/10/2028;58924.01;08/01/2025
DI1F29;02/01/2029;57028.06;08/01/2025
DI1J29;02/04/2029;55176.08;08/01/2025
DI1N29;02/07/2029;53306.15;08/01/2025
DI1V29;01/10/2029;51467.92;08/01/2025
DI1F30;02/01/2030;49781.28;08/01/2025
DI1N30;01/07/2030;46580.32;08/01/2025
DI1F31;02/01/2031;43501.71;08/01/2025
DI1F32;02/01/2032;38056.8;08/01/2025
DI1F33;03/01/2033;33348.15;08/01/2025
DI1F34;02/01/2034;29368.4;08/01/2025
DI1F35;02/01/2035;25828.5;08/01/2025
DI1F36;02/01/2036;22747.56;08/01/2025
DI1F37;02/01/2037;20042.58;08/01/2025
DI1F38;04/01/2038;17703.95;08/01/2025
DI1F39;03/01/2039;15296.17;08/01/2025
DI1F40;02/01/2040;13370.24;08/01/2025
DI1G25;03/02/2025;99221.15;09/01/2025
DI1H25;05/03/2025;98248.11;09/01/2025
DI1J25;01/04/2025;97301.67;09/01/2025
DI1K25;02/05/2025;96275.96;09/01/2025
DI1M25;02/06/2025;95172.22;09/01/2025
DI1N25;01/07/2025;94104.02;09/01/2025
DI1Q25;01/08/2025;92886.07;09/01/2025
DI1U25;01/09/2025;91758.86;09/01/2025
DI1V25;01/10/2025;90586.19;09/01/2025
DI1X25;03/11/2025;89382.08;09/01/2025
DI1Z25;01/12/2025;88393.36;09/01/2025
DI1F26;02/01/2026;87241.86;09/01/2025
DI1J26;01/04/2026;84138.12;09/01/2025
DI1N26;01/07/2026;81191.09;09/01/2025
DI1V26;01/10/2026;78252.23;09/01/2025
DI1F27;04/01/2027;75577.62;09/01/2025
DI1J27;01/04/2027;73060.51;09/01/2025
DI1N27;01/07/2027;70545.29;09/01/2025
DI1V27;01/10/2027;68032.99;09/01/2025
DI1F28;03/01/2028;65705.64;09/01/2025
DI1J28;03/04/2028;63457.99;09/01/2025
DI1N28;03/07/2028;61345.29;09/01/2025
DI1V28;02/10/2028;59216.05;09/01/2025
DI1F29;02/01/2029;57342.55;09/01/2025
DI1J29;02/04/2029;55466.87;09/01/2025
DI1N29;02/07/2029;53606.25;09/01/2025
DI1V29;01/10/2029;51770.52;09/01/2025
DI1F30;02/01/2030;50064.04;09/01/2025
DI1N30;01/07/2030;46837.63;09/01/2025
DI1F31;02/01/2031;43728.6;09/01/2025
DI1F32;02/01/2032;38229.84;09/01/2025
DI1F33;03/01/2033;33484.3;09/01/2025
DI1F34;02/01/2034;29471.48;09/01/2025
DI1F35;02/01/2035;25900.69;09/01/2025
DI1F36;02/01/2036;22816.23;09/01/2025
DI1F37;02/01/2037;20107.65;09/01/2025
DI1F38;04/01/2038;17765.4;09/01/2025
DI1F39;03/01/2039;15352.75;09/01/2025
DI1F40;02/01/2040;13422.73;09/01/2025
DI1G25;03/02/2025;99266.85;10/01/2025
DI1H25;05/03/2025;98293.31;10/01/2025
DI1J25;01/04/2025;97345.45;10/01/2025
DI1K25;02/05/2025;96316.72;10/01/2025
DI1M25;02/06/2025;95204.52;10/01/2025
DI1N25;01/07/2025;94128.97;10/01/2025
DI1Q25;01/08/2025;92901.4;10/01/2025
DI1U25;01/09/2025;91765.12;10/01/2025
DI1V25;01/10/2025;90576.92;10/01/2025
DI1X25;03/11/2025;89359.84;10/01/2025
DI1Z25;01/12/2025;88360.45;10/01/2025
DI1F26;02/01/2026;87195.29;10/01/2025
DI1J26;01/04/2026;84064.37;10/01/2025
DI1N26;01/07/2026;81103.37;10/01/2025
DI1V26;01/10/2026;78140.36;10/01/2025
DI1F27;04/01/2027;75444.09;10/01/2025
DI1J27;01/04/2027;72903.85;10/01/2025
DI1N27;01/07/2027;70351.33;10/01/2025
DI1V27;01/10/2027;67790.36;10/01/2025
DI1F28;03/01/2028;65422.71;10/01/2025
DI1J28;03/04/2028;63144.55;10/01/2025
DI1N28;03/07/2028;61004.07;10/01/2025
DI1V28;02/10/2028;58839.2;10/01/2025
DI1F29;02/01/2029;56928.6;10/01/2025
DI1J29;02/04/2029;55031.97;10/01/2025
DI1N29;02/07/2029;53152.87;10/01/2025
DI1V29;01/10/2029;51295.52;10/01/2025
DI1F30;02/01/2030;49564.77;10/01/2025
DI1N30;01/07/2030;46339.22;10/01/2025
DI1F31;02/01/2031;43179.16;10/01/2025
DI1F32;02/01/2032;37676.43;10/01/2025
DI1F33;03/01/2033;32920.29;10/01/2025
DI1F34;02/01/2034;28908.35;10/01/2025
DI1F35;02/01/2035;25349.94;10/01/2025
DI1F36;02/01/2036;22281.63;10/01/2025
DI1F37;02/01/2037;19592.23;10/01/2025
DI1F38;04/01/2038;17271.58;10/01/2025
DI1F39;03/01/2039;14893.38;10/01/2025
DI1F40;02/01/2040;12992.27;10/01/2025
DI1G25;03/02/2025;99312.04;13/01/2025
DI1H25;05/03/2025;98338.99;13/01/2025
DI1J25;01/04/2025;97394.37;13/01/2025
DI1K25;02/05/2025;96369.66;13/01/2025
DI1M25;02/06/2025;95263.37;13/01/2025
DI1N25;01/07/2025;94196.17;13/01/2025
DI1Q25;01/08/2025;92980.93;13/01/2025
DI1U25;01/09/2025;91856.44;13/01/2025
DI1V25;01/10/2025;90681.85;13/01/2025
DI1X25;03/11/2025;89476.39;13/01/2025
DI1Z25;01/12/2025;88486.26;13/01/2025
DI1F26;02/01/2026;87335.38;13/01/2025
DI1J26;01/04/2026;84236.08;13/01/2025
DI1N26;01/07/2026;81301.32;13/01/2025
DI1V26;01/10/2026;78366.35;13/01/2025
DI1F27;04/01/2027;75673.29;13/01/2025
DI1J27;01/04/2027;73126.31;13/01/2025
DI1N27;01/07/2027;70584.37;13/01/2025
DI1V27;01/10/2027;67996.23;13/01/2025
DI1F28;03/01/2028;65634.63;13/01/2025
DI1J28;03/04/2028;63340.46;13/01/2025
DI1N28;03/07/2028;61190.38;13/01/2025
DI1V28;02/10/2028;58974.74;13/01/2025
DI1F29;02/01/2029;57083.62;13/01/2025
DI1J29;02/04/2029;55173.09;13/01/2025
DI1N29;02/07/2029;53270.92;13/01/2025
DI1V29;01/10/2029;51393.4;13/01/2025
DI1F30;02/01/2030;49654.3;13/01/2025
DI1N30;01/07/2030;46393.66;13/01/2025
DI1F31;02/01/2031;43205.64;13/01/2025
DI1F32;02/01/2032;37643.08;13/01/2025
DI1F33;03/01/2033;32884.16;13/01/2025
DI1F34;02/01/2034;28850.28;13/01/2025
DI1F35;02/01/2035;25278.69;13/01/2025
DI1F36;02/01/2036;22211.42;13/01/2025
DI1F37;02/01/2037;19523.71;13/01/2025
DI1F38;04/01/2038;17205.29;13/01/2025
DI1F39;03/01/2039;14831.31;13/01/2025
DI1F40;02/01/2040;12933.74;13/01/2025
DI1G25;03/02/2025;99357.36;14/01/2025
DI1H25;05/03/2025;98385.01;14/01/2025
DI1J25;01/04/2025;97440.73;14/01/2025
DI1K25;02/05/2025;96417.83;14/01/2025
DI1M25;02/06/2025;95312.35;14/01/2025
DI1N25;01/07/2025;94248.53;14/01/2025
DI1Q25;01/08/2025;93031.3;14/01/2025
DI1U25;01/09/2025;91912.07;14/01/2025
DI1V25;01/10/2025;90746.14;14/01/2025
DI1X25;03/11/2025;89545.29;14/01/2025
DI1Z25;01/12/2025;88560.63;14/01/2025
DI1F26;02/01/2026;87416.06;14/01/2025
DI1J26;01/04/2026;84337.38;14/01/2025
DI1N26;01/07/2026;81410.77;14/01/2025
DI1V26;01/10/2026;78500.24;14/01/2025
DI1F27;04/01/2027;75821.48;14/01/2025
DI1J27;01/04/2027;73305.69;14/01/2025
DI1N27;01/07/2027;70768.2;14/01/2025
DI1V27;01/10/2027;68235.99;14/01/2025
DI1F28;03/01/2028;65865.49;14/01/2025
DI1J28;03/04/2028;63582.64;14/01/2025
DI1N28;03/07/2028;61439.44;14/01/2025
DI1V28;02/10/2028;59275.71;14/01/2025
DI1F29;02/01/2029;57372.05;14/01/2025
DI1J29;02/04/2029;55473.18;14/01/2025
DI1N29;02/07/2029;53590.67;14/01/2025
DI1V29;01/10/2029;51728.48;14/01/2025
DI1F30;02/01/2030;49991.23;14/01/2025
DI1N30;01/07/2030;46754.8;14/01/2025
DI1F31;02/01/2031;43576.12;14/01/2025
DI1F32;02/01/2032;38014.83;14/01/2025
DI1F33;03/01/2033;33262.72;14/01/2025
DI1F34;02/01/2034;29208.99;14/01/2025
DI1F35;02/01/2035;25641.95;14/01/2025
DI1F36;02/01/2036;22561.64;14/01/2025
DI1F37;02/01/2037;19859.36;14/01/2025
DI1F38;04/01/2038;17525.26;14/01/2025
DI1F39;03/01/2039;15127.82;14/01/2025
DI1F40;02/01/2040;13210.55;14/01/2025
DI1G25;03/02/2025;99402.76;15/01/2025
DI1H25;05/03/2025;98430.53;15/01/2025
DI1J25;01/04/2025;97487.7;15/01/2025
DI1K25;02/05/2025;96465.78;15/01/2025
DI1M25;02/06/2025;95364.14;15/01/2025
DI1N25;01/07/2025;94302.33;15/01/2025
DI1Q25;01/08/2025;93091.8;15/01/2025
DI1U25;01/09/2025;91982.69;15/01/2025
DI1V25;01/10/2025;90822.14;15/01/2025
DI1X25;03/11/2025;89631.6;15/01/2025
DI1Z25;01/12/2025;88651.1;15/01/2025
DI1F26;02/01/2026;87518.61;15/01/2025
DI1J26;01/04/2026;84468.58;15/01/2025
DI1N26;01/07/2026;81592.93;15/01/2025
DI1V26;01/10/2026;78728.49;15/01/2025
DI1F27;04/01/2027;76108.95;15/01/2025
DI1J27;01/04/2027;73632.18;15/01/2025
DI1N27;01/07/2027;71152.64;15/01/2025
DI1V27;01/10/2027;68653.18;15/01/2025
DI1F28;03/01/2028;66349.81;15/01/2025
DI1J28;03/04/2028;64127.97;15/01/2025
DI1N28;03/07/2028;62031.66;15/01/2025
DI1V28;02/10/2028;59913.97;15/01/2025
DI1F29;02/01/2029;58047.73;15/01/2025
DI1J29;02/04/2029;56177.33;15/01/2025
DI1N29;02/07/2029;54308.1;15/01/2025
DI1V29;01/10/2029;52457.24;15/01/2025
DI1F30;02/01/2030;50750.32;15/01/2025
DI1N30;01/07/2030;47515.39;15/01/2025
DI1F31;02/01/2031;44361.94;15/01/2025
DI1F32;02/01/2032;38792.97;15/01/2025
DI1F33;03/01/2033;34012.65;15/01/2025
DI1F34;02/01/2034;29961.55;15/01/2025
DI1F35;02/01/2035;26336.55;15/01/2025
DI1F36;02/01/2036;23233.84;15/01/2025
DI1F37;02/01/2037;20505.92;15/01/2025
DI1F38;04/01/2038;18143.64;15/01/2025
DI1F39;03/01/2039;15702.54;15/01/2025
DI1F40;02/01/2040;13748.65;15/01/2025
DI1G25;03/02/2025;99447.99;16/01/2025
DI1H25;05/03/2025;98474.96;16/01/2025
DI1J25;01/04/2025;97531.22;16/01/2025
DI1K25;02/05/2025;96507.53;16/01/2025
DI1M25;02/06/2025;95402.41;16/01/2025
DI1N25;01/07/2025;94338.43;16/01/2025
DI1Q25;01/08/2025;93120.29;16/01/2025
DI1U25;01/09/2025;92005.27;16/01/2025
DI1V25;01/10/2025;90839.62;16/01/2025
DI1X25;03/11/2025;89637.78;16/01/2025
DI1Z25;01/12/2025;88650.87;16/01/2025
DI1F26;02/01/2026;87508.82;16/01/2025
DI1J26;01/04/2026;84431.64;16/01/2025
DI1N26;01/07/2026;81516.63;16/01/2025
DI1V26;01/10/2026;78605.89;16/01/2025
DI1F27;04/01/2027;75941.34;16/01/2025
DI1J27;01/04/2027;73429.87;16/01/2025
DI1N27;01/07/2027;70913.66;16/01/2025
DI1V27;01/10/2027;68394.18;16/01/2025
DI1F28;03/01/2028;66059.28;16/01/2025
DI1J28;03/04/2028;63807.86;16/01/2025
DI1N28;03/07/2028;61688.6;16/01/2025
DI1V28;02/10/2028;59548.05;16/01/2025
DI1F29;02/01/2029;57656.34;16/01/2025
DI1J29;02/04/2029;55773.29;16/01/2025
DI1N29;02/07/2029;53879.88;16/01/2025
DI1V29;01/10/2029;52016.14;16/01/2025
DI1F30;02/01/2030;50287.21;16/01/2025
DI1N30;01/07/2030;47016.34;16/01/2025
DI1F31;02/01/2031;43811.31;16/01/2025
DI1F32;02/01/2032;38199.22;16/01/2025
DI1F33;03/01/2033;33425.87;16/01/2025
DI1F34;02/01/2034;29350.19;16/01/2025
DI1F35;02/01/2035;25734.23;16/01/2025
DI1F36;02/01/2036;22648.41;16/01/2025
DI1F37;02/01/2037;19940.72;16/01/2025
DI1F38;04/01/2038;17601.41;16/01/2025
DI1F39;03/01/2039;15197.44;16/01/2025
DI1F40;02/01/2040;13274.7;16/01/2025
DI1G25;03/02/2025;99493.1;17/01/2025
DI1H25;05/03/2025;98520.11;17/01/2025
DI1J25;01/04/2025;97576.64;17/01/2025
DI1K25;02/05/2025;96552.32;17/01/2025
DI1M25;02/06/2025;95449.72;17/01/2025
DI1N25;01/07/2025;94380.6;17/01/2025
DI1Q25;01/08/2025;93155.59;17/01/2025
DI1U25;01/09/2025;92034.14;17/01/2025
DI1V25;01/10/2025;90865.82;17/01/2025
DI1X25;03/11/2025;89660.52;17/01/2025
DI1Z25;01/12/2025;88671.23;17/01/2025
DI1F26;02/01/2026;87515.57;17/01/2025
DI1J26;01/04/2026;84433.1;17/01/2025
DI1N26;01/07/2026;81517.55;17/01/2025
DI1V26;01/10/2026;78594.37;17/01/2025
DI1F27;04/01/2027;75912.13;17/01/2025
DI1J27;01/04/2027;73382.01;17/01/2025
DI1N27;01/07/2027;70856.04;17/01/2025
DI1V27;01/10/2027;68312.68;17/01/2025
DI1F28;03/01/2028;65957.96;17/01/2025
DI1J28;03/04/2028;63688.0;17/01/2025
DI1N28;03/07/2028;61550.3;17/01/2025
DI1V28;02/10/2028;59379.38;17/01/2025
DI1F29;02/01/2029;57452.87;17/01/2025
DI1J29;02/04/2029;55538.24;17/01/2025
DI1N29;02/07/2029;53620.92;17/01/2025
DI1V29;01/10/2029;51733.33;17/01/2025
DI1F30;02/01/2030;49970.51;17/01/2025
DI1N30;01/07/2030;46661.98;17/01/2025
DI1F31;02/01/2031;43420.81;17/01/2025
DI1F32;02/01/2032;37759.16;17/01/2025
DI1F33;03/01/2033;32932.54;17/01/2025
DI1F34;02/01/2034;28831.35;17/01/2025
DI1F35;02/01/2035;25180.07;17/01/2025
DI1F36;02/01/2036;22110.91;17/01/2025
DI1F37;02/01/2037;19422.93;17/01/2025
DI1F38;04/01/2038;17105.73;17/01/2025
DI1F39;03/01/2039;14736.72;17/01/2025
DI1F40;02/01/2040;12843.34;17/01/2025
DI1G25;03/02/2025;99538.79;20/01/2025
DI1H25;05/03/2025;98565.22;20/01/2025
DI1J25;01/04/2025;97621.34;20/01/2025
DI1K25;02/05/2025;96597.69;20/01/2025
DI1M25;02/06/2025;95494.98;20/01/2025
DI1N25;01/07/2025;94429.43;20/01/2025
DI1Q25;01/08/2025;93207.04;20/01/2025
DI1U25;01/09/2025;92086.39;20/01/2025
DI1V25;01/10/2025;90917.78;20/01/2025
DI1X25;03/11/2025;89718.72;20/01/2025
DI1Z25;01/12/2025;88732.63;20/01/2025
DI1F26;02/01/2026;87587.23;20/01/2025
DI1J26;01/04/2026;84522.49;20/01/2025
DI1N26;01/07/2026;81625.51;20/01/2025
DI1V26;01/10/2026;78735.84;20/01/2025
DI1F27;04/01/2027;76071.37;20/01/2025
DI1J27;01/04/2027;73572.06;20/01/2025
DI1N27;01/07/2027;71074.02;20/01/2025
DI1V27;01/10/2027;68557.1;20/01/2025
DI1F28;03/01/2028;66231.08;20/01/2025
DI1J28;03/04/2028;63988.89;20/01/2025
DI1N28;03/07/2028;61880.88;20/01/2025
DI1V28;02/10/2028;59727.16;20/01/2025
DI1F29;02/01/2029;57828.83;20/01/2025
DI1J29;02/04/2029;55920.24;20/01/2025
DI1N29;02/07/2029;54012.22;20/01/2025
DI1V29;01/10/2029;52116.17;20/01/2025
DI1F30;02/01/2030;50358.09;20/01/2025
DI1N30;01/07/2030;47048.59;20/01/2025
DI1F31;02/01/2031;43814.78;20/01/2025
DI1F32;02/01/2032;38101.49;20/01/2025
DI1F33;03/01/2033;33271.96;20/01/2025
DI1F34;02/01/2034;29114.55;20/01/2025
DI1F35;02/01/2035;25470.9;20/01/2025
DI1F36;02/01/2036;22390.87;20/01/2025
DI1F37;02/01/2037;19690.86;20/01/2025
DI1F38;04/01/2038;17360.8;20/01/2025
DI1F39;03/01/2039;14972.82;20/01/2025
DI1F40;02/01/2040;13063.5;20/01/2025
DI1G25;03/02/2025;99584.18;21/01/2025
DI1H25;05/03/2025;98609.9;21/01/2025
DI1J25;01/04/2025;97665.37;21/01/2025
DI1K25;02/05/2025;96640.88;21/01/2025
DI1M25;02/06/2025;95540.05;21/01/2025
DI1N25;01/07/2025;94476.14;21/01/2025
DI1Q25;01/08/2025;93249.94;21/01/2025
DI1U25;01/09/2025;92130.82;21/01/2025
DI1V25;01/10/2025;90962.57;21/01/2025
DI1X25;03/11/2025;89761.5;21/01/2025
DI1Z25;01/12/2025;88773.31;21/01/2025
DI1F26;02/01/2026;87624.76;21/01/2025
DI1J26;01/04/2026;84552.24;21/01/2025
DI1N26;01/07/2026;81653.03;21/01/2025
DI1V26;01/10/2026;78746.41;21/01/2025
DI1F27;04/01/2027;76076.82;21/01/2025
DI1J27;01/04/2027;73561.78;21/01/2025
DI1N27;01/07/2027;71053.8;21/01/2025
DI1V27;01/10/2027;68548.99;21/01/2025
DI1F28;03/01/2028;66220.7;21/01/2025
DI1J28;03/04/2028;63992.61;21/01/2025
DI1N28;03/07/2028;61845.27;21/01/2025
DI1V28;02/10/2028;59691.59;21/01/2025
DI1F29;02/01/2029;57780.16;21/01/2025
DI1J29;02/04/2029;55872.38;21/01/2025
DI1N29;02/07/2029;53957.27;21/01/2025
DI1V29;01/10/2029;52060.57;21/01/2025
DI1F30;02/01/2030;50304.44;21/01/2025
DI1N30;01/07/2030;46986.48;21/01/2025
DI1F31;02/01/2031;43746.88;21/01/2025
DI1F32;02/01/2032;38051.73;21/01/2025
DI1F33;03/01/2033;33210.31;21/01/2025
DI1F34;02/01/2034;29065.18;21/01/2025
DI1F35;02/01/2035;25390.75;21/01/2025
DI1F36;02/01/2036;22312.02;21/01/2025
DI1F37;02/01/2037;19553.18;21/01/2025
DI1F38;04/01/2038;17228.42;21/01/2025
DI1F39;03/01/2039;14849.4;21/01/2025
DI1F40;02/01/2040;12947.61;21/01/2025
DI1G25;03/02/2025;99629.51;22/01/2025
DI1H25;05/03/2025;98655.28;22/01/2025
DI1J25;01/04/2025;97710.39;22/01/2025
DI1K25;02/05/2025;96685.15;22/01/2025
DI1M25;02/06/2025;95585.23;22/01/2025
DI1N25;01/07/2025;94526.83;22/01/2025
DI1Q25;01/08/2025;93302.72;22/01/2025
DI1U25;01/09/2025;92187.96;22/01/2025
DI1V25;01/10/2025;91027.18;22/01/2025
DI1X25;03/11/2025;89825.17;22/01/2025
DI1Z25;01/12/2025;88840.61;22/01/2025
DI1F26;02/01/2026;87699.87;22/01/2025
DI1J26;01/04/2026;84631.81;22/01/2025
DI1N26;01/07/2026;81727.26;22/01/2025
DI1V26;01/10/2026;78825.21;22/01/2025
DI1F27;04/01/2027;76159.07;22/01/2025
DI1J27;01/04/2027;73655.75;22/01/2025
DI1N27;01/07/2027;71160.85;22/01/2025
DI1V27;01/10/2027;68665.56;22/01/2025
DI1F28;03/01/2028;66338.64;22/01/2025
DI1J28;03/04/2028;64100.81;22/01/2025
DI1N28;03/07/2028;61973.63;22/01/2025
DI1V28;02/10/2028;59827.94;22/01/2025
DI1F29;02/01/2029;57908.74;22/01/2025
DI1J29;02/04/2029;56022.72;22/01/2025
DI1N29;02/07/2029;54115.62;22/01/2025
DI1V29;01/10/2029;52237.43;22/01/2025
DI1F30;02/01/2030;50487.08;22/01/2025
DI1N30;01/07/2030;47200.24;22/01/2025
DI1F31;02/01/2031;43969.31;22/01/2025
DI1F32;02/01/2032;38313.58;22/01/2025
DI1F33;03/01/2033;33480.96;22/01/2025
DI1F34;02/01/2034;29316.45;22/01/2025
DI1F35;02/01/2035;25659.6;22/01/2025
DI1F36;02/01/2036;22570.91;22/01/2025
DI1F37;02/01/2037;19800.23;22/01/2025
DI1F38;04/01/2038;17463.66;22/01/2025
DI1F39;03/01/2039;15067.2;22/01/2025
DI1F40;02/01/2040;13150.76;22/01/2025
DI1G25;03/02/2025;99674.81;23/01/2025
DI1H25;05/03/2025;98700.47;23/01/2025
DI1J25;01/04/2025;97754.78;23/01/2025
DI1K25;02/05/2025;96729.34;23/01/2025
DI1M25;02/06/2025;95623.55;23/01/2025
DI1N25;01/07/2025;94554.98;23/01/2025
DI1Q25;01/08/2025;93319.67;23/01/2025
DI1U25;01/09/2025;92196.28;23/01/2025
DI1V25;01/10/2025;91024.02;23/01/2025
DI1X25;03/11/2025;89811.4;23/01/2025
DI1Z25;01/12/2025;88814.05;23/01/2025
DI1F26;02/01/2026;87660.72;23/01/2025
DI1J26;01/04/2026;84565.23;23/01/2025
DI1N26;01/07/2026;81637.73;23/01/2025
DI1V26;01/10/2026;78697.95;23/01/2025
DI1F27;04/01/2027;75991.5;23/01/2025
DI1J27;01/04/2027;73463.08;23/01/2025
DI1N27;01/07/2027;70942.57;23/01/2025
DI1V27;01/10/2027;68410.83;23/01/2025
DI1F28;03/01/2028;66081.13;23/01/2025
DI1J28;03/04/2028;63822.32;23/01/2025
DI1N28;03/07/2028;61679.44;23/01/2025
DI1V28;02/10/2028;59516.58;23/01/2025
DI1F29;02/01/2029;57616.98;23/01/2025
DI1J29;02/04/2029;55696.93;23/01/2025
DI1N29;02/07/2029;53765.81;23/01/2025
DI1V29;01/10/2029;51861.91;23/01/2025
DI1F30;02/01/2030;50116.73;23/01/2025
DI1N30;01/07/2030;46762.26;23/01/2025
DI1F31;02/01/2031;43585.07;23/01/2025
DI1F32;02/01/2032;37882.26;23/01/2025
DI1F33;03/01/2033;33012.79;23/01/2025
DI1F34;02/01/2034;28846.19;23/01/2025
DI1F35;02/01/2035;25192.53;23/01/2025
DI1F36;02/01/2036;22117.77;23/01/2025
DI1F37;02/01/2037;19365.13;23/01/2025
DI1F38;04/01/2038;17047.23;23/01/2025
DI1F39;03/01/2039;14680.23;23/01/2025
DI1F40;02/01/2040;12788.56;23/01/2025
DI1G25;03/02/2025;99720.17;24/01/2025
DI1H25;05/03/2025;98745.5;24/01/2025
DI1J25;01/04/2025;97799.34;24/01/2025
DI1K25;02/05/2025;96772.38;24/01/2025
DI1M25;02/06/2025;95663.29;24/01/2025
DI1N25;01/07/2025;94591.22;24/01/2025
DI1Q25;01/08/2025;93343.83;24/01/2025
DI1U25;01/09/2025;92212.83;24/01/2025
DI1V25;01/10/2025;91031.27;24/01/2025
DI1X25;03/11/2025;89805.58;24/01/2025
DI1Z25;01/12/2025;88799.42;24/01/2025
DI1F26;02/01/2026;87637.39;24/01/2025
DI1J26;01/04/2026;84515.99;24/01/2025
DI1N26;01/07/2026;81570.29;24/01/2025
DI1V26;01/10/2026;78623.35;24/01/2025
DI1F27;04/01/2027;75925.41;24/01/2025
DI1J27;01/04/2027;73399.91;24/01/2025
DI1N27;01/07/2027;70884.61;24/01/2025
DI1V27;01/10/2027;68373.3;24/01/2025
DI1F28;03/01/2028;66049.61;24/01/2025
DI1J28;03/04/2028;63793.17;24/01/2025
DI1N28;03/07/2028;61664.72;24/01/2025
DI1V28;02/10/2028;59506.4;24/01/2025
DI1F29;02/01/2029;57592.59;24/01/2025
DI1J29;02/04/2029;55683.97;24/01/2025
DI1N29;02/07/2029;53763.05;24/01/2025
DI1V29;01/10/2029;51865.8;24/01/2025
DI1F30;02/01/2030;50119.23;24/01/2025
DI1N30;01/07/2030;46808.14;24/01/2025
DI1F31;02/01/2031;43571.51;24/01/2025
DI1F32;02/01/2032;37878.47;24/01/2025
DI1F33;03/01/2033;33040.25;24/01/2025
DI1F34;02/01/2034;28875.58;24/01/2025
DI1F35;02/01/2035;25191.34;24/01/2025
DI1F36;02/01/2036;22086.08;24/01/2025
DI1F37;02/01/2037;19307.83;24/01/2025
DI1F38;04/01/2038;16965.1;24/01/2025
DI1F39;03/01/2039;14603.55;24/01/2025
DI1F40;02/01/2040;12716.47;24/01/2025
DI1G25;03/02/2025;99765.64;27/01/2025
DI1H25;05/03/2025;98790.94;27/01/2025
DI1J25;01/04/2025;97845.15;27/01/2025
DI1K25;02/05/2025;96818.2;27/01/2025
DI1M25;02/06/2025;95710.35;27/01/2025
DI1N25;01/07/2025;94639.47;27/01/2025
DI1Q25;01/08/2025;93391.61;27/01/2025
DI1U25;01/09/2025;92254.59;27/01/2025
DI1V25;01/10/2025;91070.24;27/01/2025
DI1X25;03/11/2025;89844.88;27/01/2025
DI1Z25;01/12/2025;88838.93;27/01/2025
DI1F26;02/01/2026;87675.04;27/01/2025
DI1J26;01/04/2026;84555.27;27/01/2025
DI1N26;01/07/2026;81612.71;27/01/2025
DI1V26;01/10/2026;78692.04;27/01/2025
DI1F27;04/01/2027;76012.82;27/01/2025
DI1J27;01/04/2027;73506.2;27/01/2025
DI1N27;01/07/2027;71007.76;27/01/2025
DI1V27;01/10/2027;68510.13;27/01/2025
DI1F28;03/01/2028;66204.05;27/01/2025
DI1J28;03/04/2028;63973.12;27/01/2025
DI1N28;03/07/2028;61854.81;27/01/2025
DI1V28;02/10/2028;59706.71;27/01/2025
DI1F29;02/01/2029;57810.67;27/01/2025
DI1J29;02/04/2029;55905.99;27/01/2025
DI1N29;02/07/2029;54000.91;27/01/2025
DI1V29;01/10/2029;52117.41;27/01/2025
DI1F30;02/01/2030;50386.43;27/01/2025
DI1N30;01/07/2030;47077.85;27/01/2025
DI1F31;02/01/2031;43859.93;27/01/2025
DI1F32;02/01/2032;38175.2;27/01/2025
DI1F33;03/01/2033;33322.75;27/01/2025
DI1F34;02/01/2034;29160.85;27/01/2025
DI1F35;02/01/2035;25490.46;27/01/2025
DI1F36;02/01/2036;22373.62;27/01/2025
DI1F37;02/01/2037;19581.69;27/01/2025
DI1F38;04/01/2038;17225.26;27/01/2025
DI1F39;03/01/2039;14844.21;27/01/2025
DI1F40;02/01/2040;12940.72;27/01/2025
DI1G25;03/02/2025;99811.16;28/01/2025
DI1H25;05/03/2025;98835.86;28/01/2025
DI1J25;01/04/2025;97890.07;28/01/2025
DI1K25;02/05/2025;96862.87;28/01/2025
DI1M25;02/06/2025;95755.81;28/01/2025
DI1N25;01/07/2025;94688.12;28/01/2025
DI1Q25;01/08/2025;93442.74;28/01/2025
DI1U25;01/09/2025;92305.94;28/01/2025
DI1V25;01/10/2025;91118.47;28/01/2025
DI1X25;03/11/2025;89894.49;28/01/2025
DI1Z25;01/12/2025;88892.2;28/01/2025
DI1F26;02/01/2026;87734.74;28/01/2025
DI1J26;01/04/2026;84625.53;28/01/2025
DI1N26;01/07/2026;81701.17;28/01/2025
DI1V26;01/10/2026;78789.2;28/01/2025
DI1F27;04/01/2027;76124.19;28/01/2025
DI1J27;01/04/2027;73620.68;28/01/2025
DI1N27;01/07/2027;71114.56;28/01/2025
DI1V27;01/10/2027;68631.13;28/01/2025
DI1F28;03/01/2028;66301.55;28/01/2025
DI1J28;03/04/2028;64082.83;28/01/2025
DI1N28;03/07/2028;61942.51;28/01/2025
DI1V28;02/10/2028;59804.68;28/01/2025
DI1F29;02/01/2029;57895.82;28/01/2025
DI1J29;02/04/2029;55993.5;28/01/2025
DI1N29;02/07/2029;54101.11;28/01/2025
DI1V29;01/10/2029;52203.27;28/01/2025
DI1F30;02/01/2030;50453.02;28/01/2025
DI1N30;01/07/2030;47137.04;28/01/2025
DI1F31;02/01/2031;43904.51;28/01/2025
DI1F32;02/01/2032;38200.95;28/01/2025
DI1F33;03/01/2033;33341.18;28/01/2025
DI1F34;02/01/2034;29154.36;28/01/2025
DI1F35;02/01/2035;25465.08;28/01/2025
DI1F36;02/01/2036;22347.81;28/01/2025
DI1F37;02/01/2037;19555.97;28/01/2025
DI1F38;04/01/2038;17199.9;28/01/2025
DI1F39;03/01/2039;14820.12;28/01/2025
DI1F40;02/01/2040;12917.71;28/01/2025
DI1G25;03/02/2025;99856.46;29/01/2025
DI1H25;05/03/2025;98881.06;29/01/2025
DI1J25;01/04/2025;97934.6;29/01/2025
DI1K25;02/05/2025;96907.27;29/01/2025
DI1M25;02/06/2025;95797.78;29/01/2025
DI1N25;01/07/2025;94725.28;29/01/2025
DI1Q25;01/08/2025;93475.5;29/01/2025
DI1U25;01/09/2025;92332.86;29/01/2025
DI1V25;01/10/2025;91141.71;29/01/2025
DI1X25;03/11/2025;89909.55;29/01/2025
DI1Z25;01/12/2025;88902.76;29/01/2025
DI1F26;02/01/2026;87735.9;29/01/2025
DI1J26;01/04/2026;84613.51;29/01/2025
DI1N26;01/07/2026;81669.78;29/01/2025
DI1V26;01/10/2026;78732.55;29/01/2025
DI1F27;04/01/2027;76054.87;29/01/2025
DI1J27;01/04/2027;73540.04;29/01/2025
DI1N27;01/07/2027;71031.68;29/01/2025
DI1V27;01/10/2027;68508.23;29/01/2025
DI1F28;03/01/2028;66188.1;29/01/2025
DI1J28;03/04/2028;63957.02;29/01/2025
DI1N28;03/07/2028;61810.76;29/01/2025
DI1V28;02/10/2028;59678.68;29/01/2025
DI1F29;02/01/2029;57753.94;29/01/2025
DI1J29;02/04/2029;55851.8;29/01/2025
DI1N29;02/07/2029;53937.62;29/01/2025
DI1V29;01/10/2029;52024.25;29/01/2025
DI1F30;02/01/2030;50275.94;29/01/2025
DI1N30;01/07/2030;46980.93;29/01/2025
DI1F31;02/01/2031;43729.5;29/01/2025
DI1F32;02/01/2032;38035.14;29/01/2025
DI1F33;03/01/2033;33186.29;29/01/2025
DI1F34;02/01/2034;29028.81;29/01/2025
DI1F35;02/01/2035;25330.84;29/01/2025
DI1F36;02/01/2036;22216.87;29/01/2025
DI1F37;02/01/2037;19429.74;29/01/2025
DI1F38;04/01/2038;17078.77;29/01/2025
DI1F39;03/01/2039;14707.22;29/01/2025
DI1F40;02/01/2040;12811.74;29/01/2025
DI1G25;03/02/2025;99902.03;30/01/2025
DI1H25;05/03/2025;98926.7;30/01/2025
DI1J25;01/04/2025;97980.74;30/01/2025
DI1K25;02/05/2025;96957.21;30/01/2025
DI1M25;02/06/2025;95858.84;30/01/2025
DI1N25;01/07/2025;94804.37;30/01/2025
DI1Q25;01/08/2025;93585.21;30/01/2025
DI1U25;01/09/2025;92480.69;30/01/2025
DI1V25;01/10/2025;91328.59;30/01/2025
DI1X25;03/11/2025;90136.49;30/01/2025
DI1Z25;01/12/2025;89156.39;30/01/2025
DI1F26;02/01/2026;88030.03;30/01/2025
DI1J26;01/04/2026;85011.84;30/01/2025
DI1N26;01/07/2026;82158.86;30/01/2025
DI1V26;01/10/2026;79297.58;30/01/2025
DI1F27;04/01/2027;76674.14;30/01/2025
DI1J27;01/04/2027;74205.91;30/01/2025
DI1N27;01/07/2027;71739.55;30/01/2025
DI1V27;01/10/2027;69255.91;30/01/2025
DI1F28;03/01/2028;66956.88;30/01/2025
DI1J28;03/04/2028;64720.35;30/01/2025
DI1N28;03/07/2028;62586.09;30/01/2025
DI1V28;02/10/2028;60435.04;30/01/2025
DI1F29;02/01/2029;58522.03;30/01/2025
DI1J29;02/04/2029;56610.72;30/01/2025
DI1N29;02/07/2029;54688.34;30/01/2025
DI1V29;01/10/2029;52793.13;30/01/2025
DI1F30;02/01/2030;51039.24;30/01/2025
DI1N30;01/07/2030;47687.77;30/01/2025
DI1F31;02/01/2031;44466.58;30/01/2025
DI1F32;02/01/2032;38722.44;30/01/2025
DI1F33;03/01/2033;33799.61;30/01/2025
DI1F34;02/01/2034;29577.08;30/01/2025
DI1F35;02/01/2035;25825.8;30/01/2025
DI1F36;02/01/2036;22693.94;30/01/2025
DI1F37;02/01/2037;19872.85;30/01/2025
DI1F38;04/01/2038;17500.54;30/01/2025
DI1F39;03/01/2039;15098.05;30/01/2025
DI1F40;02/01/2040;13176.54;30/01/2025
DI1G25;03/02/2025;99950.99;31/01/2025
DI1H25;05/03/2025;98975.09;31/01/2025
DI1J25;01/04/2025;98028.82;31/01/2025
DI1K25;02/05/2025;97002.88;31/01/2025
DI1M25;02/06/2025;95901.8;31/01/2025
DI1N25;01/07/2025;94847.31;31/01/2025
DI1Q25;01/08/2025;93624.38;31/01/2025
DI1U25;01/09/2025;92515.33;31/01/2025
DI1V25;01/10/2025;91354.67;31/01/2025
DI1X25;03/11/2025;90158.24;31/01/2025
DI1Z25;01/12/2025;89174.2;31/01/2025
DI1F26;02/01/2026;88039.77;31/01/2025
DI1J26;01/04/2026;85000.72;31/01/2025
DI1N26;01/07/2026;82138.45;31/01/2025
DI1V26;01/10/2026;79286.57;31/01/2025
DI1F27;04/01/2027;76670.74;31/01/2025
DI1J27;01/04/2027;74217.78;31/01/2025
DI1N27;01/07/2027;71762.57;31/01/2025
DI1V27;01/10/2027;69311.55;31/01/2025
DI1F28;03/01/2028;67029.14;31/01/2025
DI1J28;03/04/2028;64809.13;31/01/2025
DI1N28;03/07/2028;62709.29;31/01/2025
DI1V28;02/10/2028;60570.06;31/01/2025
DI1F29;02/01/2029;58675.09;31/01/2025
DI1J29;02/04/2029;56788.56;31/01/2025
DI1N29;02/07/2029;54877.12;31/01/2025
DI1V29;01/10/2029;52992.85;31/01/2025
DI1F30;02/01/2030;51271.46;31/01/2025
DI1N30;01/07/2030;47968.72;31/01/2025
DI1F31;02/01/2031;44746.73;31/01/2025
DI1F32;02/01/2032;39032.51;31/01/2025
DI1F33;03/01/2033;34161.06;31/01/2025
DI1F34;02/01/2034;29922.4;31/01/2025
DI1F35;02/01/2035;26170.65;31/01/2025
DI1F36;02/01/2036;23026.46;31/01/2025
DI1F37;02/01/2037;20190.29;31/01/2025
DI1F38;04/01/2038;17802.94;31/01/2025
DI1F39;03/01/2039;15378.53;31/01/2025
DI1F40;02/01/2040;13438.6;31/01/2025
DI1G25;03/02/2025;100000.0;03/02/2025
DI1H25;05/03/2025;99023.59;03/02/2025
DI1J25;01/04/2025;98076.68;03/02/2025
DI1K25;02/05/2025;97049.29;03/02/2025
DI1M25;02/06/2025;95948.15;03/02/2025
DI1N25;01/07/2025;94890.73;03/02/2025
DI1Q25;01/08/2025;93669.34;03/02/2025
DI1U25;01/09/2025;92558.05;03/02/2025
DI1V25;01/10/2025;91400.47;03/02/2025
DI1X25;03/11/2025;90205.65;03/02/2025
DI1Z25;01/12/2025;89225.03;03/02/2025
DI1F26;02/01/2026;88093.23;03/02/2025
DI1G26;02/02/2026;87034.16;03/02/2025
DI1J26;01/04/2026;85069.38;03/02/2025
DI1N26;01/07/2026;82230.16;03/02/2025
DI1V26;01/10/2026;79409.43;03/02/2025
DI1F27;04/01/2027;76828.74;03/02/2025
DI1J27;01/04/2027;74411.02;03/02/2025
DI1N27;01/07/2027;71992.06;03/02/2025
DI1V27;01/10/2027;69577.1;03/02/2025
DI1F28;03/01/2028;67340.77;03/02/2025
DI1J28;03/04/2028;65162.07;03/02/2025
DI1N28;03/07/2028;63072.63;03/02/2025
DI1V28;02/10/2028;60958.47;03/02/2025
DI1F29;02/01/2029;59073.95;03/02/2025
DI1J29;02/04/2029;57205.08;03/02/2025
DI1N29;02/07/2029;55304.41;03/02/2025
DI1V29;01/10/2029;53447.27;03/02/2025
DI1F30;02/01/2030;51708.56;03/02/2025
DI1N30;01/07/2030;48436.62;03/02/2025
DI1F31;02/01/2031;45218.18;03/02/2025
DI1F32;02/01/2032;39541.44;03/02/2025
DI1F33;03/01/2033;34623.95;03/02/2025
DI1F34;02/01/2034;30436.52;03/02/2025
DI1F35;02/01/2035;26625.51;03/02/2025
DI1F36;02/01/2036;23466.13;03/02/2025
DI1F37;02/01/2037;20610.99;03/02/2025
DI1F38;04/01/2038;18204.57;03/02/2025
DI1F39;03/01/2039;15751.8;03/02/2025
DI1F40;02/01/2040;13788.05;03/02/2025
DI1H25;05/03/2025;99072.25;04/02/2025
DI1J25;01/04/2025;98124.62;04/02/2025
DI1K25;02/05/2025;97096.21;04/02/2025
DI1M25;02/06/2025;95991.96;04/02/2025
DI1N25;01/07/2025;94935.28;04/02/2025
DI1Q25;01/08/2025;93712.01;04/02/2025
DI1U25;01/09/2025;92600.89;04/02/2025
DI1V25;01/10/2025;91444.77;04/02/2025
DI1X25;03/11/2025;90248.4;04/02/2025
DI1Z25;01/12/2025;89267.56;04/02/2025
DI1F26;02/01/2026;88133.44;04/02/2025
DI1G26;02/02/2026;87071.81;04/02/2025
DI1J26;01/04/2026;85102.19;04/02/2025
DI1N26;01/07/2026;82268.9;04/02/2025
DI1V26;01/10/2026;79448.78;04/02/2025
DI1F27;04/01/2027;76871.03;04/02/2025
DI1J27;01/04/2027;74464.29;04/02/2025
DI1N27;01/07/2027;72070.3;04/02/2025
DI1V27;01/10/2027;69675.94;04/02/2025
DI1F28;03/01/2028;67460.65;04/02/2025
DI1J28;03/04/2028;65293.94;04/02/2025
DI1N28;03/07/2028;63233.63;04/02/2025
DI1V28;02/10/2028;61123.27;04/02/2025
DI1F29;02/01/2029;59252.05;04/02/2025
DI1J29;02/04/2029;57386.38;04/02/2025
DI1N29;02/07/2029;55494.89;04/02/2025
DI1V29;01/10/2029;53636.06;04/02/2025
DI1F30;02/01/2030;51908.17;04/02/2025
DI1N30;01/07/2030;48646.59;04/02/2025
DI1F31;02/01/2031;45449.29;04/02/2025
DI1F32;02/01/2032;39760.15;04/02/2025
DI1F33;03/01/2033;34855.12;04/02/2025
DI1F34;02/01/2034;30582.82;04/02/2025
DI1F35;02/01/2035;26840.02;04/02/2025
DI1F36;02/01/2036;23673.04;04/02/2025
DI1F37;02/01/2037;20808.67;04/02/2025
DI1F38;04/01/2038;18393.07;04/02/2025
DI1F39;03/01/2039;15926.9;04/02/2025
DI1F40;02/01/2040;13951.9;04/02/2025
DI1H25;05/03/2025;99120.86;05/02/2025
DI1J25;01/04/2025;98172.63;05/02/2025
DI1K25;02/05/2025;97143.43;05/02/2025
DI1M25;02/06/2025;96041.15;05/02/2025
DI1N25;01/07/2025;94980.93;05/02/2025
DI1Q25;01/08/2025;93753.25;05/02/2025
DI1U25;01/09/2025;92637.92;05/02/2025
DI1V25;01/10/2025;91475.65;05/02/2025
DI1X25;03/11/2025;90277.24;05/02/2025
DI1Z25;01/12/2025;89288.56;05/02/2025
DI1F26;02/01/2026;88149.45;05/02/2025
DI1G26;02/02/2026;87079.63;05/02/2025
DI1J26;01/04/2026;85102.04;05/02/2025
DI1N26;01/07/2026;82228.28;05/02/2025
DI1V26;01/10/2026;79376.7;05/02/2025
DI1F27;04/01/2027;76760.23;05/02/2025
DI1J27;01/04/2027;74328.41;05/02/2025
DI1N27;01/07/2027;71885.6;05/02/2025
DI1V27;01/10/2027;69457.67;05/02/2025
DI1F28;03/01/2028;67201.83;05/02/2025
DI1J28;03/04/2028;65009.62;05/02/2025
DI1N28;03/07/2028;62921.37;05/02/2025
DI1V28;02/10/2028;60798.22;05/02/2025
DI1F29;02/01/2029;58910.14;05/02/2025
DI1J29;02/04/2029;57032.6;05/02/2025
DI1N29;02/07/2029;55128.13;05/02/2025
DI1V29;01/10/2029;53261.5;05/02/2025
DI1F30;02/01/2030;51523.13;05/02/2025
DI1N30;01/07/2030;48249.23;05/02/2025
DI1F31;02/01/2031;45037.98;05/02/2025
DI1F32;02/01/2032;39340.33;05/02/2025
DI1F33;03/01/2033;34419.09;05/02/2025
DI1F34;02/01/2034;30191.91;05/02/2025
DI1F35;02/01/2035;26405.23;05/02/2025
DI1F36;02/01/2036;23249.84;05/02/2025
DI1F37;02/01/2037;20401.34;05/02/2025
DI1F38;04/01/2038;18002.22;05/02/2025
DI1F39;03/01/2039;15562.21;05/02/2025
DI1F40;02/01/2040;13609.17;05/02/2025
DI1H25;05/03/2025;99169.62;06/02/2025
DI1J25;01/04/2025;98221.2;06/02/2025
DI1K25;02/05/2025;97192.27;06/02/2025
DI1M25;02/06/2025;96089.36;06/02/2025
DI1N25;01/07/2025;95033.09;06/02/2025
DI1Q25;01/08/2025;93806.37;06/02/2025
DI1U25;01/09/2025;92690.54;06/02/2025
DI1V25;01/10/2025;91528.98;06/02/2025
DI1X25;03/11/2025;90331.86;06/02/2025
DI1Z25;01/12/2025;89349.08;06/02/2025
DI1F26;02/01/2026;88207.21;06/02/2025
DI1G26;02/02/2026;87142.19;06/02/2025
DI1J26;01/04/2026;85155.47;06/02/2025
DI1N26;01/07/2026;82268.33;06/02/2025
DI1V26;01/10/2026;79394.82;06/02/2025
DI1F27;04/01/2027;76771.27;06/02/2025
DI1J27;01/04/2027;74315.85;06/02/2025
DI1N27;01/07/2027;71864.17;06/02/2025
DI1V27;01/10/2027;69424.02;06/02/2025
DI1F28;03/01/2028;67167.58;06/02/2025
DI1J28;03/04/2028;64957.99;06/02/2025
DI1N28;03/07/2028;62864.84;06/02/2025
DI1V28;02/10/2028;60735.05;06/02/2025
DI1F29;02/01/2029;58840.74;06/02/2025
DI1J29;02/04/2029;56953.1;06/02/2025
DI1N29;02/07/2029;55046.89;06/02/2025
DI1V29;01/10/2029;53176.75;06/02/2025
DI1F30;02/01/2030;51431.05;06/02/2025
DI1N30;01/07/2030;48131.46;06/02/2025
DI1F31;02/01/2031;44917.46;06/02/2025
DI1F32;02/01/2032;39211.11;06/02/2025
DI1F33;03/01/2033;34296.2;06/02/2025
DI1F34;02/01/2034;30063.66;06/02/2025
DI1F35;02/01/2035;26290.37;06/02/2025
DI1F36;02/01/2036;23137.19;06/02/2025
DI1F37;02/01/2037;20292.27;06/02/2025
DI1F38;04/01/2038;17897.05;06/02/2025
DI1F39;03/01/2039;15463.77;06/02/2025
DI1F40;02/01/2040;13516.38;06/02/2025
DI1H25;05/03/2025;99218.22;07/02/2025
DI1J25;01/04/2025;98268.26;07/02/2025
DI1K25;02/05/2025;97237.97;07/02/2025
DI1M25;02/06/2025;96133.55;07/02/2025
DI1N25;01/07/2025;95074.45;07/02/2025
DI1Q25;01/08/2025;93844.35;07/02/2025
DI1U25;01/09/2025;92720.21;07/02/2025
DI1V25;01/10/2025;91549.95;07/02/2025
DI1X25;03/11/2025;90340.23;07/02/2025
DI1Z25;01/12/2025;89349.05;07/02/2025
DI1F26;02/01/2026;88194.75;07/02/2025
DI1G26;02/02/2026;87119.28;07/02/2025
DI1J26;01/04/2026;85105.31;07/02/2025
DI1N26;01/07/2026;82176.33;07/02/2025
DI1V26;01/10/2026;79255.02;07/02/2025
DI1F27;04/01/2027;76581.58;07/02/2025
DI1J27;01/04/2027;74094.09;07/02/2025
DI1N27;01/07/2027;71603.29;07/02/2025
DI1V27;01/10/2027;69144.96;07/02/2025
DI1F28;03/01/2028;66876.55;07/02/2025
DI1J28;03/04/2028;64662.98;07/02/2025
DI1N28;03/07/2028;62556.42;07/02/2025
DI1V28;02/10/2028;60410.24;07/02/2025
DI1F29;02/01/2029;58511.09;07/02/2025
DI1J29;02/04/2029;56612.09;07/02/2025
DI1N29;02/07/2029;54697.53;07/02/2025
DI1V29;01/10/2029;52822.2;07/02/2025
DI1F30;02/01/2030;51070.93;07/02/2025
DI1N30;01/07/2030;47771.35;07/02/2025
DI1F31;02/01/2031;44544.63;07/02/2025
DI1F32;02/01/2032;38831.29;07/02/2025
DI1F33;03/01/2033;33910.61;07/02/2025
DI1F34;02/01/2034;29680.79;07/02/2025
DI1F35;02/01/2035;25934.84;07/02/2025
DI1F36;02/01/2036;22791.6;07/02/2025
DI1F37;02/01/2037;19960.12;07/02/2025
DI1F38;04/01/2038;17578.83;07/02/2025
DI1F39;03/01/2039;15167.34;07/02/2025
DI1F40;02/01/2040;13238.28;07/02/2025
DI1H25;05/03/2025;99267.0;10/02/2025
DI1J25;01/04/2025;98316.5;10/02/2025
DI1K25;02/05/2025;97286.04;10/02/2025
DI1M25;02/06/2025;96182.94;10/02/2025
DI1N25;01/07/2025;95125.75;10/02/2025
DI1Q25;01/08/2025;93900.23;10/02/2025
DI1U25;01/09/2025;92781.89;10/02/2025
DI1V25;01/10/2025;91617.21;10/02/2025
DI1X25;03/11/2025;90412.27;10/02/2025
DI1Z25;01/12/2025;89424.09;10/02/2025
DI1F26;02/01/2026;88275.3;10/02/2025
DI1G26;02/02/2026;87202.69;10/02/2025
DI1J26;01/04/2026;85195.95;10/02/2025
DI1N26;01/07/2026;82268.88;10/02/2025
DI1V26;01/10/2026;79341.29;10/02/2025
DI1F27;04/01/2027;76654.64;10/02/2025
DI1J27;01/04/2027;74150.63;10/02/2025
DI1N27;01/07/2027;71643.3;10/02/2025
DI1V27;01/10/2027;69173.97;10/02/2025
DI1F28;03/01/2028;66870.11;10/02/2025
DI1J28;03/04/2028;64652.98;10/02/2025
DI1N28;03/07/2028;62523.11;10/02/2025
DI1V28;02/10/2028;60344.56;10/02/2025
DI1F29;02/01/2029;58448.94;10/02/2025
DI1J29;02/04/2029;56560.33;10/02/2025
DI1N29;02/07/2029;54638.49;10/02/2025
DI1V29;01/10/2029;52741.11;10/02/2025
DI1F30;02/01/2030;50956.84;10/02/2025
DI1N30;01/07/2030;47646.79;10/02/2025
DI1F31;02/01/2031;44403.67;10/02/2025
DI1F32;02/01/2032;38695.31;10/02/2025
DI1F33;03/01/2033;33790.23;10/02/2025
DI1F34;02/01/2034;29580.43;10/02/2025
DI1F35;02/01/2035;25831.41;10/02/2025
DI1F36;02/01/2036;22690.23;10/02/2025
DI1F37;02/01/2037;19862.06;10/02/2025
DI1F38;04/01/2038;17484.37;10/02/2025
DI1F39;03/01/2039;15079.03;10/02/2025
DI1F40;02/01/2040;13155.14;10/02/2025
DI1H25;05/03/2025;99315.65;11/02/2025
DI1J25;01/04/2025;98365.15;11/02/2025
DI1K25;02/05/2025;97334.72;11/02/2025
DI1M25;02/06/2025;96231.13;11/02/2025
DI1N25;01/07/2025;95175.8;11/02/2025
DI1Q25;01/08/2025;93956.43;11/02/2025
DI1U25;01/09/2025;92845.23;11/02/2025
DI1V25;01/10/2025;91685.82;11/02/2025
DI1X25;03/11/2025;90488.14;11/02/2025
DI1Z25;01/12/2025;89507.07;11/02/2025
DI1F26;02/01/2026;88367.96;11/02/2025
DI1G26;02/02/2026;87300.67;11/02/2025
DI1J26;01/04/2026;85307.35;11/02/2025
DI1N26;01/07/2026;82411.38;11/02/2025
DI1V26;01/10/2026;79514.15;11/02/2025
DI1F27;04/01/2027;76856.63;11/02/2025
DI1J27;01/04/2027;74371.0;11/02/2025
DI1N27;01/07/2027;71882.54;11/02/2025
DI1V27;01/10/2027;69413.28;11/02/2025
DI1F28;03/01/2028;67123.31;11/02/2025
DI1J28;03/04/2028;64891.28;11/02/2025
DI1N28;03/07/2028;62774.27;11/02/2025
DI1V28;02/10/2028;60614.24;11/02/2025
DI1F29;02/01/2029;58695.65;11/02/2025
DI1J29;02/04/2029;56793.85;11/02/2025
DI1N29;02/07/2029;54871.86;11/02/2025
DI1V29;01/10/2029;52979.99;11/02/2025
DI1F30;02/01/2030;51217.77;11/02/2025
DI1N30;01/07/2030;47901.63;11/02/2025
DI1F31;02/01/2031;44645.76;11/02/2025
DI1F32;02/01/2032;38913.28;11/02/2025
DI1F33;03/01/2033;33991.81;11/02/2025
DI1F34;02/01/2034;29777.34;11/02/2025
DI1F35;02/01/2035;26016.53;11/02/2025
DI1F36;02/01/2036;22868.05;11/02/2025
DI1F37;02/01/2037;20031.24;11/02/2025
DI1F38;04/01/2038;17645.06;11/02/2025
DI1F39;03/01/2039;15227.74;11/02/2025
DI1F40;02/01/2040;13293.76;11/02/2025
DI1H25;05/03/2025;99364.29;12/02/2025
DI1J25;01/04/2025;98413.97;12/02/2025
DI1K25;02/05/2025;97383.28;12/02/2025
DI1M25;02/06/2025;96280.86;12/02/2025
DI1N25;01/07/2025;95230.18;12/02/2025
DI1Q25;01/08/2025;94014.07;12/02/2025
DI1U25;01/09/2025;92906.66;12/02/2025
DI1V25;01/10/2025;91752.75;12/02/2025
DI1X25;03/11/2025;90559.24;12/02/2025
DI1Z25;01/12/2025;89577.36;12/02/2025
DI1F26;02/01/2026;88441.28;12/02/2025
DI1G26;02/02/2026;87377.04;12/02/2025
DI1J26;01/04/2026;85393.4;12/02/2025
DI1N26;01/07/2026;82494.75;12/02/2025
DI1V26;01/10/2026;79583.26;12/02/2025
DI1F27;04/01/2027;76908.18;12/02/2025
DI1J27;01/04/2027;74401.4;12/02/2025
DI1N27;01/07/2027;71881.04;12/02/2025
DI1V27;01/10/2027;69382.04;12/02/2025
DI1F28;03/01/2028;67046.36;12/02/2025
DI1J28;03/04/2028;64793.12;12/02/2025
DI1N28;03/07/2028;62645.42;12/02/2025
DI1V28;02/10/2028;60466.49;12/02/2025
DI1F29;02/01/2029;58533.12;12/02/2025
DI1J29;02/04/2029;56614.63;12/02/2025
DI1N29;02/07/2029;54673.91;12/02/2025
DI1V29;01/10/2029;52776.02;12/02/2025
DI1F30;02/01/2030;51013.1;12/02/2025
DI1N30;01/07/2030;47690.49;12/02/2025
DI1F31;02/01/2031;44434.54;12/02/2025
DI1F32;02/01/2032;38707.93;12/02/2025
DI1F33;03/01/2033;33788.08;12/02/2025
DI1F34;02/01/2034;29578.6;12/02/2025
DI1F35;02/01/2035;25835.33;12/02/2025
DI1F36;02/01/2036;22691.4;12/02/2025
DI1F37;02/01/2037;19861.1;12/02/2025
DI1F38;04/01/2038;17481.77;12/02/2025
DI1F39;03/01/2039;15075.48;12/02/2025
DI1F40;02/01/2040;13150.78;12/02/2025
DI1H25;05/03/2025;99412.96;13/02/2025
DI1J25;01/04/2025;98462.19;13/02/2025
DI1K25;02/05/2025;97430.87;13/02/2025
DI1M25;02/06/2025;96331.58;13/02/2025
DI1N25;01/07/2025;95281.15;13/02/2025
DI1Q25;01/08/2025;94068.24;13/02/2025
DI1U25;01/09/2025;92964.89;13/02/2025
DI1V25;01/10/2025;91817.5;13/02/2025
DI1X25;03/11/2025;90631.29;13/02/2025
DI1Z25;01/12/2025;89658.66;13/02/2025
DI1F26;02/01/2026;88529.38;13/02/2025
DI1G26;02/02/2026;87471.6;13/02/2025
DI1J26;01/04/2026;85504.32;13/02/2025
DI1N26;01/07/2026;82630.93;13/02/2025
DI1V26;01/10/2026;79735.54;13/02/2025
DI1F27;04/01/2027;77078.65;13/02/2025
DI1J27;01/04/2027;74579.31;13/02/2025
DI1N27;01/07/2027;72078.9;13/02/2025
DI1V27;01/10/2027;69599.22;13/02/2025
DI1F28;03/01/2028;67264.35;13/02/2025
DI1J28;03/04/2028;65010.23;13/02/2025
DI1N28;03/07/2028;62868.97;13/02/2025
DI1V28;02/10/2028;60680.82;13/02/2025
DI1F29;02/01/2029;58752.15;13/02/2025
DI1J29;02/04/2029;56823.69;13/02/2025
DI1N29;02/07/2029;54905.0;13/02/2025
DI1V29;01/10/2029;52968.04;13/02/2025
DI1F30;02/01/2030;51194.07;13/02/2025
DI1N30;01/07/2030;47838.61;13/02/2025
DI1F31;02/01/2031;44590.26;13/02/2025
DI1F32;02/01/2032;38828.5;13/02/2025
DI1F33;03/01/2033;33901.38;13/02/2025
DI1F34;02/01/2034;29674.62;13/02/2025
DI1F35;02/01/2035;25966.94;13/02/2025
DI1F36;02/01/2036;22817.42;13/02/2025
DI1F37;02/01/2037;19980.68;13/02/2025
DI1F38;04/01/2038;17595.09;13/02/2025
DI1F39;03/01/2039;15180.16;13/02/2025
DI1F40;02/01/2040;13248.19;13/02/2025
DI1H25;05/03/2025;99461.83;14/02/2025
DI1J25;01/04/2025;98510.6;14/02/2025
DI1K25;02/05/2025;97478.74;14/02/2025
DI1M25;02/06/2025;96380.64;14/02/2025
DI1N25;01/07/2025;95332.44;14/02/2025
DI1Q25;01/08/2025;94121.26;14/02/2025
DI1U25;01/09/2025;93020.43;14/02/2025
DI1V25;01/10/2025;91877.11;14/02/2025
DI1X25;03/11/2025;90695.82;14/02/2025
DI1Z25;01/12/2025;89727.99;14/02/2025
DI1F26;02/01/2026;88603.69;14/02/2025
DI1G26;02/02/2026;87551.26;14/02/2025
DI1J26;01/04/2026;85602.48;14/02/2025
DI1N26;01/07/2026;82769.82;14/02/2025
DI1V26;01/10/2026;79927.09;14/02/2025
DI1F27;04/01/2027;77315.6;14/02/2025
DI1J27;01/04/2027;74860.04;14/02/2025
DI1N27;01/07/2027;72423.82;14/02/2025
DI1V27;01/10/2027;69966.25;14/02/2025
DI1F28;03/01/2028;67710.4;14/02/2025
DI1J28;03/04/2028;65492.03;14/02/2025
DI1N28;03/07/2028;63383.43;14/02/2025
DI1V28;02/10/2028;61237.65;14/02/2025
DI1F29;02/01/2029;59318.96;14/02/2025
DI1J29;02/04/2029;57433.29;14/02/2025
DI1N29;02/07/2029;55534.71;14/02/2025
DI1V29;01/10/2029;53592.35;14/02/2025
DI1F30;02/01/2030;51851.99;14/02/2025
DI1N30;01/07/2030;48517.72;14/02/2025
DI1F31;02/01/2031;45268.45;14/02/2025
DI1F32;02/01/2032;39510.4;14/02/2025
DI1F33;03/01/2033;34589.25;14/02/2025
DI1F34;02/01/2034;30340.6;14/02/2025
DI1F35;02/01/2035;26572.92;14/02/2025
DI1F36;02/01/2036;23403.2;14/02/2025
DI1F37;02/01/2037;20541.12;14/02/2025
DI1F38;04/01/2038;18130.0;14/02/2025
DI1F39;03/01/2039;15677.11;14/02/2025
DI1F40;02/01/2040;13713.24;14/02/2025
DI1H25;05/03/2025;99510.77;17/02/2025
DI1J25;01/04/2025;98559.18;17/02/2025
DI1K25;02/05/2025;97527.87;17/02/2025
DI1M25;02/06/2025;96432.82;17/02/2025
DI1N25;01/07/2025;95389.69;17/02/2025
DI1Q25;01/08/2025;94186.81;17/02/2025
DI1U25;01/09/2025;93097.55;17/02/2025
DI1V25;01/10/2025;91967.95;17/02/2025
DI1X25;03/11/2025;90801.86;17/02/2025
DI1Z25;01/12/2025;89843.96;17/02/2025
DI1F26;02/01/2026;88736.58;17/02/2025
DI1G26;02/02/2026;87697.96;17/02/2025
DI1J26;01/04/2026;85772.03;17/02/2025
DI1N26;01/07/2026;82978.11;17/02/2025
DI1V26;01/10/2026;80184.02;17/02/2025
DI1F27;04/01/2027;77629.57;17/02/2025
DI1J27;01/04/2027;75219.81;17/02/2025
DI1N27;01/07/2027;72823.69;17/02/2025
DI1V27;01/10/2027;70402.15;17/02/2025
DI1F28;03/01/2028;68162.55;17/02/2025
DI1J28;03/04/2028;65975.45;17/02/2025
DI1N28;03/07/2028;63887.08;17/02/2025
DI1V28;02/10/2028;61741.26;17/02/2025
DI1F29;02/01/2029;59855.18;17/02/2025
DI1J29;02/04/2029;57985.48;17/02/2025
DI1N29;02/07/2029;56072.03;17/02/2025
DI1V29;01/10/2029;54185.28;17/02/2025
DI1F30;02/01/2030;52459.04;17/02/2025
DI1N30;01/07/2030;49168.27;17/02/2025
DI1F31;02/01/2031;45906.16;17/02/2025
DI1F32;02/01/2032;40176.34;17/02/2025
DI1F33;03/01/2033;35260.66;17/02/2025
DI1F34;02/01/2034;31032.17;17/02/2025
DI1F35;02/01/2035;27252.41;17/02/2025
DI1F36;02/01/2036;24061.8;17/02/2025
DI1F37;02/01/2037;21172.91;17/02/2025
DI1F38;04/01/2038;18734.56;17/02/2025
DI1F39;03/01/2039;16240.2;17/02/2025
DI1F40;02/01/2040;14241.5;17/02/2025
DI1H25;05/03/2025;99559.59;18/02/2025
DI1J25;01/04/2025;98607.75;18/02/2025
DI1K25;02/05/2025;97576.56;18/02/2025
DI1M25;02/06/2025;96479.86;18/02/2025
DI1N25;01/07/2025;95435.3;18/02/2025
DI1Q25;01/08/2025;94233.44;18/02/2025
DI1U25;01/09/2025;93144.68;18/02/2025
DI1V25;01/10/2025;92014.36;18/02/2025
DI1X25;03/11/2025;90847.46;18/02/2025
DI1Z25;01/12/2025;89888.27;18/02/2025
DI1F26;02/01/2026;88780.08;18/02/2025
DI1G26;02/02/2026;87745.74;18/02/2025
DI1J26;01/04/2026;85818.89;18/02/2025
DI1N26;01/07/2026;83032.21;18/02/2025
DI1V26;01/10/2026;80245.58;18/02/2025
DI1F27;04/01/2027;77689.13;18/02/2025
DI1J27;01/04/2027;75282.35;18/02/2025
DI1N27;01/07/2027;72886.6;18/02/2025
DI1V27;01/10/2027;70476.64;18/02/2025
DI1F28;03/01/2028;68227.78;18/02/2025
DI1J28;03/04/2028;66030.22;18/02/2025
DI1N28;03/07/2028;63932.23;18/02/2025
DI1V28;02/10/2028;61785.73;18/02/2025
DI1F29;02/01/2029;59886.92;18/02/2025
DI1J29;02/04/2029;58001.7;18/02/2025
DI1N29;02/07/2029;56097.49;18/02/2025
DI1V29;01/10/2029;54207.49;18/02/2025
DI1F30;02/01/2030;52458.06;18/02/2025
DI1N30;01/07/2030;49153.18;18/02/2025
DI1F31;02/01/2031;45916.45;18/02/2025
DI1F32;02/01/2032;40190.43;18/02/2025
DI1F33;03/01/2033;35255.14;18/02/2025
DI1F34;02/01/2034;31012.55;18/02/2025
DI1F35;02/01/2035;27231.65;18/02/2025
DI1F36;02/01/2036;24040.27;18/02/2025
DI1F37;02/01/2037;21151.12;18/02/2025
DI1F38;04/01/2038;18712.79;18/02/2025
DI1F39;03/01/2039;16219.28;18/02/2025
DI1F40;02/01/2040;14365.73;18/02/2025
DI1H25;05/03/2025;99608.42;19/02/2025
DI1J25;01/04/2025;98656.2;19/02/2025
DI1K25;02/05/2025;97623.4;19/02/2025
DI1M25;02/06/2025;96526.09;19/02/2025
DI1N25;01/07/2025;95481.61;19/02/2025
DI1Q25;01/08/2025;94279.07;19/02/2025
DI1U25;01/09/2025;93190.58;19/02/2025
DI1V25;01/10/2025;92057.89;19/02/2025
DI1X25;03/11/2025;90889.22;19/02/2025
DI1Z25;01/12/2025;89930.21;19/02/2025
DI1F26;02/01/2026;88820.97;19/02/2025
DI1G26;02/02/2026;87779.76;19/02/2025
DI1J26;01/04/2026;85845.07;19/02/2025
DI1N26;01/07/2026;83020.87;19/02/2025
DI1V26;01/10/2026;80186.77;19/02/2025
DI1F27;04/01/2027;77587.9;19/02/2025
DI1J27;01/04/2027;75148.44;19/02/2025
DI1N27;01/07/2027;72712.71;19/02/2025
DI1V27;01/10/2027;70274.47;19/02/2025
DI1F28;03/01/2028;68004.48;19/02/2025
DI1J28;03/04/2028;65790.19;19/02/2025
DI1N28;03/07/2028;63660.48;19/02/2025
DI1V28;02/10/2028;61493.01;19/02/2025
DI1F29;02/01/2029;59574.29;19/02/2025
DI1J29;02/04/2029;57677.86;19/02/2025
DI1N29;02/07/2029;55752.77;19/02/2025
DI1V29;01/10/2029;53868.34;19/02/2025
DI1F30;02/01/2030;52108.97;19/02/2025
DI1N30;01/07/2030;48806.29;19/02/2025
DI1F31;02/01/2031;45538.08;19/02/2025
DI1F32;02/01/2032;39803.71;19/02/2025
DI1F33;03/01/2033;34863.57;19/02/2025
DI1F34;02/01/2034;30629.26;19/02/2025
DI1F35;02/01/2035;26842.37;19/02/2025
DI1F36;02/01/2036;23660.7;19/02/2025
DI1F37;02/01/2037;20785.18;19/02/2025
DI1F38;04/01/2038;18361.1;19/02/2025
DI1F39;03/01/2039;15890.66;19/02/2025
DI1F40;02/01/2040;14053.06;19/02/2025
DI1H25;05/03/2025;99657.29;20/02/2025
DI1J25;01/04/2025;98705.2;20/02/2025
DI1K25;02/05/2025;97671.81;20/02/2025
DI1M25;02/06/2025;96574.04;20/02/2025
DI1N25;01/07/2025;95529.77;20/02/2025
DI1Q25;01/08/2025;94332.36;20/02/2025
DI1U25;01/09/2025;93246.74;20/02/2025
DI1V25;01/10/2025;92117.62;20/02/2025
DI1X25;03/11/2025;90954.92;20/02/2025
DI1Z25;01/12/2025;89999.58;20/02/2025
DI1F26;02/01/2026;88898.65;20/02/2025
DI1G26;02/02/2026;87860.92;20/02/2025
DI1J26;01/04/2026;85937.47;20/02/2025
DI1N26;01/07/2026;83126.71;20/02/2025
DI1V26;01/10/2026;80300.06;20/02/2025
DI1F27;04/01/2027;77701.48;20/02/2025
DI1J27;01/04/2027;75257.69;20/02/2025
DI1N27;01/07/2027;72818.81;20/02/2025
DI1V27;01/10/2027;70374.5;20/02/2025
DI1F28;03/01/2028;68103.61;20/02/2025
DI1J28;03/04/2028;65871.77;20/02/2025
DI1N28;03/07/2028;63737.36;20/02/2025
DI1V28;02/10/2028;61564.64;20/02/2025
DI1F29;02/01/2029;59622.19;20/02/2025
DI1J29;02/04/2029;57723.14;20/02/2025
DI1N29;02/07/2029;55757.4;20/02/2025
DI1V29;01/10/2029;53877.84;20/02/2025
DI1F30;02/01/2030;52104.04;20/02/2025
DI1N30;01/07/2030;48751.06;20/02/2025
DI1F31;02/01/2031;45463.06;20/02/2025
DI1F32;02/01/2032;39680.65;20/02/2025
DI1F33;03/01/2033;34703.99;20/02/2025
DI1F34;02/01/2034;30436.18;20/02/2025
DI1F35;02/01/2035;26643.62;20/02/2025
DI1F36;02/01/2036;23466.47;20/02/2025
DI1F37;02/01/2037;20597.62;20/02/2025
DI1F38;04/01/2038;18180.64;20/02/2025
DI1F39;03/01/2039;15721.94;20/02/2025
DI1F40;02/01/2040;13892.44;20/02/2025
DI1H25;05/03/2025;99706.2;21/02/2025
DI1J25;01/04/2025;98755.21;21/02/2025
DI1K25;02/05/2025;97723.68;21/02/2025
DI1M25;02/06/2025;96634.29;21/02/2025
DI1N25;01/07/2025;95601.44;21/02/2025
DI1Q25;01/08/2025;94419.58;21/02/2025
DI1U25;01/09/2025;93342.84;21/02/2025
DI1V25;01/10/2025;92227.34;21/02/2025
DI1X25;03/11/2025;91077.39;21/02/2025
DI1Z25;01/12/2025;90131.8;21/02/2025
DI1F26;02/01/2026;89044.08;21/02/2025
DI1G26;02/02/2026;88026.37;21/02/2025
DI1J26;01/04/2026;86134.52;21/02/2025
DI1N26;01/07/2026;83384.49;21/02/2025
DI1V26;01/10/2026;80614.46;21/02/2025
DI1F27;04/01/2027;78054.91;21/02/2025
DI1J27;01/04/2027;75637.64;21/02/2025
DI1N27;01/07/2027;73224.48;21/02/2025
DI1V27;01/10/2027;70791.39;21/02/2025
DI1F28;03/01/2028;68513.62;21/02/2025
DI1J28;03/04/2028;66280.52;21/02/2025
DI1N28;03/07/2028;64135.03;21/02/2025
DI1V28;02/10/2028;61946.39;21/02/2025
DI1F29;02/01/2029;59988.28;21/02/2025
DI1J29;02/04/2029;58065.04;21/02/2025
DI1N29;02/07/2029;56110.38;21/02/2025
DI1V29;01/10/2029;54165.83;21/02/2025
DI1F30;02/01/2030;52411.28;21/02/2025
DI1N30;01/07/2030;49049.18;21/02/2025
DI1F31;02/01/2031;45747.02;21/02/2025
DI1F32;02/01/2032;39896.24;21/02/2025
DI1F33;03/01/2033;34910.4;21/02/2025
DI1F34;02/01/2034;30593.49;21/02/2025
DI1F35;02/01/2035;26758.47;21/02/2025
DI1F36;02/01/2036;23576.59;21/02/2025
DI1F37;02/01/2037;20702.27;21/02/2025
DI1F38;04/01/2038;18279.97;21/02/2025
DI1F39;03/01/2039;15813.89;21/02/2025
DI1F40;02/01/2040;13979.06;21/02/2025
DI1H25;05/03/2025;99755.1;24/02/2025
DI1J25;01/04/2025;98802.71;24/02/2025
DI1K25;02/05/2025;97768.45;24/02/2025
DI1M25;02/06/2025;96672.84;24/02/2025
DI1N25;01/07/2025;95631.39;24/02/2025
DI1Q25;01/08/2025;94438.15;24/02/2025
DI1U25;01/09/2025;93351.35;24/02/2025
DI1V25;01/10/2025;92222.34;24/02/2025
DI1X25;03/11/2025;91060.65;24/02/2025
DI1Z25;01/12/2025;90107.74;24/02/2025
DI1F26;02/01/2026;89005.72;24/02/2025
DI1G26;02/02/2026;87977.35;24/02/2025
DI1J26;01/04/2026;86068.19;24/02/2025
DI1N26;01/07/2026;83289.23;24/02/2025
DI1V26;01/10/2026;80494.8;24/02/2025
DI1F27;04/01/2027;77918.29;24/02/2025
DI1J27;01/04/2027;75496.53;24/02/2025
DI1N27;01/07/2027;73075.5;24/02/2025
DI1V27;01/10/2027;70641.54;24/02/2025
DI1F28;03/01/2028;68347.61;24/02/2025
DI1J28;03/04/2028;66116.97;24/02/2025
DI1N28;03/07/2028;63989.77;24/02/2025
DI1V28;02/10/2028;61804.63;24/02/2025
DI1F29;02/01/2029;59875.82;24/02/2025
DI1J29;02/04/2029;57951.49;24/02/2025
DI1N29;02/07/2029;55981.6;24/02/2025
DI1V29;01/10/2029;54090.89;24/02/2025
DI1F30;02/01/2030;52304.88;24/02/2025
DI1N30;01/07/2030;48930.13;24/02/2025
DI1F31;02/01/2031;45634.55;24/02/2025
DI1F32;02/01/2032;39808.51;24/02/2025
DI1F33;03/01/2033;34831.47;24/02/2025
DI1F34;02/01/2034;30525.12;24/02/2025
DI1F35;02/01/2035;26699.57;24/02/2025
DI1F36;02/01/2036;23518.09;24/02/2025
DI1F37;02/01/2037;20645.05;24/02/2025
DI1F38;04/01/2038;18224.33;24/02/2025
DI1F39;03/01/2039;15761.46;24/02/2025
DI1F40;02/01/2040;13928.76;24/02/2025
DI1H25;05/03/2025;99804.08;25/02/2025
DI1J25;01/04/2025;98850.56;25/02/2025
DI1K25;02/05/2025;97816.11;25/02/2025
DI1M25;02/06/2025;96719.95;25/02/2025
DI1N25;01/07/2025;95680.54;25/02/2025
DI1Q25;01/08/2025;94491.71;25/02/2025
DI1U25;01/09/2025;93407.37;25/02/2025
DI1V25;01/10/2025;92282.36;25/02/2025
DI1X25;03/11/2025;91124.42;25/02/2025
DI1Z25;01/12/2025;90176.17;25/02/2025
DI1F26;02/01/2026;89079.68;25/02/2025
DI1G26;02/02/2026;88054.48;25/02/2025
DI1J26;01/04/2026;86148.6;25/02/2025
DI1N26;01/07/2026;83380.0;25/02/2025
DI1V26;01/10/2026;80579.66;25/02/2025
DI1F27;04/01/2027;78010.26;25/02/2025
DI1J27;01/04/2027;75578.14;25/02/2025
DI1N27;01/07/2027;73145.78;25/02/2025
DI1V27;01/10/2027;70690.39;25/02/2025
DI1F28;03/01/2028;68394.16;25/02/2025
DI1J28;03/04/2028;66145.0;25/02/2025
DI1N28;03/07/2028;63995.91;25/02/2025
DI1V28;02/10/2028;61781.48;25/02/2025
DI1F29;02/01/2029;59837.78;25/02/2025
DI1J29;02/04/2029;57904.23;25/02/2025
DI1N29;02/07/2029;55937.69;25/02/2025
DI1V29;01/10/2029;54001.2;25/02/2025
DI1F30;02/01/2030;52203.38;25/02/2025
DI1N30;01/07/2030;48813.92;25/02/2025
DI1F31;02/01/2031;45501.85;25/02/2025
DI1F32;02/01/2032;39657.47;25/02/2025
DI1F33;03/01/2033;34641.71;25/02/2025
DI1F34;02/01/2034;30356.48;25/02/2025
DI1F35;02/01/2035;26545.42;25/02/2025
DI1F36;02/01/2036;23367.23;25/02/2025
DI1F37;02/01/2037;20499.21;25/02/2025
DI1F38;04/01/2038;18083.89;25/02/2025
DI1F39;03/01/2039;15630.1;25/02/2025
DI1F40;02/01/2040;13803.65;25/02/2025
DI1H25;05/03/2025;99852.97;26/02/2025
DI1J25;01/04/2025;98898.66;26/02/2025
DI1K25;02/05/2025;97862.34;26/02/2025
DI1M25;02/06/2025;96758.48;26/02/2025
DI1N25;01/07/2025;95709.59;26/02/2025
DI1Q25;01/08/2025;94507.33;26/02/2025
DI1U25;01/09/2025;93413.53;26/02/2025
DI1V25;01/10/2025;92272.68;26/02/2025
DI1X25;03/11/2025;91100.09;26/02/2025
DI1Z25;01/12/2025;90138.87;26/02/2025
DI1F26;02/01/2026;89025.4;26/02/2025
DI1G26;02/02/2026;87983.13;26/02/2025
DI1J26;01/04/2026;86045.15;26/02/2025
DI1N26;01/07/2026;83208.85;26/02/2025
DI1V26;01/10/2026;80354.52;26/02/2025
DI1F27;04/01/2027;77718.21;26/02/2025
DI1J27;01/04/2027;75238.18;26/02/2025
DI1N27;01/07/2027;72755.93;26/02/2025
DI1V27;01/10/2027;70261.25;26/02/2025
DI1F28;03/01/2028;67921.79;26/02/2025
DI1J28;03/04/2028;65643.08;26/02/2025
DI1N28;03/07/2028;63473.44;26/02/2025
DI1V28;02/10/2028;61259.37;26/02/2025
DI1F29;02/01/2029;59292.5;26/02/2025
DI1J29;02/04/2029;57351.49;26/02/2025
DI1N29;02/07/2029;55379.72;26/02/2025
DI1V29;01/10/2029;53450.66;26/02/2025
DI1F30;02/01/2030;51656.93;26/02/2025
DI1N30;01/07/2030;48302.24;26/02/2025
DI1F31;02/01/2031;44997.24;26/02/2025
DI1F32;02/01/2032;39196.94;26/02/2025
DI1F33;03/01/2033;34224.42;26/02/2025
DI1F34;02/01/2034;29967.47;26/02/2025
DI1F35;02/01/2035;26194.96;26/02/2025
DI1F36;02/01/2036;23026.28;26/02/2025
DI1F37;02/01/2037;20171.28;26/02/2025
DI1F38;04/01/2038;17769.5;26/02/2025
DI1F39;03/01/2039;15337.05;26/02/2025
DI1F40;02/01/2040;13525.54;26/02/2025
DI1H25;05/03/2025;99901.97;27/02/2025
DI1J25;01/04/2025;98947.37;27/02/2025
DI1K25;02/05/2025;97910.19;27/02/2025
DI1M25;02/06/2025;96803.68;27/02/2025
DI1N25;01/07/2025;95752.53;27/02/2025
DI1Q25;01/08/2025;94547.04;27/02/2025
DI1U25;01/09/2025;93448.56;27/02/2025
DI1V25;01/10/2025;92302.16;27/02/2025
DI1X25;03/11/2025;91122.5;27/02/2025
DI1Z25;01/12/2025;90156.47;27/02/2025
DI1F26;02/01/2026;89037.45;27/02/2025
DI1G26;02/02/2026;87990.88;27/02/2025
DI1J26;01/04/2026;86044.46;27/02/2025
DI1N26;01/07/2026;83206.5;27/02/2025
DI1V26;01/10/2026;80348.58;27/02/2025
DI1F27;04/01/2027;77714.77;27/02/2025
DI1J27;01/04/2027;75224.96;27/02/2025
DI1N27;01/07/2027;72739.63;27/02/2025
DI1V27;01/10/2027;70241.02;27/02/2025
DI1F28;03/01/2028;67900.06;27/02/2025
DI1J28;03/04/2028;65601.23;27/02/2025
DI1N28;03/07/2028;63443.65;27/02/2025
DI1V28;02/10/2028;61214.51;27/02/2025
DI1F29;02/01/2029;59255.84;27/02/2025
DI1J29;02/04/2029;57303.71;27/02/2025
DI1N29;02/07/2029;55322.71;27/02/2025
DI1V29;01/10/2029;53386.47;27/02/2025
DI1F30;02/01/2030;51592.31;27/02/2025
DI1N30;01/07/2030;48195.26;27/02/2025
DI1F31;02/01/2031;44883.32;27/02/2025
DI1F32;02/01/2032;39044.59;27/02/2025
DI1F33;03/01/2033;34080.62;27/02/2025
DI1F34;02/01/2034;29827.87;27/02/2025
DI1F35;02/01/2035;26055.5;27/02/2025
DI1F36;02/01/2036;22889.94;27/02/2025
DI1F37;02/01/2037;20039.65;27/02/2025
DI1F38;04/01/2038;17642.92;27/02/2025
DI1F39;03/01/2039;15218.83;27/02/2025
DI1F40;02/01/2040;13413.13;27/02/2025
DI1H25;05/03/2025;99950.99;28/02/2025
DI1J25;01/04/2025;98996.34;28/02/2025
DI1K25;02/05/2025;97958.59;28/02/2025
DI1M25;02/06/2025;96847.22;28/02/2025
DI1N25;01/07/2025;95785.18;28/02/2025
DI1Q25;01/08/2025;94563.78;28/02/2025
DI1U25;01/09/2025;93449.45;28/02/2025
DI1V25;01/10/2025;92286.86;28/02/2025
DI1X25;03/11/2025;91091.16;28/02/2025
DI1Z25;01/12/2025;90113.77;28/02/2025
DI1F26;02/01/2026;88979.81;28/02/2025
DI1G26;02/02/2026;87915.17;28/02/2025
DI1J26;01/04/2026;85944.07;28/02/2025
DI1N26;01/07/2026;83063.08;28/02/2025
DI1V26;01/10/2026;80145.57;28/02/2025
DI1F27;04/01/2027;77441.7;28/02/2025
DI1J27;01/04/2027;74906.02;28/02/2025
DI1N27;01/07/2027;72361.26;28/02/2025
DI1V27;01/10/2027;69824.4;28/02/2025
DI1F28;03/01/2028;67431.46;28/02/2025
DI1J28;03/04/2028;65107.18;28/02/2025
DI1N28;03/07/2028;62911.21;28/02/2025
DI1V28;02/10/2028;60653.62;28/02/2025
DI1F29;02/01/2029;58668.84;28/02/2025
DI1J29;02/04/2029;56682.26;28/02/2025
DI1N29;02/07/2029;54684.23;28/02/2025
DI1V29;01/10/2029;52709.65;28/02/2025
DI1F30;02/01/2030;50908.72;28/02/2025
DI1N30;01/07/2030;47487.44;28/02/2025
DI1F31;02/01/2031;44154.07;28/02/2025
DI1F32;02/01/2032;38309.58;28/02/2025
DI1F33;03/01/2033;33358.49;28/02/2025
DI1F34;02/01/2034;29113.61;28/02/2025
DI1F35;02/01/2035;25404.21;28/02/2025
DI1F36;02/01/2036;22259.08;28/02/2025
DI1F37;02/01/2037;19435.36;28/02/2025
DI1F38;04/01/2038;17065.8;28/02/2025
DI1F39;03/01/2039;14682.73;28/02/2025
DI1F40;02/01/2040;12906.18;28/02/2025
DI1H25;05/03/2025;100000.0;05/03/2025
DI1J25;01/04/2025;99044.45;05/03/2025
DI1K25;02/05/2025;98007.64;05/03/2025
DI1M25;02/06/2025;96898.5;05/03/2025
DI1N25;01/07/2025;95844.9;05/03/2025
DI1Q25;01/08/2025;94639.62;05/03/2025
DI1U25;01/09/2025;93535.86;05/03/2025
DI1V25;01/10/2025;92390.92;05/03/2025
DI1X25;03/11/2025;91216.3;05/03/2025
DI1Z25;01/12/2025;90251.34;05/03/2025
DI1F26;02/01/2026;89136.97;05/03/2025
DI1G26;02/02/2026;88089.67;05/03/2025
DI1H26;02/03/2026;87206.22;05/03/2025
DI1J26;01/04/2026;86140.07;05/03/2025
DI1N26;01/07/2026;83306.75;05/03/2025
DI1V26;01/10/2026;80444.48;05/03/2025
DI1F27;04/01/2027;77807.24;05/03/2025
DI1J27;01/04/2027;75305.86;05/03/2025
DI1N27;01/07/2027;72805.77;05/03/2025
DI1V27;01/10/2027;70289.2;05/03/2025
DI1F28;03/01/2028;67930.54;05/03/2025
DI1J28;03/04/2028;65639.28;05/03/2025
DI1N28;03/07/2028;63457.8;05/03/2025
DI1V28;02/10/2028;61239.45;05/03/2025
DI1F29;02/01/2029;59265.47;05/03/2025
DI1J29;02/04/2029;57317.75;05/03/2025
DI1N29;02/07/2029;55329.32;05/03/2025
DI1V29;01/10/2029;53377.17;05/03/2025
DI1F30;02/01/2030;51582.07;05/03/2025
DI1N30;01/07/2030;48179.41;05/03/2025
DI1F31;02/01/2031;44864.66;05/03/2025
DI1F32;02/01/2032;39059.76;05/03/2025
DI1F33;03/01/2033;34046.3;05/03/2025
DI1F34;02/01/2034;29801.08;05/03/2025
DI1F35;02/01/2035;26055.11;05/03/2025
DI1F36;02/01/2036;22886.91;05/03/2025
DI1F37;02/01/2037;20034.64;05/03/2025
DI1F38;04/01/2038;17636.44;05/03/2025
DI1F39;03/01/2039;15211.65;05/03/2025
DI1F40;02/01/2040;13405.2;05/03/2025
DI1J25;01/04/2025;99093.14;06/03/2025
DI1K25;02/05/2025;98056.02;06/03/2025
DI1M25;02/06/2025;96947.41;06/03/2025
DI1N25;01/07/2025;95893.92;06/03/2025
DI1Q25;01/08/2025;94686.23;06/03/2025
DI1U25;01/09/2025;93584.28;06/03/2025
DI1V25;01/10/2025;92437.3;06/03/2025
DI1X25;03/11/2025;91263.82;06/03/2025
DI1Z25;01/12/2025;90301.76;06/03/2025
DI1F26;02/01/2026;89186.44;06/03/2025
DI1G26;02/02/2026;88143.65;06/03/2025
DI1H26;02/03/2026;87259.41;06/03/2025
DI1J26;01/04/2026;86197.15;06/03/2025
DI1N26;01/07/2026;83360.21;06/03/2025
DI1V26;01/10/2026;80498.5;06/03/2025
DI1F27;04/01/2027;77853.48;06/03/2025
DI1J27;01/04/2027;75336.23;06/03/2025
DI1N27;01/07/2027;72829.39;06/03/2025
DI1V27;01/10/2027;70294.52;06/03/2025
DI1F28;03/01/2028;67915.9;06/03/2025
DI1J28;03/04/2028;65606.69;06/03/2025
DI1N28;03/07/2028;63406.52;06/03/2025
DI1V28;02/10/2028;61170.38;06/03/2025
DI1F29;02/01/2029;59178.29;06/03/2025
DI1J29;02/04/2029;57214.0;06/03/2025
DI1N29;02/07/2029;55223.25;06/03/2025
DI1V29;01/10/2029;53271.35;06/03/2025
DI1F30;02/01/2030;51460.06;06/03/2025
DI1N30;01/07/2030;48053.41;06/03/2025
DI1F31;02/01/2031;44720.09;06/03/2025
DI1F32;02/01/2032;38876.34;06/03/2025
DI1F33;03/01/2033;33894.57;06/03/2025
DI1F34;02/01/2034;29669.49;06/03/2025
DI1F35;02/01/2035;25899.14;06/03/2025
DI1F36;02/01/2036;22734.68;06/03/2025
DI1F37;02/01/2037;19887.89;06/03/2025
DI1F38;04/01/2038;17495.51;06/03/2025
DI1F39;03/01/2039;15080.18;06/03/2025
DI1F40;02/01/2040;13280.34;06/03/2025
DI1J25;01/04/2025;99142.01;07/03/2025
DI1K25;02/05/2025;98104.17;07/03/2025
DI1M25;02/06/2025;96999.15;07/03/2025
DI1N25;01/07/2025;95947.42;07/03/2025
DI1Q25;01/08/2025;94747.22;07/03/2025
DI1U25;01/09/2025;93653.75;07/03/2025
DI1V25;01/10/2025;92517.89;07/03/2025
DI1X25;03/11/2025;91347.8;07/03/2025
DI1Z25;01/12/2025;90390.0;07/03/2025
DI1F26;02/01/2026;89280.87;07/03/2025
DI1G26;02/02/2026;88243.01;07/03/2025
DI1H26;02/03/2026;87364.04;07/03/2025
DI1J26;01/04/2026;86307.94;07/03/2025
DI1N26;01/07/2026;83509.82;07/03/2025
DI1V26;01/10/2026;80699.01;07/03/2025
DI1F27;04/01/2027;78124.28;07/03/2025
DI1J27;01/04/2027;75663.89;07/03/2025
DI1N27;01/07/2027;73203.5;07/03/2025
DI1V27;01/10/2027;70707.67;07/03/2025
DI1F28;03/01/2028;68348.86;07/03/2025
DI1J28;03/04/2028;66066.12;07/03/2025
DI1N28;03/07/2028;63884.84;07/03/2025
DI1V28;02/10/2028;61666.74;07/03/2025
DI1F29;02/01/2029;59698.46;07/03/2025
DI1J29;02/04/2029;57745.07;07/03/2025
DI1N29;02/07/2029;55759.54;07/03/2025
DI1V29;01/10/2029;53796.37;07/03/2025
DI1F30;02/01/2030;52008.01;07/03/2025
DI1N30;01/07/2030;48596.96;07/03/2025
DI1F31;02/01/2031;45268.34;07/03/2025
DI1F32;02/01/2032;39446.15;07/03/2025
DI1F33;03/01/2033;34422.8;07/03/2025
DI1F34;02/01/2034;30134.26;07/03/2025
DI1F35;02/01/2035;26387.28;07/03/2025
DI1F36;02/01/2036;23205.93;07/03/2025
DI1F37;02/01/2037;20338.17;07/03/2025
DI1F38;04/01/2038;17924.72;07/03/2025
DI1F39;03/01/2039;15478.47;07/03/2025
DI1F40;02/01/2040;13656.55;07/03/2025
DI1J25;01/04/2025;99190.67;10/03/2025
DI1K25;02/05/2025;98152.84;10/03/2025
DI1M25;02/06/2025;97047.81;10/03/2025
DI1N25;01/07/2025;95997.81;10/03/2025
DI1Q25;01/08/2025;94790.29;10/03/2025
DI1U25;01/09/2025;93693.49;10/03/2025
DI1V25;01/10/2025;92551.82;10/03/2025
DI1X25;03/11/2025;91372.11;10/03/2025
DI1Z25;01/12/2025;90406.12;10/03/2025
DI1F26;02/01/2026;89287.36;10/03/2025
DI1G26;02/02/2026;88237.65;10/03/2025
DI1H26;02/03/2026;87353.89;10/03/2025
DI1J26;01/04/2026;86292.04;10/03/2025
DI1N26;01/07/2026;83468.06;10/03/2025
DI1V26;01/10/2026;80628.46;10/03/2025
DI1F27;04/01/2027;78021.04;10/03/2025
DI1J27;01/04/2027;75549.34;10/03/2025
DI1N27;01/07/2027;73065.37;10/03/2025
DI1V27;01/10/2027;70558.13;10/03/2025
DI1F28;03/01/2028;68169.93;10/03/2025
DI1J28;03/04/2028;65874.63;10/03/2025
DI1N28;03/07/2028;63693.42;10/03/2025
DI1V28;02/10/2028;61453.9;10/03/2025
DI1F29;02/01/2029;59472.56;10/03/2025
DI1J29;02/04/2029;57510.69;10/03/2025
DI1N29;02/07/2029;55523.68;10/03/2025
DI1V29;01/10/2029;53574.94;10/03/2025
DI1F30;02/01/2030;51750.94;10/03/2025
DI1N30;01/07/2030;48336.36;10/03/2025
DI1F31;02/01/2031;45002.02;10/03/2025
DI1F32;02/01/2032;39161.16;10/03/2025
DI1F33;03/01/2033;34157.89;10/03/2025
DI1F34;02/01/2034;29886.54;10/03/2025
DI1F35;02/01/2035;26124.49;10/03/2025
DI1F36;02/01/2036;22950.08;10/03/2025
DI1F37;02/01/2037;20091.97;10/03/2025
DI1F38;04/01/2038;17688.62;10/03/2025
DI1F39;03/01/2039;15258.39;10/03/2025
DI1F40;02/01/2040;13447.69;10/03/2025
DI1J25;01/04/2025;99239.29;11/03/2025
DI1K25;02/05/2025;98201.29;11/03/2025
DI1M25;02/06/2025;97096.95;11/03/2025
DI1N25;01/07/2025;96049.51;11/03/2025
DI1Q25;01/08/2025;94847.21;11/03/2025
DI1U25;01/09/2025;93757.2;11/03/2025
DI1V25;01/10/2025;92622.88;11/03/2025
DI1X25;03/11/2025;91454.69;11/03/2025
DI1Z25;01/12/2025;90499.78;11/03/2025
DI1F26;02/01/2026;89390.36;11/03/2025
DI1G26;02/02/2026;88352.63;11/03/2025
DI1H26;02/03/2026;87472.25;11/03/2025
DI1J26;01/04/2026;86422.42;11/03/2025
DI1N26;01/07/2026;83629.53;11/03/2025
DI1V26;01/10/2026;80830.65;11/03/2025
DI1F27;04/01/2027;78260.51;11/03/2025
DI1J27;01/04/2027;75826.69;11/03/2025
DI1N27;01/07/2027;73370.42;11/03/2025
DI1V27;01/10/2027;70894.24;11/03/2025
DI1F28;03/01/2028;68549.77;11/03/2025
DI1J28;03/04/2028;66285.46;11/03/2025
DI1N28;03/07/2028;64113.95;11/03/2025
DI1V28;02/10/2028;61915.26;11/03/2025
DI1F29;02/01/2029;59952.88;11/03/2025
DI1J29;02/04/2029;58009.08;11/03/2025
DI1N29;02/07/2029;56047.57;11/03/2025
DI1V29;01/10/2029;54078.82;11/03/2025
DI1F30;02/01/2030;52292.7;11/03/2025
DI1N30;01/07/2030;48905.08;11/03/2025
DI1F31;02/01/2031;45551.02;11/03/2025
DI1F32;02/01/2032;39720.77;11/03/2025
DI1F33;03/01/2033;34704.15;11/03/2025
DI1F34;02/01/2034;30419.66;11/03/2025
DI1F35;02/01/2035;26625.85;11/03/2025
DI1F36;02/01/2036;23434.53;11/03/2025
DI1F37;02/01/2037;20555.28;11/03/2025
DI1F38;04/01/2038;18130.64;11/03/2025
DI1F39;03/01/2039;15668.94;11/03/2025
DI1F40;02/01/2040;13835.82;11/03/2025
DI1J25;01/04/2025;99287.98;12/03/2025
DI1K25;02/05/2025;98249.32;12/03/2025
DI1M25;02/06/2025;97145.82;12/03/2025
DI1N25;01/07/2025;96098.96;12/03/2025
DI1Q25;01/08/2025;94897.26;12/03/2025
DI1U25;01/09/2025;93804.09;12/03/2025
DI1V25;01/10/2025;92669.26;12/03/2025
DI1X25;03/11/2025;91500.58;12/03/2025
DI1Z25;01/12/2025;90543.15;12/03/2025
DI1F26;02/01/2026;89433.97;12/03/2025
DI1G26;02/02/2026;88395.31;12/03/2025
DI1H26;02/03/2026;87514.88;12/03/2025
DI1J26;01/04/2026;86464.9;12/03/2025
DI1N26;01/07/2026;83654.31;12/03/2025
DI1V26;01/10/2026;80833.84;12/03/2025
DI1F27;04/01/2027;78232.53;12/03/2025
DI1J27;01/04/2027;75779.68;12/03/2025
DI1N27;01/07/2027;73302.64;12/03/2025
DI1V27;01/10/2027;70801.28;12/03/2025
DI1F28;03/01/2028;68440.77;12/03/2025
DI1J28;03/04/2028;66151.63;12/03/2025
DI1N28;03/07/2028;63967.93;12/03/2025
DI1V28;02/10/2028;61745.62;12/03/2025
DI1F29;02/01/2029;59767.55;12/03/2025
DI1J29;02/04/2029;57794.02;12/03/2025
DI1N29;02/07/2029;55812.61;12/03/2025
DI1V29;01/10/2029;53862.63;12/03/2025
DI1F30;02/01/2030;52045.07;12/03/2025
DI1N30;01/07/2030;48618.26;12/03/2025
DI1F31;02/01/2031;45262.52;12/03/2025
DI1F32;02/01/2032;39391.9;12/03/2025
DI1F33;03/01/2033;34369.42;12/03/2025
DI1F34;02/01/2034;30068.17;12/03/2025
DI1F35;02/01/2035;26286.73;12/03/2025
DI1F36;02/01/2036;23104.51;12/03/2025
DI1F37;02/01/2037;20237.79;12/03/2025
DI1F38;04/01/2038;17826.2;12/03/2025
DI1F39;03/01/2039;15385.11;12/03/2025
DI1F40;02/01/2040;13566.44;12/03/2025
DI1J25;01/04/2025;99337.0;13/03/2025
DI1K25;02/05/2025;98298.0;13/03/2025
DI1M25;02/06/2025;97194.24;13/03/2025
DI1N25;01/07/2025;96146.75;13/03/2025
DI1Q25;01/08/2025;94944.48;13/03/2025
DI1U25;01/09/2025;93848.39;13/03/2025
DI1V25;01/10/2025;92713.92;13/03/2025
DI1X25;03/11/2025;91543.95;13/03/2025
DI1Z25;01/12/2025;90587.75;13/03/2025
DI1F26;02/01/2026;89477.65;13/03/2025
DI1G26;02/02/2026;88443.57;13/03/2025
DI1H26;02/03/2026;87568.62;13/03/2025
DI1J26;01/04/2026;86520.9;13/03/2025
DI1N26;01/07/2026;83748.13;13/03/2025
DI1V26;01/10/2026;80962.07;13/03/2025
DI1F27;04/01/2027;78399.01;13/03/2025
DI1J27;01/04/2027;75966.29;13/03/2025
DI1N27;01/07/2027;73531.29;13/03/2025
DI1V27;01/10/2027;71060.14;13/03/2025
DI1F28;03/01/2028;68735.51;13/03/2025
DI1J28;03/04/2028;66458.87;13/03/2025
DI1N28;03/07/2028;64295.19;13/03/2025
DI1V28;02/10/2028;62075.71;13/03/2025
DI1F29;02/01/2029;60114.37;13/03/2025
DI1J29;02/04/2029;58159.13;13/03/2025
DI1N29;02/07/2029;56170.62;13/03/2025
DI1V29;01/10/2029;54222.69;13/03/2025
DI1F30;02/01/2030;52416.66;13/03/2025
DI1N30;01/07/2030;48987.07;13/03/2025
DI1F31;02/01/2031;45643.9;13/03/2025
DI1F32;02/01/2032;39763.76;13/03/2025
DI1F33;03/01/2033;34729.9;13/03/2025
DI1F34;02/01/2034;30433.81;13/03/2025
DI1F35;02/01/2035;26652.26;13/03/2025
DI1F36;02/01/2036;23457.47;13/03/2025
DI1F37;02/01/2037;20575.16;13/03/2025
DI1F38;04/01/2038;18147.93;13/03/2025
DI1F39;03/01/2039;15683.85;13/03/2025
DI1F40;02/01/2040;13848.8;13/03/2025
DI1J25;01/04/2025;99385.68;14/03/2025
DI1K25;02/05/2025;98346.52;14/03/2025
DI1M25;02/06/2025;97242.25;14/03/2025
DI1N25;01/07/2025;96194.89;14/03/2025
DI1Q25;01/08/2025;94990.21;14/03/2025
DI1U25;01/09/2025;93896.99;14/03/2025
DI1V25;01/10/2025;92760.01;14/03/2025
DI1X25;03/11/2025;91587.94;14/03/2025
DI1Z25;01/12/2025;90624.48;14/03/2025
DI1F26;02/01/2026;89514.49;14/03/2025
DI1G26;02/02/2026;88471.3;14/03/2025
DI1H26;02/03/2026;87592.28;14/03/2025
DI1J26;01/04/2026;86546.86;14/03/2025
DI1N26;01/07/2026;83749.44;14/03/2025
DI1V26;01/10/2026;80945.68;14/03/2025
DI1F27;04/01/2027;78367.47;14/03/2025
DI1J27;01/04/2027;75940.94;14/03/2025
DI1N27;01/07/2027;73501.62;14/03/2025
DI1V27;01/10/2027;71042.79;14/03/2025
DI1F28;03/01/2028;68718.47;14/03/2025
DI1J28;03/04/2028;66443.05;14/03/2025
DI1N28;03/07/2028;64285.22;14/03/2025
DI1V28;02/10/2028;62072.45;14/03/2025
DI1F29;02/01/2029;60116.77;14/03/2025
DI1J29;02/04/2029;58159.63;14/03/2025
DI1N29;02/07/2029;56169.33;14/03/2025
DI1V29;01/10/2029;54221.84;14/03/2025
DI1F30;02/01/2030;52416.52;14/03/2025
DI1N30;01/07/2030;49006.74;14/03/2025
DI1F31;02/01/2031;45636.41;14/03/2025
DI1F32;02/01/2032;39766.5;14/03/2025
DI1F33;03/01/2033;34734.55;14/03/2025
DI1F34;02/01/2034;30440.9;14/03/2025
DI1F35;02/01/2035;26643.94;14/03/2025
DI1F36;02/01/2036;23448.05;14/03/2025
DI1F37;02/01/2037;20565.06;14/03/2025
DI1F38;04/01/2038;18137.4;14/03/2025
DI1F39;03/01/2039;15673.46;14/03/2025
DI1F40;02/01/2040;13838.37;14/03/2025
DI1J25;01/04/2025;99434.18;17/03/2025
DI1K25;02/05/2025;98394.48;17/03/2025
DI1M25;02/06/2025;97288.66;17/03/2025
DI1N25;01/07/2025;96238.33;17/03/2025
DI1Q25;01/08/2025;95032.0;17/03/2025
DI1U25;01/09/2025;93937.35;17/03/2025
DI1V25;01/10/2025;92799.53;17/03/2025
DI1X25;03/11/2025;91628.44;17/03/2025
DI1Z25;01/12/2025;90671.53;17/03/2025
DI1F26;02/01/2026;89563.97;17/03/2025
DI1G26;02/02/2026;88527.2;17/03/2025
DI1H26;02/03/2026;87651.93;17/03/2025
DI1J26;01/04/2026;86606.05;17/03/2025
DI1N26;01/07/2026;83833.67;17/03/2025
DI1V26;01/10/2026;81055.04;17/03/2025
DI1F27;04/01/2027;78516.43;17/03/2025
DI1J27;01/04/2027;76113.8;17/03/2025
DI1N27;01/07/2027;73709.59;17/03/2025
DI1V27;01/10/2027;71271.74;17/03/2025
DI1F28;03/01/2028;68995.15;17/03/2025
DI1J28;03/04/2028;66742.07;17/03/2025
DI1N28;03/07/2028;64602.31;17/03/2025
DI1V28;02/10/2028;62403.68;17/03/2025
DI1F29;02/01/2029;60447.1;17/03/2025
DI1J29;02/04/2029;58489.56;17/03/2025
DI1N29;02/07/2029;56508.08;17/03/2025
DI1V29;01/10/2029;54560.16;17/03/2025
DI1F30;02/01/2030;52753.04;17/03/2025
DI1N30;01/07/2030;49319.35;17/03/2025
DI1F31;02/01/2031;45955.87;17/03/2025
DI1F32;02/01/2032;40075.43;17/03/2025
DI1F33;03/01/2033;35029.84;17/03/2025
DI1F34;02/01/2034;30723.96;17/03/2025
DI1F35;02/01/2035;26897.45;17/03/2025
DI1F36;02/01/2036;23692.7;17/03/2025
DI1F37;02/01/2037;20798.83;17/03/2025
DI1F38;04/01/2038;18360.31;17/03/2025
DI1F39;03/01/2039;15880.49;17/03/2025
DI1F40;02/01/2040;14034.07;17/03/2025
DI1J25;01/04/2025;99482.89;18/03/2025
DI1K25;02/05/2025;98442.79;18/03/2025
DI1M25;02/06/2025;97336.3;18/03/2025
DI1N25;01/07/2025;96284.61;18/03/2025
DI1Q25;01/08/2025;95079.27;18/03/2025
DI1U25;01/09/2025;93986.14;18/03/2025
DI1V25;01/10/2025;92850.68;18/03/2025
DI1X25;03/11/2025;91681.76;18/03/2025
DI1Z25;01/12/2025;90725.36;18/03/2025
DI1F26;02/01/2026;89619.08;18/03/2025
DI1G26;02/02/2026;88586.47;18/03/2025
DI1H26;02/03/2026;87712.97;18/03/2025
DI1J26;01/04/2026;86669.9;18/03/2025
DI1N26;01/07/2026;83909.31;18/03/2025
DI1V26;01/10/2026;81151.16;18/03/2025
DI1F27;04/01/2027;78614.95;18/03/2025
DI1J27;01/04/2027;76221.87;18/03/2025
DI1N27;01/07/2027;73830.97;18/03/2025
DI1V27;01/10/2027;71423.38;18/03/2025
DI1F28;03/01/2028;69167.96;18/03/2025
DI1J28;03/04/2028;66935.32;18/03/2025
DI1N28;03/07/2028;64807.17;18/03/2025
DI1V28;02/10/2028;62625.99;18/03/2025
DI1F29;02/01/2029;60674.84;18/03/2025
DI1J29;02/04/2029;58736.55;18/03/2025
DI1N29;02/07/2029;56763.98;18/03/2025
DI1V29;01/10/2029;54820.27;18/03/2025
DI1F30;02/01/2030;53003.31;18/03/2025
DI1N30;01/07/2030;49588.32;18/03/2025
DI1F31;02/01/2031;46235.6;18/03/2025
DI1F32;02/01/2032;40358.12;18/03/2025
DI1F33;03/01/2033;35282.17;18/03/2025
DI1F34;02/01/2034;30976.46;18/03/2025
DI1F35;02/01/2035;27146.47;18/03/2025
DI1F36;02/01/2036;23933.2;18/03/2025
DI1F37;02/01/2037;21028.84;18/03/2025
DI1F38;04/01/2038;18579.81;18/03/2025
DI1F39;03/01/2039;16084.52;18/03/2025
DI1F40;02/01/2040;14227.11;18/03/2025
DI1J25;01/04/2025;99531.73;19/03/2025
DI1K25;02/05/2025;98491.22;19/03/2025
DI1M25;02/06/2025;97386.32;19/03/2025
DI1N25;01/07/2025;96335.5;19/03/2025
DI1Q25;01/08/2025;95127.56;19/03/2025
DI1U25;01/09/2025;94038.32;19/03/2025
DI1V25;01/10/2025;92905.34;19/03/2025
DI1X25;03/11/2025;91737.09;19/03/2025
DI1Z25;01/12/2025;90783.1;19/03/2025
DI1F26;02/01/2026;89680.99;19/03/2025
DI1G26;02/02/2026;88648.39;19/03/2025
DI1H26;02/03/2026;87773.96;19/03/2025
DI1J26;01/04/2026;86733.68;19/03/2025
DI1N26;01/07/2026;83980.16;19/03/2025
DI1V26;01/10/2026;81220.99;19/03/2025
DI1F27;04/01/2027;78688.85;19/03/2025
DI1J27;01/04/2027;76304.23;19/03/2025
DI1N27;01/07/2027;73917.05;19/03/2025
DI1V27;01/10/2027;71514.87;19/03/2025
DI1F28;03/01/2028;69280.17;19/03/2025
DI1J28;03/04/2028;67061.17;19/03/2025
DI1N28;03/07/2028;64939.78;19/03/2025
DI1V28;02/10/2028;62769.31;19/03/2025
DI1F29;02/01/2029;60834.96;19/03/2025
DI1J29;02/04/2029;58889.22;19/03/2025
DI1N29;02/07/2029;56914.66;19/03/2025
DI1V29;01/10/2029;54972.78;19/03/2025
DI1F30;02/01/2030;53172.69;19/03/2025
DI1N30;01/07/2030;49764.97;19/03/2025
DI1F31;02/01/2031;46388.35;19/03/2025
DI1F32;02/01/2032;40482.26;19/03/2025
DI1F33;03/01/2033;35413.6;19/03/2025
DI1F34;02/01/2034;31066.52;19/03/2025
DI1F35;02/01/2035;27244.25;19/03/2025
DI1F36;02/01/2036;24026.88;19/03/2025
DI1F37;02/01/2037;21117.83;19/03/2025
DI1F38;04/01/2038;18664.25;19/03/2025
DI1F39;03/01/2039;16162.69;19/03/2025
DI1F40;02/01/2040;14300.75;19/03/2025
DI1J25;01/04/2025;99580.63;20/03/2025
DI1K25;02/05/2025;98539.61;20/03/2025
DI1M25;02/06/2025;97426.82;20/03/2025
DI1N25;01/07/2025;96365.68;20/03/2025
DI1Q25;01/08/2025;95144.7;20/03/2025
DI1U25;01/09/2025;94041.2;20/03/2025
DI1V25;01/10/2025;92897.46;20/03/2025
DI1X25;03/11/2025;91717.66;20/03/2025
DI1Z25;01/12/2025;90747.96;20/03/2025
DI1F26;02/01/2026;89628.05;20/03/2025
DI1G26;02/02/2026;88582.16;20/03/2025
DI1H26;02/03/2026;87699.15;20/03/2025
DI1J26;01/04/2026;86640.74;20/03/2025
DI1N26;01/07/2026;83828.19;20/03/2025
DI1V26;01/10/2026;81006.6;20/03/2025
DI1F27;04/01/2027;78421.05;20/03/2025
DI1J27;01/04/2027;75977.27;20/03/2025
DI1N27;01/07/2027;73555.77;20/03/2025
DI1V27;01/10/2027;71121.0;20/03/2025
DI1F28;03/01/2028;68855.29;20/03/2025
DI1J28;03/04/2028;66602.66;20/03/2025
DI1N28;03/07/2028;64461.38;20/03/2025
DI1V28;02/10/2028;62266.74;20/03/2025
DI1F29;02/01/2029;60295.07;20/03/2025
DI1J29;02/04/2029;58351.63;20/03/2025
DI1N29;02/07/2029;56356.94;20/03/2025
DI1V29;01/10/2029;54409.11;20/03/2025
DI1F30;02/01/2030;52583.96;20/03/2025
DI1N30;01/07/2030;49157.44;20/03/2025
DI1F31;02/01/2031;45785.62;20/03/2025
DI1F32;02/01/2032;39815.16;20/03/2025
DI1F33;03/01/2033;34793.28;20/03/2025
DI1F34;02/01/2034;30464.72;20/03/2025
DI1F35;02/01/2035;26669.7;20/03/2025
DI1F36;02/01/2036;23467.65;20/03/2025
DI1F37;02/01/2037;20579.58;20/03/2025
DI1F38;04/01/2038;18147.83;20/03/2025
DI1F39;03/01/2039;15680.8;20/03/2025
DI1F40;02/01/2040;13843.0;20/03/2025
DI1J25;01/04/2025;99632.91;21/03/2025
DI1K25;02/05/2025;98591.58;21/03/2025
DI1M25;02/06/2025;97477.04;21/03/2025
DI1N25;01/07/2025;96412.62;21/03/2025
DI1Q25;01/08/2025;95185.39;21/03/2025
DI1U25;01/09/2025;94074.48;21/03/2025
DI1V25;01/10/2025;92921.9;21/03/2025
DI1X25;03/11/2025;91731.02;21/03/2025
DI1Z25;01/12/2025;90759.66;21/03/2025
DI1F26;02/01/2026;89630.18;21/03/2025
DI1G26;02/02/2026;88574.05;21/03/2025
DI1H26;02/03/2026;87683.66;21/03/2025
DI1J26;01/04/2026;86618.04;21/03/2025
DI1N26;01/07/2026;83777.93;21/03/2025
DI1V26;01/10/2026;80935.48;21/03/2025
DI1F27;04/01/2027;78325.41;21/03/2025
DI1J27;01/04/2027;75866.46;21/03/2025
DI1N27;01/07/2027;73408.17;21/03/2025
DI1V27;01/10/2027;70954.31;21/03/2025
DI1F28;03/01/2028;68655.76;21/03/2025
DI1J28;03/04/2028;66422.27;21/03/2025
DI1N28;03/07/2028;64257.28;21/03/2025
DI1V28;02/10/2028;62053.66;21/03/2025
DI1F29;02/01/2029;60086.41;21/03/2025
DI1J29;02/04/2029;58130.66;21/03/2025
DI1N29;02/07/2029;56157.58;21/03/2025
DI1V29;01/10/2029;54180.1;21/03/2025
DI1F30;02/01/2030;52394.88;21/03/2025
DI1N30;01/07/2030;48935.36;21/03/2025
DI1F31;02/01/2031;45588.25;21/03/2025
DI1F32;02/01/2032;39684.77;21/03/2025
DI1F33;03/01/2033;34647.92;21/03/2025
DI1F34;02/01/2034;30314.28;21/03/2025
DI1F35;02/01/2035;26512.58;21/03/2025
DI1F36;02/01/2036;23120.85;21/03/2025
DI1F37;02/01/2037;20062.74;21/03/2025
DI1F38;04/01/2038;17653.0;21/03/2025
DI1F39;03/01/2039;15220.05;21/03/2025
DI1F40;02/01/2040;13406.29;21/03/2025
DI1J25;01/04/2025;99685.27;24/03/2025
DI1K25;02/05/2025;98643.3;24/03/2025
DI1M25;02/06/2025;97528.15;24/03/2025
DI1N25;01/07/2025;96461.52;24/03/2025
DI1Q25;01/08/2025;95231.68;24/03/2025
DI1U25;01/09/2025;94113.88;24/03/2025
DI1V25;01/10/2025;92951.03;24/03/2025
DI1X25;03/11/2025;91752.78;24/03/2025
DI1Z25;01/12/2025;90771.81;24/03/2025
DI1F26;02/01/2026;89635.25;24/03/2025
DI1G26;02/02/2026;88567.83;24/03/2025
DI1H26;02/03/2026;87669.48;24/03/2025
DI1J26;01/04/2026;86598.25;24/03/2025
DI1N26;01/07/2026;83732.99;24/03/2025
DI1V26;01/10/2026;80850.13;24/03/2025
DI1F27;04/01/2027;78219.8;24/03/2025
DI1J27;01/04/2027;75740.66;24/03/2025
DI1N27;01/07/2027;73258.84;24/03/2025
DI1V27;01/10/2027;70779.56;24/03/2025
DI1F28;03/01/2028;68472.63;24/03/2025
DI1J28;03/04/2028;66210.06;24/03/2025
DI1N28;03/07/2028;64063.76;24/03/2025
DI1V28;02/10/2028;61861.07;24/03/2025
DI1F29;02/01/2029;59904.7;24/03/2025
DI1J29;02/04/2029;57947.6;24/03/2025
DI1N29;02/07/2029;55955.43;24/03/2025
DI1V29;01/10/2029;54020.49;24/03/2025
DI1F30;02/01/2030;52222.13;24/03/2025
DI1N30;01/07/2030;48814.85;24/03/2025
DI1F31;02/01/2031;45437.63;24/03/2025
DI1F32;02/01/2032;39569.01;24/03/2025
DI1F33;03/01/2033;34529.04;24/03/2025
DI1F34;02/01/2034;30215.41;24/03/2025
DI1F35;02/01/2035;26434.92;24/03/2025
DI1F36;02/01/2036;23045.02;24/03/2025
DI1F37;02/01/2037;19989.82;24/03/2025
DI1F38;04/01/2038;17766.6;24/03/2025
DI1F39;03/01/2039;15325.02;24/03/2025
DI1F40;02/01/2040;13541.39;24/03/2025
DI1J25;01/04/2025;99737.65;25/03/2025
DI1K25;02/05/2025;98695.22;25/03/2025
DI1M25;02/06/2025;97577.45;25/03/2025
DI1N25;01/07/2025;96506.12;25/03/2025
DI1Q25;01/08/2025;95267.84;25/03/2025
DI1U25;01/09/2025;94141.35;25/03/2025
DI1V25;01/10/2025;92968.22;25/03/2025
DI1X25;03/11/2025;91763.65;25/03/2025
DI1Z25;01/12/2025;90774.62;25/03/2025
DI1F26;02/01/2026;89628.7;25/03/2025
DI1G26;02/02/2026;88558.18;25/03/2025
DI1H26;02/03/2026;87651.62;25/03/2025
DI1J26;01/04/2026;86569.09;25/03/2025
DI1N26;01/07/2026;83671.3;25/03/2025
DI1V26;01/10/2026;80757.14;25/03/2025
DI1F27;04/01/2027;78092.37;25/03/2025
DI1J27;01/04/2027;75594.83;25/03/2025
DI1N27;01/07/2027;73104.96;25/03/2025
DI1V27;01/10/2027;70633.98;25/03/2025
DI1F28;03/01/2028;68300.73;25/03/2025
DI1J28;03/04/2028;66051.46;25/03/2025
DI1N28;03/07/2028;63887.94;25/03/2025
DI1V28;02/10/2028;61700.0;25/03/2025
DI1F29;02/01/2029;59747.6;25/03/2025
DI1J29;02/04/2029;57811.94;25/03/2025
DI1N29;02/07/2029;55830.91;25/03/2025
DI1V29;01/10/2029;53895.57;25/03/2025
DI1F30;02/01/2030;52044.01;25/03/2025
DI1N30;01/07/2030;48646.23;25/03/2025
DI1F31;02/01/2031;45285.61;25/03/2025
DI1F32;02/01/2032;39421.43;25/03/2025
DI1F33;03/01/2033;34378.33;25/03/2025
DI1F34;02/01/2034;30064.37;25/03/2025
DI1F35;02/01/2035;26281.83;25/03/2025
DI1F36;02/01/2036;23027.46;25/03/2025
DI1F37;02/01/2037;20041.58;25/03/2025
DI1F38;04/01/2038;17815.63;25/03/2025
DI1F39;03/01/2039;15370.01;25/03/2025
DI1F40;02/01/2040;13583.49;25/03/2025
DI1J25;01/04/2025;99790.08;26/03/2025
DI1K25;02/05/2025;98747.0;26/03/2025
DI1M25;02/06/2025;97628.27;26/03/2025
DI1N25;01/07/2025;96557.7;26/03/2025
DI1Q25;01/08/2025;95318.3;26/03/2025
DI1U25;01/09/2025;94187.0;26/03/2025
DI1V25;01/10/2025;93009.91;26/03/2025
DI1X25;03/11/2025;91797.47;26/03/2025
DI1Z25;01/12/2025;90807.25;26/03/2025
DI1F26;02/01/2026;89657.09;26/03/2025
DI1G26;02/02/2026;88577.46;26/03/2025
DI1H26;02/03/2026;87668.28;26/03/2025
DI1J26;01/04/2026;86576.45;26/03/2025
DI1N26;01/07/2026;83650.61;26/03/2025
DI1V26;01/10/2026;80712.91;26/03/2025
DI1F27;04/01/2027;78015.05;26/03/2025
DI1J27;01/04/2027;75490.91;26/03/2025
DI1N27;01/07/2027;72959.45;26/03/2025
DI1V27;01/10/2027;70440.27;26/03/2025
DI1F28;03/01/2028;68105.57;26/03/2025
DI1J28;03/04/2028;65826.69;26/03/2025
DI1N28;03/07/2028;63653.87;26/03/2025
DI1V28;02/10/2028;61434.93;26/03/2025
DI1F29;02/01/2029;59467.36;26/03/2025
DI1J29;02/04/2029;57511.23;26/03/2025
DI1N29;02/07/2029;55520.49;26/03/2025
DI1V29;01/10/2029;53565.83;26/03/2025
DI1F30;02/01/2030;51758.24;26/03/2025
DI1N30;01/07/2030;48346.73;26/03/2025
DI1F31;02/01/2031;44966.01;26/03/2025
DI1F32;02/01/2032;39091.16;26/03/2025
DI1F33;03/01/2033;34067.76;26/03/2025
DI1F34;02/01/2034;29762.47;26/03/2025
DI1F35;02/01/2035;25969.1;26/03/2025
DI1F36;02/01/2036;22741.29;26/03/2025
DI1F37;02/01/2037;19768.34;26/03/2025
DI1F38;04/01/2038;17551.09;26/03/2025
DI1F39;03/01/2039;15123.65;26/03/2025
DI1F40;02/01/2040;13349.28;26/03/2025
DI1J25;01/04/2025;99842.56;27/03/2025
DI1K25;02/05/2025;98798.82;27/03/2025
DI1M25;02/06/2025;97682.75;27/03/2025
DI1N25;01/07/2025;96614.68;27/03/2025
DI1Q25;01/08/2025;95382.59;27/03/2025
DI1U25;01/09/2025;94262.68;27/03/2025
DI1V25;01/10/2025;93097.31;27/03/2025
DI1X25;03/11/2025;91899.93;27/03/2025
DI1Z25;01/12/2025;90917.74;27/03/2025
DI1F26;02/01/2026;89781.13;27/03/2025
DI1G26;02/02/2026;88719.87;27/03/2025
DI1H26;02/03/2026;87820.49;27/03/2025
DI1J26;01/04/2026;86746.32;27/03/2025
DI1N26;01/07/2026;83870.17;27/03/2025
DI1V26;01/10/2026;80986.64;27/03/2025
DI1F27;04/01/2027;78331.18;27/03/2025
DI1J27;01/04/2027;75831.27;27/03/2025
DI1N27;01/07/2027;73323.16;27/03/2025
DI1V27;01/10/2027;70822.73;27/03/2025
DI1F28;03/01/2028;68477.39;27/03/2025
DI1J28;03/04/2028;66198.16;27/03/2025
DI1N28;03/07/2028;64033.83;27/03/2025
DI1V28;02/10/2028;61810.79;27/03/2025
DI1F29;02/01/2029;59836.22;27/03/2025
DI1J29;02/04/2029;57869.0;27/03/2025
DI1N29;02/07/2029;55875.4;27/03/2025
DI1V29;01/10/2029;53910.21;27/03/2025
DI1F30;02/01/2030;52103.17;27/03/2025
DI1N30;01/07/2030;48657.52;27/03/2025
DI1F31;02/01/2031;45285.58;27/03/2025
DI1F32;02/01/2032;39374.66;27/03/2025
DI1F33;03/01/2033;34323.51;27/03/2025
DI1F34;02/01/2034;29994.49;27/03/2025
DI1F35;02/01/2035;26184.01;27/03/2025
DI1F36;02/01/2036;22949.63;27/03/2025
DI1F37;02/01/2037;19965.49;27/03/2025
DI1F38;04/01/2038;17740.33;27/03/2025
DI1F39;03/01/2039;15298.84;27/03/2025
DI1F40;02/01/2040;13514.79;27/03/2025
DI1J25;01/04/2025;99895.01;28/03/2025
DI1K25;02/05/2025;98850.67;28/03/2025
DI1M25;02/06/2025;97731.89;28/03/2025
DI1N25;01/07/2025;96661.41;28/03/2025
DI1Q25;01/08/2025;95420.24;28/03/2025
DI1U25;01/09/2025;94289.16;28/03/2025
DI1V25;01/10/2025;93117.84;28/03/2025
DI1X25;03/11/2025;91912.58;28/03/2025
DI1Z25;01/12/2025;90920.87;28/03/2025
DI1F26;02/01/2026;89781.42;28/03/2025
DI1G26;02/02/2026;88706.42;28/03/2025
DI1H26;02/03/2026;87802.03;28/03/2025
DI1J26;01/04/2026;86719.51;28/03/2025
DI1N26;01/07/2026;83813.05;28/03/2025
DI1V26;01/10/2026;80886.09;28/03/2025
DI1F27;04/01/2027;78200.01;28/03/2025
DI1J27;01/04/2027;75690.42;28/03/2025
DI1N27;01/07/2027;73177.47;28/03/2025
DI1V27;01/10/2027;70671.97;28/03/2025
DI1F28;03/01/2028;68344.28;28/03/2025
DI1J28;03/04/2028;66069.97;28/03/2025
DI1N28;03/07/2028;63909.66;28/03/2025
DI1V28;02/10/2028;61692.12;28/03/2025
DI1F29;02/01/2029;59730.7;28/03/2025
DI1J29;02/04/2029;57758.31;28/03/2025
DI1N29;02/07/2029;55766.12;28/03/2025
DI1V29;01/10/2029;53811.45;28/03/2025
DI1F30;02/01/2030;52005.35;28/03/2025
DI1N30;01/07/2030;48529.85;28/03/2025
DI1F31;02/01/2031;45193.22;28/03/2025
DI1F32;02/01/2032;39306.52;28/03/2025
DI1F33;03/01/2033;34243.24;28/03/2025
DI1F34;02/01/2034;29933.56;28/03/2025
DI1F35;02/01/2035;26129.82;28/03/2025
DI1F36;02/01/2036;22864.0;28/03/2025
DI1F37;02/01/2037;19897.19;28/03/2025
DI1F38;04/01/2038;17601.31;28/03/2025
DI1F39;03/01/2039;15453.95;28/03/2025
DI1F40;02/01/2040;13537.7;28/03/2025
DI1J25;01/04/2025;99947.5;31/03/2025
DI1K25;02/05/2025;98902.77;31/03/2025
DI1M25;02/06/2025;97784.05;31/03/2025
DI1N25;01/07/2025;96716.43;31/03/2025
DI1Q25;01/08/2025;95484.06;31/03/2025
DI1U25;01/09/2025;94362.77;31/03/2025
DI1V25;01/10/2025;93199.4;31/03/2025
DI1X25;03/11/2025;92000.98;31/03/2025
DI1Z25;01/12/2025;91018.99;31/03/2025
DI1F26;02/01/2026;89886.32;31/03/2025
DI1G26;02/02/2026;88820.66;31/03/2025
DI1H26;02/03/2026;87919.85;31/03/2025
DI1J26;01/04/2026;86843.11;31/03/2025
DI1N26;01/07/2026;83954.5;31/03/2025
DI1V26;01/10/2026;81047.71;31/03/2025
DI1F27;04/01/2027;78380.58;31/03/2025
DI1J27;01/04/2027;75889.77;31/03/2025
DI1N27;01/07/2027;73382.14;31/03/2025
DI1V27;01/10/2027;70883.26;31/03/2025
DI1F28;03/01/2028;68568.57;31/03/2025
DI1J28;03/04/2028;66287.66;31/03/2025
DI1N28;03/07/2028;64125.37;31/03/2025
DI1V28;02/10/2028;61895.21;31/03/2025
DI1F29;02/01/2029;59915.14;31/03/2025
DI1J29;02/04/2029;57934.16;31/03/2025
DI1N29;02/07/2029;55938.5;31/03/2025
DI1V29;01/10/2029;53967.09;31/03/2025
DI1F30;02/01/2030;52164.53;31/03/2025
DI1N30;01/07/2030;48691.03;31/03/2025
DI1F31;02/01/2031;45310.51;31/03/2025
DI1F32;02/01/2032;39376.51;31/03/2025
DI1F33;03/01/2033;34310.48;31/03/2025
DI1F34;02/01/2034;29981.83;31/03/2025
DI1F35;02/01/2035;26161.84;31/03/2025
DI1F36;02/01/2036;22914.89;31/03/2025
DI1F37;02/01/2037;19944.62;31/03/2025
DI1F38;04/01/2038;17645.97;31/03/2025
DI1F39;03/01/2039;15495.57;31/03/2025
DI1F40;02/01/2040;13576.27;31/03/2025
DI1J25;01/04/2025;100000.0;01/04/2025
DI1K25;02/05/2025;98954.74;01/04/2025
DI1M25;02/06/2025;97836.1;01/04/2025
DI1N25;01/07/2025;96768.73;01/04/2025
DI1Q25;01/08/2025;95537.93;01/04/2025
DI1U25;01/09/2025;94418.21;01/04/2025
DI1V25;01/10/2025;93259.69;01/04/2025
DI1X25;03/11/2025;92065.14;01/04/2025
DI1Z25;01/12/2025;91084.8;01/04/2025
DI1F26;02/01/2026;89956.41;01/04/2025
DI1G26;02/02/2026;88898.71;01/04/2025
DI1H26;02/03/2026;88005.16;01/04/2025
DI1J26;01/04/2026;86936.87;01/04/2025
DI1N26;01/07/2026;84061.16;01/04/2025
DI1V26;01/10/2026;81174.18;01/04/2025
DI1F27;04/01/2027;78537.2;01/04/2025
DI1J27;01/04/2027;76060.25;01/04/2025
DI1N27;01/07/2027;73578.37;01/04/2025
DI1V27;01/10/2027;71097.89;01/04/2025
DI1F28;03/01/2028;68785.01;01/04/2025
DI1J28;03/04/2028;66543.96;01/04/2025
DI1N28;03/07/2028;64372.41;01/04/2025
DI1V28;02/10/2028;62155.43;01/04/2025
DI1F29;02/01/2029;60182.03;01/04/2025
DI1J29;02/04/2029;58206.97;01/04/2025
DI1N29;02/07/2029;56216.62;01/04/2025
DI1V29;01/10/2029;54256.16;01/04/2025
DI1F30;02/01/2030;52455.4;01/04/2025
DI1J30;01/04/2030;50704.4;01/04/2025
DI1N30;01/07/2030;48992.37;01/04/2025
DI1F31;02/01/2031;45600.22;01/04/2025
DI1F32;02/01/2032;39698.85;01/04/2025
DI1F33;03/01/2033;34616.59;01/04/2025
DI1F34;02/01/2034;30284.24;01/04/2025
DI1F35;02/01/2035;26474.19;01/04/2025
DI1F36;02/01/2036;23208.83;01/04/2025
DI1F37;02/01/2037;20223.62;01/04/2025
DI1F38;04/01/2038;17913.22;01/04/2025
DI1F39;03/01/2039;15748.26;01/04/2025
DI1F40;02/01/2040;13813.43;01/04/2025
DI1K25;02/05/2025;99006.61;02/04/2025
DI1M25;02/06/2025;97887.63;02/04/2025
DI1N25;01/07/2025;96819.24;02/04/2025
DI1Q25;01/08/2025;95587.39;02/04/2025
DI1U25;01/09/2025;94467.15;02/04/2025
DI1V25;01/10/2025;93304.45;02/04/2025
DI1X25;03/11/2025;92106.42;02/04/2025
DI1Z25;01/12/2025;91127.21;02/04/2025
DI1F26;02/01/2026;89995.06;02/04/2025
DI1G26;02/02/2026;88932.53;02/04/2025
DI1H26;02/03/2026;88037.37;02/04/2025
DI1J26;01/04/2026;86965.59;02/04/2025
DI1N26;01/07/2026;84090.6;02/04/2025
DI1V26;01/10/2026;81206.3;02/04/2025
DI1F27;04/01/2027;78571.99;02/04/2025
DI1J27;01/04/2027;76092.7;02/04/2025
DI1N27;01/07/2027;73611.32;02/04/2025
DI1V27;01/10/2027;71128.8;02/04/2025
DI1F28;03/01/2028;68830.49;02/04/2025
DI1J28;03/04/2028;66559.09;02/04/2025
DI1N28;03/07/2028;64399.95;02/04/2025
DI1V28;02/10/2028;62168.28;02/04/2025
DI1F29;02/01/2029;60196.99;02/04/2025
DI1J29;02/04/2029;58208.27;02/04/2025
DI1N29;02/07/2029;56209.88;02/04/2025
DI1V29;01/10/2029;54230.63;02/04/2025
DI1F30;02/01/2030;52414.96;02/04/2025
DI1J30;01/04/2030;50659.75;02/04/2025
DI1N30;01/07/2030;48932.48;02/04/2025
DI1F31;02/01/2031;45527.57;02/04/2025
DI1F32;02/01/2032;39595.33;02/04/2025
DI1F33;03/01/2033;34500.79;02/04/2025
DI1F34;02/01/2034;30165.36;02/04/2025
DI1F35;02/01/2035;26332.44;02/04/2025
DI1F36;02/01/2036;23070.57;02/04/2025
DI1F37;02/01/2037;20099.02;02/04/2025
DI1F38;04/01/2038;17792.52;02/04/2025
DI1F39;03/01/2039;15633.08;02/04/2025
DI1F40;02/01/2040;13704.5;02/04/2025
DI1K25;02/05/2025;99058.71;03/04/2025
DI1M25;02/06/2025;97945.2;03/04/2025
DI1N25;01/07/2025;96884.89;03/04/2025
DI1Q25;01/08/2025;95669.24;03/04/2025
DI1U25;01/09/2025;94567.04;03/04/2025
DI1V25;01/10/2025;93425.61;03/04/2025
DI1X25;03/11/2025;92247.34;03/04/2025
DI1Z25;01/12/2025;91287.65;03/04/2025
DI1F26;02/01/2026;90176.18;03/04/2025
DI1G26;02/02/2026;89142.8;03/04/2025
DI1H26;02/03/2026;88273.82;03/04/2025
DI1J26;01/04/2026;87226.1;03/04/2025
DI1N26;01/07/2026;84450.72;03/04/2025
DI1V26;01/10/2026;81683.43;03/04/2025
DI1F27;04/01/2027;79147.43;03/04/2025
DI1J27;01/04/2027;76743.54;03/04/2025
DI1N27;01/07/2027;74330.53;03/04/2025
DI1V27;01/10/2027;71914.46;03/04/2025
DI1F28;03/01/2028;69644.17;03/04/2025
DI1J28;03/04/2028;67413.32;03/04/2025
DI1N28;03/07/2028;65268.97;03/04/2025
DI1V28;02/10/2028;63055.52;03/04/2025
DI1F29;02/01/2029;61089.22;03/04/2025
DI1J29;02/04/2029;59098.81;03/04/2025
DI1N29;02/07/2029;57095.13;03/04/2025
DI1V29;01/10/2029;55108.84;03/04/2025
DI1F30;02/01/2030;53297.5;03/04/2025
DI1J30;01/04/2030;51537.59;03/04/2025
DI1N30;01/07/2030;49801.11;03/04/2025
DI1F31;02/01/2031;46364.88;03/04/2025
DI1F32;02/01/2032;40375.06;03/04/2025
DI1F33;03/01/2033;35237.07;03/04/2025
DI1F34;02/01/2034;30813.95;03/04/2025
DI1F35;02/01/2035;26932.08;03/04/2025
DI1F36;02/01/2036;23642.43;03/04/2025
DI1F37;02/01/2037;20635.23;03/04/2025
DI1F38;04/01/2038;18307.56;03/04/2025
DI1F39;03/01/2039;16121.26;03/04/2025
DI1F40;02/01/2040;14163.71;03/04/2025
DI1K25;02/05/2025;99110.54;04/04/2025
DI1M25;02/06/2025;97999.81;04/04/2025
DI1N25;01/07/2025;96943.88;04/04/2025
DI1Q25;01/08/2025;95734.88;04/04/2025
DI1U25;01/09/2025;94637.72;04/04/2025
DI1V25;01/10/2025;93505.74;04/04/2025
DI1X25;03/11/2025;92342.26;04/04/2025
DI1Z25;01/12/2025;91384.71;04/04/2025
DI1F26;02/01/2026;90281.87;04/04/2025
DI1G26;02/02/2026;89255.45;04/04/2025
DI1H26;02/03/2026;88390.1;04/04/2025
DI1J26;01/04/2026;87362.55;04/04/2025
DI1N26;01/07/2026;84629.15;04/04/2025
DI1V26;01/10/2026;81899.74;04/04/2025
DI1F27;04/01/2027;79391.77;04/04/2025
DI1J27;01/04/2027;77003.36;04/04/2025
DI1N27;01/07/2027;74607.61;04/04/2025
DI1V27;01/10/2027;72177.87;04/04/2025
DI1F28;03/01/2028;69912.93;04/04/2025
DI1J28;03/04/2028;67664.01;04/04/2025
DI1N28;03/07/2028;65524.95;04/04/2025
DI1V28;02/10/2028;63288.87;04/04/2025
DI1F29;02/01/2029;61310.63;04/04/2025
DI1J29;02/04/2029;59300.29;04/04/2025
DI1N29;02/07/2029;57289.65;04/04/2025
DI1V29;01/10/2029;55301.89;04/04/2025
DI1F30;02/01/2030;53470.82;04/04/2025
DI1J30;01/04/2030;51672.17;04/04/2025
DI1N30;01/07/2030;49993.05;04/04/2025
DI1F31;02/01/2031;46491.53;04/04/2025
DI1F32;02/01/2032;40436.97;04/04/2025
DI1F33;03/01/2033;35256.0;04/04/2025
DI1F34;02/01/2034;30853.93;04/04/2025
DI1F35;02/01/2035;26901.03;04/04/2025
DI1F36;02/01/2036;23538.55;04/04/2025
DI1F37;02/01/2037;20463.98;04/04/2025
DI1F38;04/01/2038;18075.62;04/04/2025
DI1F39;03/01/2039;15900.26;04/04/2025
DI1F40;02/01/2040;13954.89;04/04/2025
DI1K25;02/05/2025;99162.64;07/04/2025
DI1M25;02/06/2025;98051.8;07/04/2025
DI1N25;01/07/2025;96995.39;07/04/2025
DI1Q25;01/08/2025;95787.74;07/04/2025
DI1U25;01/09/2025;94692.18;07/04/2025
DI1V25;01/10/2025;93559.17;07/04/2025
DI1X25;03/11/2025;92390.92;07/04/2025
DI1Z25;01/12/2025;91439.02;07/04/2025
DI1F26;02/01/2026;90337.99;07/04/2025
DI1G26;02/02/2026;89313.0;07/04/2025
DI1H26;02/03/2026;88456.15;07/04/2025
DI1J26;01/04/2026;87427.22;07/04/2025
DI1N26;01/07/2026;84701.92;07/04/2025
DI1V26;01/10/2026;81972.08;07/04/2025
DI1F27;04/01/2027;79466.2;07/04/2025
DI1J27;01/04/2027;77079.73;07/04/2025
DI1N27;01/07/2027;74672.78;07/04/2025
DI1V27;01/10/2027;72224.94;07/04/2025
DI1F28;03/01/2028;69922.56;07/04/2025
DI1J28;03/04/2028;67663.88;07/04/2025
DI1N28;03/07/2028;65486.96;07/04/2025
DI1V28;02/10/2028;63242.96;07/04/2025
DI1F29;02/01/2029;61245.02;07/04/2025
DI1J29;02/04/2029;59245.16;07/04/2025
DI1N29;02/07/2029;57229.13;07/04/2025
DI1V29;01/10/2029;55240.45;07/04/2025
DI1F30;02/01/2030;53384.81;07/04/2025
DI1J30;01/04/2030;51574.58;07/04/2025
DI1N30;01/07/2030;49883.58;07/04/2025
DI1F31;02/01/2031;46416.78;07/04/2025
DI1F32;02/01/2032;40364.07;07/04/2025
DI1F33;03/01/2033;35154.21;07/04/2025
DI1F34;02/01/2034;30695.2;07/04/2025
DI1F35;02/01/2035;26786.2;07/04/2025
DI1F36;02/01/2036;23426.54;07/04/2025
DI1F37;02/01/2037;20356.5;07/04/2025
DI1F38;04/01/2038;17971.69;07/04/2025
DI1F39;03/01/2039;15800.93;07/04/2025
DI1F40;02/01/2040;13860.79;07/04/2025
DI1K25;02/05/2025;99214.87;08/04/2025
DI1M25;02/06/2025;98099.54;08/04/2025
DI1N25;01/07/2025;97038.09;08/04/2025
DI1Q25;01/08/2025;95821.71;08/04/2025
DI1U25;01/09/2025;94721.02;08/04/2025
DI1V25;01/10/2025;93580.98;08/04/2025
DI1X25;03/11/2025;92405.3;08/04/2025
DI1Z25;01/12/2025;91446.59;08/04/2025
DI1F26;02/01/2026;90339.41;08/04/2025
DI1G26;02/02/2026;89309.09;08/04/2025
DI1H26;02/03/2026;88442.2;08/04/2025
DI1J26;01/04/2026;87403.6;08/04/2025
DI1N26;01/07/2026;84650.75;08/04/2025
DI1V26;01/10/2026;81896.89;08/04/2025
DI1F27;04/01/2027;79365.3;08/04/2025
DI1J27;01/04/2027;76955.89;08/04/2025
DI1N27;01/07/2027;74519.28;08/04/2025
DI1V27;01/10/2027;72053.13;08/04/2025
DI1F28;03/01/2028;69724.02;08/04/2025
DI1J28;03/04/2028;67454.43;08/04/2025
DI1N28;03/07/2028;65254.13;08/04/2025
DI1V28;02/10/2028;62992.27;08/04/2025
DI1F29;02/01/2029;60979.57;08/04/2025
DI1J29;02/04/2029;58973.85;08/04/2025
DI1N29;02/07/2029;56946.71;08/04/2025
DI1V29;01/10/2029;54945.57;08/04/2025
DI1F30;02/01/2030;53089.61;08/04/2025
DI1J30;01/04/2030;51271.35;08/04/2025
DI1N30;01/07/2030;49572.2;08/04/2025
DI1F31;02/01/2031;46114.75;08/04/2025
DI1F32;02/01/2032;40080.16;08/04/2025
DI1F33;03/01/2033;34869.86;08/04/2025
DI1F34;02/01/2034;30479.73;08/04/2025
DI1F35;02/01/2035;26548.54;08/04/2025
DI1F36;02/01/2036;23196.27;08/04/2025
DI1F37;02/01/2037;20136.74;08/04/2025
DI1F38;04/01/2038;17760.3;08/04/2025
DI1F39;03/01/2039;15599.75;08/04/2025
DI1F40;02/01/2040;13670.93;08/04/2025
DI1K25;02/05/2025;99266.92;09/04/2025
DI1M25;02/06/2025;98151.72;09/04/2025
DI1N25;01/07/2025;97090.02;09/04/2025
DI1Q25;01/08/2025;95870.64;09/04/2025
DI1U25;01/09/2025;94762.67;09/04/2025
DI1V25;01/10/2025;93617.77;09/04/2025
DI1X25;03/11/2025;92437.24;09/04/2025
DI1Z25;01/12/2025;91472.74;09/04/2025
DI1F26;02/01/2026;90354.09;09/04/2025
DI1G26;02/02/2026;89312.08;09/04/2025
DI1H26;02/03/2026;88433.63;09/04/2025
DI1J26;01/04/2026;87382.85;09/04/2025
DI1N26;01/07/2026;84590.45;09/04/2025
DI1V26;01/10/2026;81785.63;09/04/2025
DI1F27;04/01/2027;79215.25;09/04/2025
DI1J27;01/04/2027;76779.14;09/04/2025
DI1N27;01/07/2027;74318.15;09/04/2025
DI1V27;01/10/2027;71836.1;09/04/2025
DI1F28;03/01/2028;69490.66;09/04/2025
DI1J28;03/04/2028;67176.78;09/04/2025
DI1N28;03/07/2028;65021.29;09/04/2025
DI1V28;02/10/2028;62739.77;09/04/2025
DI1F29;02/01/2029;60785.09;09/04/2025
DI1J29;02/04/2029;58759.44;09/04/2025
DI1N29;02/07/2029;56706.13;09/04/2025
DI1V29;01/10/2029;54710.6;09/04/2025
DI1F30;02/01/2030;52896.53;09/04/2025
DI1J30;01/04/2030;51076.26;09/04/2025
DI1N30;01/07/2030;49375.13;09/04/2025
DI1F31;02/01/2031;45956.71;09/04/2025
DI1F32;02/01/2032;39917.48;09/04/2025
DI1F33;03/01/2033;34755.73;09/04/2025
DI1F34;02/01/2034;30346.5;09/04/2025
DI1F35;02/01/2035;26415.61;09/04/2025
DI1F36;02/01/2036;23067.0;09/04/2025
DI1F37;02/01/2037;20013.03;09/04/2025
DI1F38;04/01/2038;17641.01;09/04/2025
DI1F39;03/01/2039;15486.0;09/04/2025
DI1F40;02/01/2040;13563.42;09/04/2025
DI1K25;02/05/2025;99319.06;10/04/2025
DI1M25;02/06/2025;98203.82;10/04/2025
DI1N25;01/07/2025;97142.53;10/04/2025
DI1Q25;01/08/2025;95925.82;10/04/2025
DI1U25;01/09/2025;94823.18;10/04/2025
DI1V25;01/10/2025;93680.87;10/04/2025
DI1X25;03/11/2025;92502.37;10/04/2025
DI1Z25;01/12/2025;91541.74;10/04/2025
DI1F26;02/01/2026;90424.92;10/04/2025
DI1G26;02/02/2026;89379.46;10/04/2025
DI1H26;02/03/2026;88502.63;10/04/2025
DI1J26;01/04/2026;87452.99;10/04/2025
DI1N26;01/07/2026;84650.91;10/04/2025
DI1V26;01/10/2026;81836.15;10/04/2025
DI1F27;04/01/2027;79243.52;10/04/2025
DI1J27;01/04/2027;76783.45;10/04/2025
DI1N27;01/07/2027;74314.75;10/04/2025
DI1V27;01/10/2027;71823.22;10/04/2025
DI1F28;03/01/2028;69471.5;10/04/2025
DI1J28;03/04/2028;67188.13;10/04/2025
DI1N28;03/07/2028;64990.27;10/04/2025
DI1V28;02/10/2028;62731.53;10/04/2025
DI1F29;02/01/2029;60721.28;10/04/2025
DI1J29;02/04/2029;58742.32;10/04/2025
DI1N29;02/07/2029;56653.58;10/04/2025
DI1V29;01/10/2029;54633.95;10/04/2025
DI1F30;02/01/2030;52778.04;10/04/2025
DI1J30;01/04/2030;50976.58;10/04/2025
DI1N30;01/07/2030;49234.87;10/04/2025
DI1F31;02/01/2031;45756.48;10/04/2025
DI1F32;02/01/2032;39674.84;10/04/2025
DI1F33;03/01/2033;34459.46;10/04/2025
DI1F34;02/01/2034;30020.49;10/04/2025
DI1F35;02/01/2035;26111.59;10/04/2025
DI1F36;02/01/2036;22773.26;10/04/2025
DI1F37;02/01/2037;19757.48;10/04/2025
DI1F38;04/01/2038;17395.72;10/04/2025
DI1F39;03/01/2039;15253.06;10/04/2025
DI1F40;02/01/2040;13344.03;10/04/2025
DI1K25;02/05/2025;99371.2;11/04/2025
DI1M25;02/06/2025;98255.63;11/04/2025
DI1N25;01/07/2025;97193.44;11/04/2025
DI1Q25;01/08/2025;95977.65;11/04/2025
DI1U25;01/09/2025;94875.26;11/04/2025
DI1V25;01/10/2025;93732.61;11/04/2025
DI1X25;03/11/2025;92560.07;11/04/2025
DI1Z25;01/12/2025;91597.82;11/04/2025
DI1F26;02/01/2026;90490.43;11/04/2025
DI1G26;02/02/2026;89454.93;11/04/2025
DI1H26;02/03/2026;88584.43;11/04/2025
DI1J26;01/04/2026;87541.47;11/04/2025
DI1N26;01/07/2026;84775.72;11/04/2025
DI1V26;01/10/2026;82001.19;11/04/2025
DI1F27;04/01/2027;79453.77;11/04/2025
DI1J27;01/04/2027;77029.45;11/04/2025
DI1N27;01/07/2027;74592.61;11/04/2025
DI1V27;01/10/2027;72115.65;11/04/2025
DI1F28;03/01/2028;69794.3;11/04/2025
DI1J28;03/04/2028;67522.37;11/04/2025
DI1N28;03/07/2028;65346.38;11/04/2025
DI1V28;02/10/2028;63098.0;11/04/2025
DI1F29;02/01/2029;61100.23;11/04/2025
DI1J29;02/04/2029;59094.28;11/04/2025
DI1N29;02/07/2029;57056.5;11/04/2025
DI1V29;01/10/2029;55067.81;11/04/2025
DI1F30;02/01/2030;53220.64;11/04/2025
DI1J30;01/04/2030;51460.18;11/04/2025
DI1N30;01/07/2030;49692.56;11/04/2025
DI1F31;02/01/2031;46242.16;11/04/2025
DI1F32;02/01/2032;40220.35;11/04/2025
DI1F33;03/01/2033;35034.56;11/04/2025
DI1F34;02/01/2034;30619.66;11/04/2025
DI1F35;02/01/2035;26753.75;11/04/2025
DI1F36;02/01/2036;23390.07;11/04/2025
DI1F37;02/01/2037;20346.75;11/04/2025
DI1F38;04/01/2038;17958.8;11/04/2025
DI1F39;03/01/2039;15785.88;11/04/2025
DI1F40;02/01/2040;13844.39;11/04/2025
DI1K25;02/05/2025;99423.63;14/04/2025
DI1M25;02/06/2025;98307.27;14/04/2025
DI1N25;01/07/2025;97246.19;14/04/2025
DI1Q25;01/08/2025;96033.5;14/04/2025
DI1U25;01/09/2025;94934.62;14/04/2025
DI1V25;01/10/2025;93798.16;14/04/2025
DI1X25;03/11/2025;92628.56;14/04/2025
DI1Z25;01/12/2025;91677.19;14/04/2025
DI1F26;02/01/2026;90579.2;14/04/2025
DI1G26;02/02/2026;89554.1;14/04/2025
DI1H26;02/03/2026;88693.82;14/04/2025
DI1J26;01/04/2026;87664.38;14/04/2025
DI1N26;01/07/2026;84942.32;14/04/2025
DI1V26;01/10/2026;82219.71;14/04/2025
DI1F27;04/01/2027;79722.48;14/04/2025
DI1J27;01/04/2027;77332.43;14/04/2025
DI1N27;01/07/2027;74937.41;14/04/2025
DI1V27;01/10/2027;72488.41;14/04/2025
DI1F28;03/01/2028;70199.8;14/04/2025
DI1J28;03/04/2028;67940.67;14/04/2025
DI1N28;03/07/2028;65796.37;14/04/2025
DI1V28;02/10/2028;63560.56;14/04/2025
DI1F29;02/01/2029;61576.88;14/04/2025
DI1J29;02/04/2029;59581.46;14/04/2025
DI1N29;02/07/2029;57565.43;14/04/2025
DI1V29;01/10/2029;55576.28;14/04/2025
DI1F30;02/01/2030;53737.34;14/04/2025
DI1J30;01/04/2030;51995.47;14/04/2025
DI1N30;01/07/2030;50220.36;14/04/2025
DI1F31;02/01/2031;46779.62;14/04/2025
DI1F32;02/01/2032;40764.24;14/04/2025
DI1F33;03/01/2033;35588.8;14/04/2025
DI1F34;02/01/2034;31174.76;14/04/2025
DI1F35;02/01/2035;27297.25;14/04/2025
DI1F36;02/01/2036;23913.08;14/04/2025
DI1F37;02/01/2037;20843.99;14/04/2025
DI1F38;04/01/2038;18434.86;14/04/2025
DI1F39;03/01/2039;16237.28;14/04/2025
DI1F40;02/01/2040;14269.16;14/04/2025
DI1K25;02/05/2025;99475.93;15/04/2025
DI1M25;02/06/2025;98359.2;15/04/2025
DI1N25;01/07/2025;97298.77;15/04/2025
DI1Q25;01/08/2025;96082.63;15/04/2025
DI1U25;01/09/2025;94981.66;15/04/2025
DI1V25;01/10/2025;93838.43;15/04/2025
DI1X25;03/11/2025;92664.06;15/04/2025
DI1Z25;01/12/2025;91709.84;15/04/2025
DI1F26;02/01/2026;90602.35;15/04/2025
DI1G26;02/02/2026;89572.73;15/04/2025
DI1H26;02/03/2026;88707.54;15/04/2025
DI1J26;01/04/2026;87670.76;15/04/2025
DI1N26;01/07/2026;84924.6;15/04/2025
DI1V26;01/10/2026;82183.53;15/04/2025
DI1F27;04/01/2027;79660.8;15/04/2025
DI1J27;01/04/2027;77257.03;15/04/2025
DI1N27;01/07/2027;74846.74;15/04/2025
DI1V27;01/10/2027;72388.98;15/04/2025
DI1F28;03/01/2028;70086.56;15/04/2025
DI1J28;03/04/2028;67817.69;15/04/2025
DI1N28;03/07/2028;65648.24;15/04/2025
DI1V28;02/10/2028;63401.73;15/04/2025
DI1F29;02/01/2029;61410.24;15/04/2025
DI1J29;02/04/2029;59405.7;15/04/2025
DI1N29;02/07/2029;57397.77;15/04/2025
DI1V29;01/10/2029;55407.29;15/04/2025
DI1F30;02/01/2030;53565.83;15/04/2025
DI1J30;01/04/2030;51821.82;15/04/2025
DI1N30;01/07/2030;50063.44;15/04/2025
DI1F31;02/01/2031;46612.09;15/04/2025
DI1F32;02/01/2032;40638.73;15/04/2025
DI1F33;03/01/2033;35469.56;15/04/2025
DI1F34;02/01/2034;31066.35;15/04/2025
DI1F35;02/01/2035;27199.11;15/04/2025
DI1F36;02/01/2036;23817.02;15/04/2025
DI1F37;02/01/2037;20751.38;15/04/2025
DI1F38;04/01/2038;18345.05;15/04/2025
DI1F39;03/01/2039;16151.2;15/04/2025
DI1F40;02/01/2040;14187.43;15/04/2025
DI1K25;02/05/2025;99528.37;16/04/2025
DI1M25;02/06/2025;98411.4;16/04/2025
DI1N25;01/07/2025;97349.67;16/04/2025
DI1Q25;01/08/2025;96134.04;16/04/2025
DI1U25;01/09/2025;95030.99;16/04/2025
DI1V25;01/10/2025;93891.33;16/04/2025
DI1X25;03/11/2025;92715.39;16/04/2025
DI1Z25;01/12/2025;91758.26;16/04/2025
DI1F26;02/01/2026;90652.9;16/04/2025
DI1G26;02/02/2026;89626.56;16/04/2025
DI1H26;02/03/2026;88763.26;16/04/2025
DI1J26;01/04/2026;87733.8;16/04/2025
DI1N26;01/07/2026;85003.31;16/04/2025
DI1V26;01/10/2026;82275.55;16/04/2025
DI1F27;04/01/2027;79769.49;16/04/2025
DI1J27;01/04/2027;77375.28;16/04/2025
DI1N27;01/07/2027;74972.29;16/04/2025
DI1V27;01/10/2027;72524.86;16/04/2025
DI1F28;03/01/2028;70217.8;16/04/2025
DI1J28;03/04/2028;67940.88;16/04/2025
DI1N28;03/07/2028;65761.62;16/04/2025
DI1V28;02/10/2028;63503.96;16/04/2025
DI1F29;02/01/2029;61492.07;16/04/2025
DI1J29;02/04/2029;59496.25;16/04/2025
DI1N29;02/07/2029;57465.84;16/04/2025
DI1V29;01/10/2029;55468.83;16/04/2025
DI1F30;02/01/2030;53618.32;16/04/2025
DI1J30;01/04/2030;51882.76;16/04/2025
DI1N30;01/07/2030;50133.03;16/04/2025
DI1F31;02/01/2031;46662.42;16/04/2025
DI1F32;02/01/2032;40662.86;16/04/2025
DI1F33;03/01/2033;35507.61;16/04/2025
DI1F34;02/01/2034;31113.6;16/04/2025
DI1F35;02/01/2035;27229.74;16/04/2025
DI1F36;02/01/2036;23845.28;16/04/2025
DI1F37;02/01/2037;20779.4;16/04/2025
DI1F38;04/01/2038;18371.05;16/04/2025
DI1F39;03/01/2039;16175.2;16/04/2025
DI1F40;02/01/2040;14209.48;16/04/2025
DI1K25;02/05/2025;99580.55;17/04/2025
DI1M25;02/06/2025;98463.16;17/04/2025
DI1N25;01/07/2025;97400.99;17/04/2025
DI1Q25;01/08/2025;96182.86;17/04/2025
DI1U25;01/09/2025;95080.08;17/04/2025
DI1V25;01/10/2025;93937.13;17/04/2025
DI1X25;03/11/2025;92761.43;17/04/2025
DI1Z25;01/12/2025;91803.24;17/04/2025
DI1F26;02/01/2026;90693.91;17/04/2025
DI1G26;02/02/2026;89667.34;17/04/2025
DI1H26;02/03/2026;88801.54;17/04/2025
DI1J26;01/04/2026;87763.96;17/04/2025
DI1N26;01/07/2026;85025.11;17/04/2025
DI1V26;01/10/2026;82302.57;17/04/2025
DI1F27;04/01/2027;79797.28;17/04/2025
DI1J27;01/04/2027;77413.25;17/04/2025
DI1N27;01/07/2027;75037.31;17/04/2025
DI1V27;01/10/2027;72606.21;17/04/2025
DI1F28;03/01/2028;70347.39;17/04/2025
DI1J28;03/04/2028;68095.75;17/04/2025
DI1N28;03/07/2028;65932.14;17/04/2025
DI1V28;02/10/2028;63692.63;17/04/2025
DI1F29;02/01/2029;61699.14;17/04/2025
DI1J29;02/04/2029;59722.13;17/04/2025
DI1N29;02/07/2029;57696.04;17/04/2025
DI1V29;01/10/2029;55700.65;17/04/2025
DI1F30;02/01/2030;53855.34;17/04/2025
DI1J30;01/04/2030;52115.87;17/04/2025
DI1N30;01/07/2030;50359.17;17/04/2025
DI1F31;02/01/2031;46935.56;17/04/2025
DI1F32;02/01/2032;40927.2;17/04/2025
DI1F33;03/01/2033;35758.32;17/04/2025
DI1F34;02/01/2034;31355.04;17/04/2025
DI1F35;02/01/2035;27482.02;17/04/2025
DI1F36;02/01/2036;24087.63;17/04/2025
DI1F37;02/01/2037;21033.09;17/04/2025
DI1F38;04/01/2038;18613.78;17/04/2025
DI1F39;03/01/2039;16405.28;17/04/2025
DI1F40;02/01/2040;14425.97;17/04/2025
DI1K25;02/05/2025;99632.98;22/04/2025
DI1M25;02/06/2025;98514.22;22/04/2025
DI1N25;01/07/2025;97450.6;22/04/2025
DI1Q25;01/08/2025;96232.26;22/04/2025
DI1U25;01/09/2025;95129.86;22/04/2025
DI1V25;01/10/2025;93988.23;22/04/2025
DI1X25;03/11/2025;92814.15;22/04/2025
DI1Z25;01/12/2025;91856.24;22/04/2025
DI1F26;02/01/2026;90752.91;22/04/2025
DI1G26;02/02/2026;89723.66;22/04/2025
DI1H26;02/03/2026;88859.27;22/04/2025
DI1J26;01/04/2026;87825.5;22/04/2025
DI1N26;01/07/2026;85090.41;22/04/2025
DI1V26;01/10/2026;82362.02;22/04/2025
DI1F27;04/01/2027;79861.88;22/04/2025
DI1J27;01/04/2027;77474.86;22/04/2025
DI1N27;01/07/2027;75083.62;22/04/2025
DI1V27;01/10/2027;72648.62;22/04/2025
DI1F28;03/01/2028;70360.58;22/04/2025
DI1J28;03/04/2028;68109.93;22/04/2025
DI1N28;03/07/2028;65918.48;22/04/2025
DI1V28;02/10/2028;63660.51;22/04/2025
DI1F29;02/01/2029;61657.74;22/04/2025
DI1J29;02/04/2029;59650.81;22/04/2025
DI1N29;02/07/2029;57618.85;22/04/2025
DI1V29;01/10/2029;55617.79;22/04/2025
DI1F30;02/01/2030;53758.44;22/04/2025
DI1J30;01/04/2030;52006.94;22/04/2025
DI1N30;01/07/2030;50238.36;22/04/2025
DI1F31;02/01/2031;46793.24;22/04/2025
DI1F32;02/01/2032;40734.87;22/04/2025
DI1F33;03/01/2033;35548.05;22/04/2025
DI1F34;02/01/2034;31106.84;22/04/2025
DI1F35;02/01/2035;27206.11;22/04/2025
DI1F36;02/01/2036;23813.21;22/04/2025
DI1F37;02/01/2037;20782.64;22/04/2025
DI1F38;04/01/2038;18372.36;22/04/2025
DI1F39;03/01/2039;16175.02;22/04/2025
DI1F40;02/01/2040;14208.18;22/04/2025
DI1K25;02/05/2025;99685.25;23/04/2025
DI1M25;02/06/2025;98566.17;23/04/2025
DI1N25;01/07/2025;97502.57;23/04/2025
DI1Q25;01/08/2025;96285.26;23/04/2025
DI1U25;01/09/2025;95184.79;23/04/2025
DI1V25;01/10/2025;94049.66;23/04/2025
DI1X25;03/11/2025;92879.1;23/04/2025
DI1Z25;01/12/2025;91925.0;23/04/2025
DI1F26;02/01/2026;90830.76;23/04/2025
DI1G26;02/02/2026;89813.17;23/04/2025
DI1H26;02/03/2026;88962.17;23/04/2025
DI1J26;01/04/2026;87942.75;23/04/2025
DI1N26;01/07/2026;85258.09;23/04/2025
DI1V26;01/10/2026;82591.48;23/04/2025
DI1F27;04/01/2027;80156.54;23/04/2025
DI1J27;01/04/2027;77826.89;23/04/2025
DI1N27;01/07/2027;75485.7;23/04/2025
DI1V27;01/10/2027;73084.08;23/04/2025
DI1F28;03/01/2028;70833.73;23/04/2025
DI1J28;03/04/2028;68580.85;23/04/2025
DI1N28;03/07/2028;66422.04;23/04/2025
DI1V28;02/10/2028;64169.52;23/04/2025
DI1F29;02/01/2029;62182.78;23/04/2025
DI1J29;02/04/2029;60179.91;23/04/2025
DI1N29;02/07/2029;58147.92;23/04/2025
DI1V29;01/10/2029;56136.12;23/04/2025
DI1F30;02/01/2030;54296.45;23/04/2025
DI1J30;01/04/2030;52498.93;23/04/2025
DI1N30;01/07/2030;50761.33;23/04/2025
DI1F31;02/01/2031;47298.29;23/04/2025
DI1F32;02/01/2032;41224.57;23/04/2025
DI1F33;03/01/2033;36003.26;23/04/2025
DI1F34;02/01/2034;31536.08;23/04/2025
DI1F35;02/01/2035;27615.83;23/04/2025
DI1F36;02/01/2036;24207.57;23/04/2025
DI1F37;02/01/2037;21236.22;23/04/2025
DI1F38;04/01/2038;18807.22;23/04/2025
DI1F39;03/01/2039;16587.93;23/04/2025
DI1F40;02/01/2040;14597.29;23/04/2025
DI1K25;02/05/2025;99737.6;24/04/2025
DI1M25;02/06/2025;98621.48;24/04/2025
DI1N25;01/07/2025;97562.05;24/04/2025
DI1Q25;01/08/2025;96353.47;24/04/2025
DI1U25;01/09/2025;95259.88;24/04/2025
DI1V25;01/10/2025;94131.02;24/04/2025
DI1X25;03/11/2025;92968.66;24/04/2025
DI1Z25;01/12/2025;92023.02;24/04/2025
DI1F26;02/01/2026;90937.73;24/04/2025
DI1G26;02/02/2026;89929.99;24/04/2025
DI1H26;02/03/2026;89087.28;24/04/2025
DI1J26;01/04/2026;88076.28;24/04/2025
DI1N26;01/07/2026;85428.09;24/04/2025
DI1V26;01/10/2026;82805.15;24/04/2025
DI1F27;04/01/2027;80411.03;24/04/2025
DI1J27;01/04/2027;78137.53;24/04/2025
DI1N27;01/07/2027;75841.46;24/04/2025
DI1V27;01/10/2027;73485.52;24/04/2025
DI1F28;03/01/2028;71279.43;24/04/2025
DI1J28;03/04/2028;69067.29;24/04/2025
DI1N28;03/07/2028;66934.95;24/04/2025
DI1V28;02/10/2028;64717.69;24/04/2025
DI1F29;02/01/2029;62742.67;24/04/2025
DI1J29;02/04/2029;60757.63;24/04/2025
DI1N29;02/07/2029;58746.39;24/04/2025
DI1V29;01/10/2029;56758.4;24/04/2025
DI1F30;02/01/2030;54914.11;24/04/2025
DI1J30;01/04/2030;53141.8;24/04/2025
DI1N30;01/07/2030;51389.67;24/04/2025
DI1F31;02/01/2031;47939.69;24/04/2025
DI1F32;02/01/2032;41874.11;24/04/2025
DI1F33;03/01/2033;36619.05;24/04/2025
DI1F34;02/01/2034;32119.76;24/04/2025
DI1F35;02/01/2035;28172.02;24/04/2025
DI1F36;02/01/2036;24744.34;24/04/2025
DI1F37;02/01/2037;21751.16;24/04/2025
DI1F38;04/01/2038;19301.99;24/04/2025
DI1F39;03/01/2039;17058.74;24/04/2025
DI1F40;02/01/2040;15041.89;24/04/2025
DI1K25;02/05/2025;99789.97;25/04/2025
DI1M25;02/06/2025;98671.84;25/04/2025
DI1N25;01/07/2025;97611.06;25/04/2025
DI1Q25;01/08/2025;96397.63;25/04/2025
DI1U25;01/09/2025;95301.01;25/04/2025
DI1V25;01/10/2025;94164.13;25/04/2025
DI1X25;03/11/2025;92996.02;25/04/2025
DI1Z25;01/12/2025;92042.96;25/04/2025
DI1F26;02/01/2026;90950.45;25/04/2025
DI1G26;02/02/2026;89936.32;25/04/2025
DI1H26;02/03/2026;89086.29;25/04/2025
DI1J26;01/04/2026;88070.15;25/04/2025
DI1N26;01/07/2026;85404.53;25/04/2025
DI1V26;01/10/2026;82756.42;25/04/2025
DI1F27;04/01/2027;80332.3;25/04/2025
DI1J27;01/04/2027;78029.56;25/04/2025
DI1N27;01/07/2027;75733.46;25/04/2025
DI1V27;01/10/2027;73376.36;25/04/2025
DI1F28;03/01/2028;71167.18;25/04/2025
DI1J28;03/04/2028;68946.93;25/04/2025
DI1N28;03/07/2028;66817.21;25/04/2025
DI1V28;02/10/2028;64592.34;25/04/2025
DI1F29;02/01/2029;62612.62;25/04/2025
DI1J29;02/04/2029;60627.74;25/04/2025
DI1N29;02/07/2029;58608.9;25/04/2025
DI1V29;01/10/2029;56622.46;25/04/2025
DI1F30;02/01/2030;54776.24;25/04/2025
DI1J30;01/04/2030;53032.06;25/04/2025
DI1N30;01/07/2030;51274.71;25/04/2025
DI1F31;02/01/2031;47793.44;25/04/2025
DI1F32;02/01/2032;41720.26;25/04/2025
DI1F33;03/01/2033;36510.55;25/04/2025
DI1F34;02/01/2034;32056.19;25/04/2025
DI1F35;02/01/2035;28105.93;25/04/2025
DI1F36;02/01/2036;24679.01;25/04/2025
DI1F37;02/01/2037;21687.2;25/04/2025
DI1F38;04/01/2038;19239.45;25/04/2025
DI1F39;03/01/2039;16998.35;25/04/2025
DI1F40;02/01/2040;14984.15;25/04/2025
DI1K25;02/05/2025;99842.52;28/04/2025
DI1M25;02/06/2025;98723.8;28/04/2025
DI1N25;01/07/2025;97661.44;28/04/2025
DI1Q25;01/08/2025;96446.08;28/04/2025
DI1U25;01/09/2025;95346.75;28/04/2025
DI1V25;01/10/2025;94210.85;28/04/2025
DI1X25;03/11/2025;93040.43;28/04/2025
DI1Z25;01/12/2025;92084.61;28/04/2025
DI1F26;02/01/2026;90989.35;28/04/2025
DI1G26;02/02/2026;89971.03;28/04/2025
DI1H26;02/03/2026;89120.6;28/04/2025
DI1J26;01/04/2026;88103.22;28/04/2025
DI1N26;01/07/2026;85439.38;28/04/2025
DI1V26;01/10/2026;82785.14;28/04/2025
DI1F27;04/01/2027;80373.8;28/04/2025
DI1J27;01/04/2027;78074.83;28/04/2025
DI1N27;01/07/2027;75780.62;28/04/2025
DI1V27;01/10/2027;73446.41;28/04/2025
DI1F28;03/01/2028;71236.61;28/04/2025
DI1J28;03/04/2028;69004.78;28/04/2025
DI1N28;03/07/2028;66873.31;28/04/2025
DI1V28;02/10/2028;64644.52;28/04/2025
DI1F29;02/01/2029;62676.67;28/04/2025
DI1J29;02/04/2029;60668.99;28/04/2025
DI1N29;02/07/2029;58662.37;28/04/2025
DI1V29;01/10/2029;56666.81;28/04/2025
DI1F30;02/01/2030;54831.24;28/04/2025
DI1J30;01/04/2030;53057.07;28/04/2025
DI1N30;01/07/2030;51308.1;28/04/2025
DI1F31;02/01/2031;47875.13;28/04/2025
DI1F32;02/01/2032;41829.71;28/04/2025
DI1F33;03/01/2033;36625.27;28/04/2025
DI1F34;02/01/2034;32165.43;28/04/2025
DI1F35;02/01/2035;28256.25;28/04/2025
DI1F36;02/01/2036;24823.26;28/04/2025
DI1F37;02/01/2037;21824.92;28/04/2025
DI1F38;04/01/2038;19371.22;28/04/2025
DI1F39;03/01/2039;17123.33;28/04/2025
DI1F40;02/01/2040;15101.86;28/04/2025
DI1K25;02/05/2025;99894.97;29/04/2025
DI1M25;02/06/2025;98775.0;29/04/2025
DI1N25;01/07/2025;97711.06;29/04/2025
DI1Q25;01/08/2025;96491.56;29/04/2025
DI1U25;01/09/2025;95389.77;29/04/2025
DI1V25;01/10/2025;94248.08;29/04/2025
DI1X25;03/11/2025;93073.47;29/04/2025
DI1Z25;01/12/2025;92112.92;29/04/2025
DI1F26;02/01/2026;91017.49;29/04/2025
DI1G26;02/02/2026;89997.44;29/04/2025
DI1H26;02/03/2026;89142.63;29/04/2025
DI1J26;01/04/2026;88120.72;29/04/2025
DI1N26;01/07/2026;85445.44;29/04/2025
DI1V26;01/10/2026;82779.76;29/04/2025
DI1F27;04/01/2027;80345.62;29/04/2025
DI1J27;01/04/2027;78034.81;29/04/2025
DI1N27;01/07/2027;75734.07;29/04/2025
DI1V27;01/10/2027;73391.19;29/04/2025
DI1F28;03/01/2028;71197.07;29/04/2025
DI1J28;03/04/2028;68977.4;29/04/2025
DI1N28;03/07/2028;66847.44;29/04/2025
DI1V28;02/10/2028;64632.53;29/04/2025
DI1F29;02/01/2029;62639.9;29/04/2025
DI1J29;02/04/2029;60666.56;29/04/2025
DI1N29;02/07/2029;58645.22;29/04/2025
DI1V29;01/10/2029;56682.66;29/04/2025
DI1F30;02/01/2030;54839.24;29/04/2025
DI1J30;01/04/2030;53086.65;29/04/2025
DI1N30;01/07/2030;51346.13;29/04/2025
DI1F31;02/01/2031;47899.92;29/04/2025
DI1F32;02/01/2032;41880.76;29/04/2025
DI1F33;03/01/2033;36708.28;29/04/2025
DI1F34;02/01/2034;32257.87;29/04/2025
DI1F35;02/01/2035;28359.4;29/04/2025
DI1F36;02/01/2036;24921.87;29/04/2025
DI1F37;02/01/2037;21918.76;29/04/2025
DI1F38;04/01/2038;19460.75;29/04/2025
DI1F39;03/01/2039;17208.04;29/04/2025
DI1F40;02/01/2040;15181.49;29/04/2025
DI1K25;02/05/2025;99947.5;30/04/2025
DI1M25;02/06/2025;98827.19;30/04/2025
DI1N25;01/07/2025;97764.4;30/04/2025
DI1Q25;01/08/2025;96546.4;30/04/2025
DI1U25;01/09/2025;95446.37;30/04/2025
DI1V25;01/10/2025;94306.36;30/04/2025
DI1X25;03/11/2025;93133.81;30/04/2025
DI1Z25;01/12/2025;92178.36;30/04/2025
DI1F26;02/01/2026;91085.99;30/04/2025
DI1G26;02/02/2026;90068.6;30/04/2025
DI1H26;02/03/2026;89217.69;30/04/2025
DI1J26;01/04/2026;88201.81;30/04/2025
DI1K26;04/05/2026;87320.72;30/04/2025
DI1N26;01/07/2026;85541.62;30/04/2025
DI1V26;01/10/2026;82899.78;30/04/2025
DI1F27;04/01/2027;80484.02;30/04/2025
DI1J27;01/04/2027;78188.98;30/04/2025
DI1N27;01/07/2027;75913.86;30/04/2025
DI1V27;01/10/2027;73589.52;30/04/2025
DI1F28;03/01/2028;71408.94;30/04/2025
DI1J28;03/04/2028;69216.46;30/04/2025
DI1N28;03/07/2028;67108.66;30/04/2025
DI1V28;02/10/2028;64910.61;30/04/2025
DI1F29;02/01/2029;62942.23;30/04/2025
DI1J29;02/04/2029;60983.03;30/04/2025
DI1N29;02/07/2029;58975.35;30/04/2025
DI1V29;01/10/2029;57015.13;30/04/2025
DI1F30;02/01/2030;55206.36;30/04/2025
DI1J30;01/04/2030;53454.59;30/04/2025
DI1N30;01/07/2030;51681.34;30/04/2025
DI1F31;02/01/2031;48294.04;30/04/2025
DI1F32;02/01/2032;42290.14;30/04/2025
DI1F33;03/01/2033;37118.53;30/04/2025
DI1F34;02/01/2034;32661.03;30/04/2025
DI1F35;02/01/2035;28728.52;30/04/2025
DI1F36;02/01/2036;25276.11;30/04/2025
DI1F37;02/01/2037;22227.23;30/04/2025
DI1F38;04/01/2038;19739.92;30/04/2025
DI1F39;03/01/2039;17473.93;30/04/2025
DI1F40;02/01/2040;15432.86;30/04/2025
DI1K25;02/05/2025;100000.0;02/05/2025
DI1M25;02/06/2025;98877.97;02/05/2025
DI1N25;01/07/2025;97813.43;02/05/2025
DI1Q25;01/08/2025;96593.91;02/05/2025
DI1U25;01/09/2025;95491.08;02/05/2025
DI1V25;01/10/2025;94350.23;02/05/2025
DI1X25;03/11/2025;93175.59;02/05/2025
DI1Z25;01/12/2025;92218.92;02/05/2025
DI1F26;02/01/2026;91123.58;02/05/2025
DI1G26;02/02/2026;90102.46;02/05/2025
DI1H26;02/03/2026;89247.12;02/05/2025
DI1J26;01/04/2026;88222.4;02/05/2025
DI1K26;04/05/2026;87318.7;02/05/2025
DI1N26;01/07/2026;85542.7;02/05/2025
DI1V26;01/10/2026;82871.87;02/05/2025
DI1F27;04/01/2027;80431.34;02/05/2025
DI1J27;01/04/2027;78125.61;02/05/2025
DI1N27;01/07/2027;75818.54;02/05/2025
DI1V27;01/10/2027;73484.39;02/05/2025
DI1F28;03/01/2028;71290.71;02/05/2025
DI1J28;03/04/2028;69089.57;02/05/2025
DI1N28;03/07/2028;66985.71;02/05/2025
DI1V28;02/10/2028;64783.56;02/05/2025
DI1F29;02/01/2029;62826.45;02/05/2025
DI1J29;02/04/2029;60873.98;02/05/2025
DI1N29;02/07/2029;58889.23;02/05/2025
DI1V29;01/10/2029;56936.12;02/05/2025
DI1F30;02/01/2030;55119.7;02/05/2025
DI1J30;01/04/2030;53380.98;02/05/2025
DI1N30;01/07/2030;51658.87;02/05/2025
DI1F31;02/01/2031;48251.83;02/05/2025
DI1F32;02/01/2032;42289.72;02/05/2025
DI1F33;03/01/2033;37140.14;02/05/2025
DI1F34;02/01/2034;32712.54;02/05/2025
DI1F35;02/01/2035;28806.5;02/05/2025
DI1F36;02/01/2036;25350.44;02/05/2025
DI1F37;02/01/2037;22345.52;02/05/2025
DI1F38;04/01/2038;19853.08;02/05/2025
DI1F39;03/01/2039;17581.36;02/05/2025
DI1F40;02/01/2040;15534.15;02/05/2025
DI1M25;02/06/2025;98929.06;05/05/2025
DI1N25;01/07/2025;97861.85;05/05/2025
DI1Q25;01/08/2025;96639.9;05/05/2025
DI1U25;01/09/2025;95535.15;05/05/2025
DI1V25;01/10/2025;94391.83;05/05/2025
DI1X25;03/11/2025;93210.87;05/05/2025
DI1Z25;01/12/2025;92245.45;05/05/2025
DI1F26;02/01/2026;91149.0;05/05/2025
DI1G26;02/02/2026;90121.0;05/05/2025
DI1H26;02/03/2026;89256.09;05/05/2025
DI1J26;01/04/2026;88230.54;05/05/2025
DI1K26;04/05/2026;87318.62;05/05/2025
DI1N26;01/07/2026;85527.64;05/05/2025
DI1V26;01/10/2026;82832.09;05/05/2025
DI1F27;04/01/2027;80366.32;05/05/2025
DI1J27;01/04/2027;78026.34;05/05/2025
DI1N27;01/07/2027;75696.75;05/05/2025
DI1V27;01/10/2027;73345.81;05/05/2025
DI1F28;03/01/2028;71128.31;05/05/2025
DI1J28;03/04/2028;68922.89;05/05/2025
DI1N28;03/07/2028;66809.76;05/05/2025
DI1V28;02/10/2028;64603.04;05/05/2025
DI1F29;02/01/2029;62645.01;05/05/2025
DI1J29;02/04/2029;60690.79;05/05/2025
DI1N29;02/07/2029;58700.98;05/05/2025
DI1V29;01/10/2029;56767.58;05/05/2025
DI1F30;02/01/2030;54939.43;05/05/2025
DI1J30;01/04/2030;53186.85;05/05/2025
DI1N30;01/07/2030;51490.39;05/05/2025
DI1F31;02/01/2031;48095.46;05/05/2025
DI1F32;02/01/2032;42136.94;05/05/2025
DI1F33;03/01/2033;37005.21;05/05/2025
DI1F34;02/01/2034;32590.76;05/05/2025
DI1F35;02/01/2035;28680.53;05/05/2025
DI1F36;02/01/2036;25226.87;05/05/2025
DI1F37;02/01/2037;22243.29;05/05/2025
DI1F38;04/01/2038;19753.54;05/05/2025
DI1F39;03/01/2039;17485.46;05/05/2025
DI1F40;02/01/2040;15442.61;05/05/2025
DI1M25;02/06/2025;98981.87;06/05/2025
DI1N25;01/07/2025;97915.94;06/05/2025
DI1Q25;01/08/2025;96695.04;06/05/2025
DI1U25;01/09/2025;95591.51;06/05/2025
DI1V25;01/10/2025;94448.04;06/05/2025
DI1X25;03/11/2025;93268.71;06/05/2025
DI1Z25;01/12/2025;92309.38;06/05/2025
DI1F26;02/01/2026;91213.1;06/05/2025
DI1G26;02/02/2026;90189.07;06/05/2025
DI1H26;02/03/2026;89330.36;06/05/2025
DI1J26;01/04/2026;88304.39;06/05/2025
DI1K26;04/05/2026;87402.13;06/05/2025
DI1N26;01/07/2026;85620.09;06/05/2025
DI1V26;01/10/2026;82949.66;06/05/2025
DI1F27;04/01/2027;80511.27;06/05/2025
DI1J27;01/04/2027;78199.5;06/05/2025
DI1N27;01/07/2027;75901.62;06/05/2025
DI1V27;01/10/2027;73585.38;06/05/2025
DI1F28;03/01/2028;71406.05;06/05/2025
DI1J28;03/04/2028;69224.72;06/05/2025
DI1N28;03/07/2028;67131.38;06/05/2025
DI1V28;02/10/2028;64942.36;06/05/2025
DI1F29;02/01/2029;62996.92;06/05/2025
DI1J29;02/04/2029;61056.55;06/05/2025
DI1N29;02/07/2029;59082.09;06/05/2025
DI1V29;01/10/2029;57143.82;06/05/2025
DI1F30;02/01/2030;55342.39;06/05/2025
DI1J30;01/04/2030;53602.85;06/05/2025
DI1N30;01/07/2030;51886.5;06/05/2025
DI1F31;02/01/2031;48507.28;06/05/2025
DI1F32;02/01/2032;42555.72;06/05/2025
DI1F33;03/01/2033;37415.86;06/05/2025
DI1F34;02/01/2034;32990.3;06/05/2025
DI1F35;02/01/2035;29085.56;06/05/2025
DI1F36;02/01/2036;25618.7;06/05/2025
DI1F37;02/01/2037;22620.8;06/05/2025
DI1F38;04/01/2038;20116.94;06/05/2025
DI1F39;03/01/2039;17832.24;06/05/2025
DI1F40;02/01/2040;15771.05;06/05/2025
DI1M25;02/06/2025;99032.73;07/05/2025
DI1N25;01/07/2025;97963.16;07/05/2025
DI1Q25;01/08/2025;96739.3;07/05/2025
DI1U25;01/09/2025;95633.14;07/05/2025
DI1V25;01/10/2025;94488.22;07/05/2025
DI1X25;03/11/2025;93308.02;07/05/2025
DI1Z25;01/12/2025;92344.26;07/05/2025
DI1F26;02/01/2026;91243.66;07/05/2025
DI1G26;02/02/2026;90213.32;07/05/2025
DI1H26;02/03/2026;89351.94;07/05/2025
DI1J26;01/04/2026;88320.64;07/05/2025
DI1K26;04/05/2026;87409.25;07/05/2025
DI1N26;01/07/2026;85619.27;07/05/2025
DI1V26;01/10/2026;82932.84;07/05/2025
DI1F27;04/01/2027;80492.25;07/05/2025
DI1J27;01/04/2027;78187.73;07/05/2025
DI1N27;01/07/2027;75887.38;07/05/2025
DI1V27;01/10/2027;73580.64;07/05/2025
DI1F28;03/01/2028;71406.99;07/05/2025
DI1J28;03/04/2028;69241.82;07/05/2025
DI1N28;03/07/2028;67157.69;07/05/2025
DI1V28;02/10/2028;64973.13;07/05/2025
DI1F29;02/01/2029;63024.64;07/05/2025
DI1J29;02/04/2029;61104.05;07/05/2025
DI1N29;02/07/2029;59139.9;07/05/2025
DI1V29;01/10/2029;57208.05;07/05/2025
DI1F30;02/01/2030;55393.01;07/05/2025
DI1J30;01/04/2030;53680.63;07/05/2025
DI1N30;01/07/2030;51968.96;07/05/2025
DI1F31;02/01/2031;48584.86;07/05/2025
DI1F32;02/01/2032;42634.55;07/05/2025
DI1F33;03/01/2033;37477.67;07/05/2025
DI1F34;02/01/2034;33047.19;07/05/2025
DI1F35;02/01/2035;29122.53;07/05/2025
DI1F36;02/01/2036;25653.27;07/05/2025
DI1F37;02/01/2037;22680.84;07/05/2025
DI1F38;04/01/2038;20173.99;07/05/2025
DI1F39;03/01/2039;17886.1;07/05/2025
DI1F40;02/01/2040;15821.59;07/05/2025
DI1M25;02/06/2025;99081.73;08/05/2025
DI1N25;01/07/2025;98009.82;08/05/2025
DI1Q25;01/08/2025;96782.25;08/05/2025
DI1U25;01/09/2025;95671.82;08/05/2025
DI1V25;01/10/2025;94522.23;08/05/2025
DI1X25;03/11/2025;93337.77;08/05/2025
DI1Z25;01/12/2025;92372.87;08/05/2025
DI1F26;02/01/2026;91268.67;08/05/2025
DI1G26;02/02/2026;90243.12;08/05/2025
DI1H26;02/03/2026;89376.35;08/05/2025
DI1J26;01/04/2026;88345.55;08/05/2025
DI1K26;04/05/2026;87438.48;08/05/2025
DI1N26;01/07/2026;85655.68;08/05/2025
DI1V26;01/10/2026;82993.92;08/05/2025
DI1F27;04/01/2027;80581.98;08/05/2025
DI1J27;01/04/2027;78304.68;08/05/2025
DI1N27;01/07/2027;76043.38;08/05/2025
DI1V27;01/10/2027;73761.02;08/05/2025
DI1F28;03/01/2028;71641.55;08/05/2025
DI1J28;03/04/2028;69496.34;08/05/2025
DI1N28;03/07/2028;67437.32;08/05/2025
DI1V28;02/10/2028;65274.67;08/05/2025
DI1F29;02/01/2029;63351.69;08/05/2025
DI1J29;02/04/2029;61425.58;08/05/2025
DI1N29;02/07/2029;59462.8;08/05/2025
DI1V29;01/10/2029;57533.46;08/05/2025
DI1F30;02/01/2030;55733.06;08/05/2025
DI1J30;01/04/2030;54002.92;08/05/2025
DI1N30;01/07/2030;52288.4;08/05/2025
DI1F31;02/01/2031;48894.07;08/05/2025
DI1F32;02/01/2032;42922.91;08/05/2025
DI1F33;03/01/2033;37761.61;08/05/2025
DI1F34;02/01/2034;33297.93;08/05/2025
DI1F35;02/01/2035;29369.61;08/05/2025
DI1F36;02/01/2036;25945.21;08/05/2025
DI1F37;02/01/2037;22962.56;08/05/2025
DI1F38;04/01/2038;20445.33;08/05/2025
DI1F39;03/01/2039;18145.21;08/05/2025
DI1F40;02/01/2040;16067.19;08/05/2025
DI1M25;02/06/2025;99135.57;09/05/2025
DI1N25;01/07/2025;98063.08;09/05/2025
DI1Q25;01/08/2025;96834.42;09/05/2025
DI1U25;01/09/2025;95722.24;09/05/2025
DI1V25;01/10/2025;94571.28;09/05/2025
DI1X25;03/11/2025;93385.23;09/05/2025
DI1Z25;01/12/2025;92415.15;09/05/2025
DI1F26;02/01/2026;91311.28;09/05/2025
DI1G26;02/02/2026;90278.99;09/05/2025
DI1H26;02/03/2026;89416.22;09/05/2025
DI1J26;01/04/2026;88383.16;09/05/2025
DI1K26;04/05/2026;87474.6;09/05/2025
DI1N26;01/07/2026;85681.05;09/05/2025
DI1V26;01/10/2026;83018.28;09/05/2025
DI1F27;04/01/2027;80612.16;09/05/2025
DI1J27;01/04/2027;78347.52;09/05/2025
DI1N27;01/07/2027;76084.89;09/05/2025
DI1V27;01/10/2027;73815.31;09/05/2025
DI1F28;03/01/2028;71697.43;09/05/2025
DI1J28;03/04/2028;69571.81;09/05/2025
DI1N28;03/07/2028;67525.05;09/05/2025
DI1V28;02/10/2028;65373.65;09/05/2025
DI1F29;02/01/2029;63462.43;09/05/2025
DI1J29;02/04/2029;61554.9;09/05/2025
DI1N29;02/07/2029;59611.52;09/05/2025
DI1V29;01/10/2029;57693.38;09/05/2025
DI1F30;02/01/2030;55904.13;09/05/2025
DI1J30;01/04/2030;54222.38;09/05/2025
DI1N30;01/07/2030;52479.66;09/05/2025
DI1F31;02/01/2031;49117.57;09/05/2025
DI1F32;02/01/2032;43150.25;09/05/2025
DI1F33;03/01/2033;37999.22;09/05/2025
DI1F34;02/01/2034;33548.01;09/05/2025
DI1F35;02/01/2035;29601.28;09/05/2025
DI1F36;02/01/2036;26184.33;09/05/2025
DI1F37;02/01/2037;23098.77;09/05/2025
DI1F38;04/01/2038;20485.07;09/05/2025
DI1F39;03/01/2039;18182.54;09/05/2025
DI1F40;02/01/2040;16102.07;09/05/2025
DI1M25;02/06/2025;99189.43;12/05/2025
DI1N25;01/07/2025;98116.38;12/05/2025
DI1Q25;01/08/2025;96886.85;12/05/2025
DI1U25;01/09/2025;95774.57;12/05/2025
DI1V25;01/10/2025;94623.37;12/05/2025
DI1X25;03/11/2025;93435.17;12/05/2025
DI1Z25;01/12/2025;92466.7;12/05/2025
DI1F26;02/01/2026;91361.29;12/05/2025
DI1G26;02/02/2026;90327.79;12/05/2025
DI1H26;02/03/2026;89459.34;12/05/2025
DI1J26;01/04/2026;88422.96;12/05/2025
DI1K26;04/05/2026;87507.85;12/05/2025
DI1N26;01/07/2026;85709.13;12/05/2025
DI1V26;01/10/2026;83026.52;12/05/2025
DI1F27;04/01/2027;80592.47;12/05/2025
DI1J27;01/04/2027;78298.47;12/05/2025
DI1N27;01/07/2027;76012.34;12/05/2025
DI1V27;01/10/2027;73709.71;12/05/2025
DI1F28;03/01/2028;71558.3;12/05/2025
DI1J28;03/04/2028;69425.83;12/05/2025
DI1N28;03/07/2028;67355.61;12/05/2025
DI1V28;02/10/2028;65189.88;12/05/2025
DI1F29;02/01/2029;63283.41;12/05/2025
DI1J29;02/04/2029;61350.94;12/05/2025
DI1N29;02/07/2029;59397.26;12/05/2025
DI1V29;01/10/2029;57471.56;12/05/2025
DI1F30;02/01/2030;55680.4;12/05/2025
DI1J30;01/04/2030;53958.0;12/05/2025
DI1N30;01/07/2030;52251.87;12/05/2025
DI1F31;02/01/2031;48875.86;12/05/2025
DI1F32;02/01/2032;42889.04;12/05/2025
DI1F33;03/01/2033;37729.13;12/05/2025
DI1F34;02/01/2034;33245.95;12/05/2025
DI1F35;02/01/2035;29302.76;12/05/2025
DI1F36;02/01/2036;25882.13;12/05/2025
DI1F37;02/01/2037;22805.9;12/05/2025
DI1F38;04/01/2038;20202.33;12/05/2025
DI1F39;03/01/2039;17910.97;12/05/2025
DI1F40;02/01/2040;15843.4;12/05/2025
DI1M25;02/06/2025;99243.21;13/05/2025
DI1N25;01/07/2025;98169.81;13/05/2025
DI1Q25;01/08/2025;96941.6;13/05/2025
DI1U25;01/09/2025;95828.73;13/05/2025
DI1V25;01/10/2025;94677.13;13/05/2025
DI1X25;03/11/2025;93489.53;13/05/2025
DI1Z25;01/12/2025;92520.99;13/05/2025
DI1F26;02/01/2026;91414.44;13/05/2025
DI1G26;02/02/2026;90377.79;13/05/2025
DI1H26;02/03/2026;89511.34;13/05/2025
DI1J26;01/04/2026;88472.49;13/05/2025
DI1K26;04/05/2026;87556.81;13/05/2025
DI1N26;01/07/2026;85758.6;13/05/2025
DI1V26;01/10/2026;83070.41;13/05/2025
DI1F27;04/01/2027;80640.27;13/05/2025
DI1J27;01/04/2027;78346.64;13/05/2025
DI1N27;01/07/2027;76059.71;13/05/2025
DI1V27;01/10/2027;73751.71;13/05/2025
DI1F28;03/01/2028;71586.01;13/05/2025
DI1J28;03/04/2028;69420.03;13/05/2025
DI1N28;03/07/2028;67337.37;13/05/2025
DI1V28;02/10/2028;65146.85;13/05/2025
DI1F29;02/01/2029;63202.17;13/05/2025
DI1J29;02/04/2029;61260.73;13/05/2025
DI1N29;02/07/2029;59291.68;13/05/2025
DI1V29;01/10/2029;57350.37;13/05/2025
DI1F30;02/01/2030;55539.24;13/05/2025
DI1J30;01/04/2030;53789.7;13/05/2025
DI1N30;01/07/2030;52084.05;13/05/2025
DI1F31;02/01/2031;48671.96;13/05/2025
DI1F32;02/01/2032;42672.15;13/05/2025
DI1F33;03/01/2033;37471.56;13/05/2025
DI1F34;02/01/2034;32972.18;13/05/2025
DI1F35;02/01/2035;29005.41;13/05/2025
DI1F36;02/01/2036;25591.15;13/05/2025
DI1F37;02/01/2037;22524.17;13/05/2025
DI1F38;04/01/2038;19930.61;13/05/2025
DI1F39;03/01/2039;17650.25;13/05/2025
DI1F40;02/01/2040;15595.32;13/05/2025
DI1M25;02/06/2025;99296.99;14/05/2025
DI1N25;01/07/2025;98222.15;14/05/2025
DI1Q25;01/08/2025;96992.19;14/05/2025
DI1U25;01/09/2025;95878.03;14/05/2025
DI1V25;01/10/2025;94724.71;14/05/2025
DI1X25;03/11/2025;93536.77;14/05/2025
DI1Z25;01/12/2025;92563.98;14/05/2025
DI1F26;02/01/2026;91453.67;14/05/2025
DI1G26;02/02/2026;90412.85;14/05/2025
DI1H26;02/03/2026;89538.95;14/05/2025
DI1J26;01/04/2026;88495.29;14/05/2025
DI1K26;04/05/2026;87570.3;14/05/2025
DI1N26;01/07/2026;85747.93;14/05/2025
DI1V26;01/10/2026;83029.51;14/05/2025
DI1F27;04/01/2027;80557.52;14/05/2025
DI1J27;01/04/2027;78231.32;14/05/2025
DI1N27;01/07/2027;75901.47;14/05/2025
DI1V27;01/10/2027;73559.19;14/05/2025
DI1F28;03/01/2028;71365.42;14/05/2025
DI1J28;03/04/2028;69187.59;14/05/2025
DI1N28;03/07/2028;67090.13;14/05/2025
DI1V28;02/10/2028;64899.25;14/05/2025
DI1F29;02/01/2029;62948.84;14/05/2025
DI1J29;02/04/2029;61005.08;14/05/2025
DI1N29;02/07/2029;59030.7;14/05/2025
DI1V29;01/10/2029;57082.89;14/05/2025
DI1F30;02/01/2030;55271.17;14/05/2025
DI1J30;01/04/2030;53544.78;14/05/2025
DI1N30;01/07/2030;51826.66;14/05/2025
DI1F31;02/01/2031;48424.11;14/05/2025
DI1F32;02/01/2032;42437.14;14/05/2025
DI1F33;03/01/2033;37251.1;14/05/2025
DI1F34;02/01/2034;32760.54;14/05/2025
DI1F35;02/01/2035;28825.46;14/05/2025
DI1F36;02/01/2036;25414.66;14/05/2025
DI1F37;02/01/2037;22353.01;14/05/2025
DI1F38;04/01/2038;19765.32;14/05/2025
DI1F39;03/01/2039;17491.5;14/05/2025
DI1F40;02/01/2040;15444.17;14/05/2025
DI1M25;02/06/2025;99350.93;15/05/2025
DI1N25;01/07/2025;98275.12;15/05/2025
DI1Q25;01/08/2025;97043.81;15/05/2025
DI1U25;01/09/2025;95931.47;15/05/2025
DI1V25;01/10/2025;94778.19;15/05/2025
DI1X25;03/11/2025;93585.66;15/05/2025
DI1Z25;01/12/2025;92613.38;15/05/2025
DI1F26;02/01/2026;91502.79;15/05/2025
DI1G26;02/02/2026;90462.96;15/05/2025
DI1H26;02/03/2026;89588.57;15/05/2025
DI1J26;01/04/2026;88534.71;15/05/2025
DI1K26;04/05/2026;87607.63;15/05/2025
DI1N26;01/07/2026;85774.79;15/05/2025
DI1V26;01/10/2026;83035.42;15/05/2025
DI1F27;04/01/2027;80542.25;15/05/2025
DI1J27;01/04/2027;78189.96;15/05/2025
DI1N27;01/07/2027;75843.18;15/05/2025
DI1V27;01/10/2027;73475.51;15/05/2025
DI1F28;03/01/2028;71271.56;15/05/2025
DI1J28;03/04/2028;69080.94;15/05/2025
DI1N28;03/07/2028;66967.8;15/05/2025
DI1V28;02/10/2028;64770.62;15/05/2025
DI1F29;02/01/2029;62817.02;15/05/2025
DI1J29;02/04/2029;60887.36;15/05/2025
DI1N29;02/07/2029;58892.68;15/05/2025
DI1V29;01/10/2029;56985.27;15/05/2025
DI1F30;02/01/2030;55185.53;15/05/2025
DI1J30;01/04/2030;53469.7;15/05/2025
DI1N30;01/07/2030;51755.95;15/05/2025
DI1F31;02/01/2031;48387.06;15/05/2025
DI1F32;02/01/2032;42476.23;15/05/2025
DI1F33;03/01/2033;37312.61;15/05/2025
DI1F34;02/01/2034;32876.55;15/05/2025
DI1F35;02/01/2035;28922.94;15/05/2025
DI1F36;02/01/2036;25508.13;15/05/2025
DI1F37;02/01/2037;22441.94;15/05/2025
DI1F38;04/01/2038;19849.82;15/05/2025
DI1F39;03/01/2039;17571.51;15/05/2025
DI1F40;02/01/2040;15519.44;15/05/2025
DI1M25;02/06/2025;99404.78;16/05/2025
DI1N25;01/07/2025;98329.73;16/05/2025
DI1Q25;01/08/2025;97100.39;16/05/2025
DI1U25;01/09/2025;95990.88;16/05/2025
DI1V25;01/10/2025;94841.84;16/05/2025
DI1X25;03/11/2025;93656.76;16/05/2025
DI1Z25;01/12/2025;92688.21;16/05/2025
DI1F26;02/01/2026;91586.09;16/05/2025
DI1G26;02/02/2026;90554.11;16/05/2025
DI1H26;02/03/2026;89687.82;16/05/2025
DI1J26;01/04/2026;88649.09;16/05/2025
DI1K26;04/05/2026;87733.94;16/05/2025
DI1N26;01/07/2026;85928.94;16/05/2025
DI1V26;01/10/2026;83240.44;16/05/2025
DI1F27;04/01/2027;80796.38;16/05/2025
DI1J27;01/04/2027;78475.71;16/05/2025
DI1N27;01/07/2027;76153.64;16/05/2025
DI1V27;01/10/2027;73796.05;16/05/2025
DI1F28;03/01/2028;71596.56;16/05/2025
DI1J28;03/04/2028;69408.64;16/05/2025
DI1N28;03/07/2028;67289.1;16/05/2025
DI1V28;02/10/2028;65100.2;16/05/2025
DI1F29;02/01/2029;63138.99;16/05/2025
DI1J29;02/04/2029;61197.6;16/05/2025
DI1N29;02/07/2029;59214.59;16/05/2025
DI1V29;01/10/2029;57290.14;16/05/2025
DI1F30;02/01/2030;55473.22;16/05/2025
DI1J30;01/04/2030;53759.42;16/05/2025
DI1N30;01/07/2030;52021.41;16/05/2025
DI1F31;02/01/2031;48619.49;16/05/2025
DI1F32;02/01/2032;42631.28;16/05/2025
DI1F33;03/01/2033;37461.59;16/05/2025
DI1F34;02/01/2034;32992.93;16/05/2025
DI1F35;02/01/2035;29020.7;16/05/2025
DI1F36;02/01/2036;25601.9;16/05/2025
DI1F37;02/01/2037;22531.2;16/05/2025
DI1F38;04/01/2038;19934.65;16/05/2025
DI1F39;03/01/2039;17651.86;16/05/2025
DI1F40;02/01/2040;15595.05;16/05/2025
DI1M25;02/06/2025;99458.75;19/05/2025
DI1N25;01/07/2025;98383.48;19/05/2025
DI1Q25;01/08/2025;97155.28;19/05/2025
DI1U25;01/09/2025;96045.72;19/05/2025
DI1V25;01/10/2025;94899.62;19/05/2025
DI1X25;03/11/2025;93717.18;19/05/2025
DI1Z25;01/12/2025;92752.13;19/05/2025
DI1F26;02/01/2026;91652.33;19/05/2025
DI1G26;02/02/2026;90619.94;19/05/2025
DI1H26;02/03/2026;89755.18;19/05/2025
DI1J26;01/04/2026;88721.64;19/05/2025
DI1K26;04/05/2026;87813.64;19/05/2025
DI1N26;01/07/2026;86016.2;19/05/2025
DI1V26;01/10/2026;83346.62;19/05/2025
DI1F27;04/01/2027;80927.11;19/05/2025
DI1J27;01/04/2027;78640.81;19/05/2025
DI1N27;01/07/2027;76345.52;19/05/2025
DI1V27;01/10/2027;74012.38;19/05/2025
DI1F28;03/01/2028;71821.4;19/05/2025
DI1J28;03/04/2028;69638.78;19/05/2025
DI1N28;03/07/2028;67533.76;19/05/2025
DI1V28;02/10/2028;65330.33;19/05/2025
DI1F29;02/01/2029;63375.74;19/05/2025
DI1J29;02/04/2029;61436.27;19/05/2025
DI1N29;02/07/2029;59437.18;19/05/2025
DI1V29;01/10/2029;57481.84;19/05/2025
DI1F30;02/01/2030;55665.38;19/05/2025
DI1J30;01/04/2030;53912.74;19/05/2025
DI1N30;01/07/2030;52180.67;19/05/2025
DI1F31;02/01/2031;48754.49;19/05/2025
DI1F32;02/01/2032;42717.45;19/05/2025
DI1F33;03/01/2033;37518.33;19/05/2025
DI1F34;02/01/2034;33019.8;19/05/2025
DI1F35;02/01/2035;29028.26;19/05/2025
DI1F36;02/01/2036;25607.88;19/05/2025
DI1F37;02/01/2037;22535.85;19/05/2025
DI1F38;04/01/2038;19938.21;19/05/2025
DI1F39;03/01/2039;17654.51;19/05/2025
DI1F40;02/01/2040;15596.97;19/05/2025
DI1M25;02/06/2025;99512.83;20/05/2025
DI1N25;01/07/2025;98436.94;20/05/2025
DI1Q25;01/08/2025;97208.02;20/05/2025
DI1U25;01/09/2025;96097.86;20/05/2025
DI1V25;01/10/2025;94950.13;20/05/2025
DI1X25;03/11/2025;93763.32;20/05/2025
DI1Z25;01/12/2025;92797.0;20/05/2025
DI1F26;02/01/2026;91693.7;20/05/2025
DI1G26;02/02/2026;90657.98;20/05/2025
DI1H26;02/03/2026;89791.02;20/05/2025
DI1J26;01/04/2026;88752.8;20/05/2025
DI1K26;04/05/2026;87835.44;20/05/2025
DI1N26;01/07/2026;86030.3;20/05/2025
DI1V26;01/10/2026;83349.28;20/05/2025
DI1F27;04/01/2027;80922.99;20/05/2025
DI1J27;01/04/2027;78636.18;20/05/2025
DI1N27;01/07/2027;76343.2;20/05/2025
DI1V27;01/10/2027;74011.15;20/05/2025
DI1F28;03/01/2028;71824.32;20/05/2025
DI1J28;03/04/2028;69643.73;20/05/2025
DI1N28;03/07/2028;67525.04;20/05/2025
DI1V28;02/10/2028;65314.76;20/05/2025
DI1F29;02/01/2029;63347.29;20/05/2025
DI1J29;02/04/2029;61379.88;20/05/2025
DI1N29;02/07/2029;59383.66;20/05/2025
DI1V29;01/10/2029;57411.98;20/05/2025
DI1F30;02/01/2030;55585.76;20/05/2025
DI1J30;01/04/2030;53832.48;20/05/2025
DI1N30;01/07/2030;52114.04;20/05/2025
DI1F31;02/01/2031;48657.3;20/05/2025
DI1F32;02/01/2032;42603.48;20/05/2025
DI1F33;03/01/2033;37387.72;20/05/2025
DI1F34;02/01/2034;32882.58;20/05/2025
DI1F35;02/01/2035;28860.65;20/05/2025
DI1F36;02/01/2036;25443.38;20/05/2025
DI1F37;02/01/2037;22376.24;20/05/2025
DI1F38;04/01/2038;19784.02;20/05/2025
DI1F39;03/01/2039;17506.38;20/05/2025
DI1F40;02/01/2040;15455.89;20/05/2025
DI1M25;02/06/2025;99566.82;21/05/2025
DI1N25;01/07/2025;98490.05;21/05/2025
DI1Q25;01/08/2025;97260.63;21/05/2025
DI1U25;01/09/2025;96147.64;21/05/2025
DI1V25;01/10/2025;94998.85;21/05/2025
DI1X25;03/11/2025;93810.33;21/05/2025
DI1Z25;01/12/2025;92842.84;21/05/2025
DI1F26;02/01/2026;91735.2;21/05/2025
DI1G26;02/02/2026;90696.16;21/05/2025
DI1H26;02/03/2026;89830.07;21/05/2025
DI1J26;01/04/2026;88782.1;21/05/2025
DI1K26;04/05/2026;87861.11;21/05/2025
DI1N26;01/07/2026;86036.28;21/05/2025
DI1V26;01/10/2026;83319.23;21/05/2025
DI1F27;04/01/2027;80865.26;21/05/2025
DI1J27;01/04/2027;78544.8;21/05/2025
DI1N27;01/07/2027;76214.11;21/05/2025
DI1V27;01/10/2027;73853.38;21/05/2025
DI1F28;03/01/2028;71644.27;21/05/2025
DI1J28;03/04/2028;69434.98;21/05/2025
DI1N28;03/07/2028;67302.74;21/05/2025
DI1V28;02/10/2028;65073.92;21/05/2025
DI1F29;02/01/2029;63089.0;21/05/2025
DI1J29;02/04/2029;61119.09;21/05/2025
DI1N29;02/07/2029;59132.3;21/05/2025
DI1V29;01/10/2029;57152.28;21/05/2025
DI1F30;02/01/2030;55321.15;21/05/2025
DI1J30;01/04/2030;53586.39;21/05/2025
DI1N30;01/07/2030;51841.63;21/05/2025
DI1F31;02/01/2031;48391.73;21/05/2025
DI1F32;02/01/2032;42342.96;21/05/2025
DI1F33;03/01/2033;37126.6;21/05/2025
DI1F34;02/01/2034;32615.73;21/05/2025
DI1F35;02/01/2035;28595.72;21/05/2025
DI1F36;02/01/2036;25184.39;21/05/2025
DI1F37;02/01/2037;22125.78;21/05/2025
DI1F38;04/01/2038;19542.77;21/05/2025
DI1F39;03/01/2039;17275.22;21/05/2025
DI1F40;02/01/2040;15236.25;21/05/2025
DI1M25;02/06/2025;99620.86;22/05/2025
DI1N25;01/07/2025;98543.86;22/05/2025
DI1Q25;01/08/2025;97313.95;22/05/2025
DI1U25;01/09/2025;96202.0;22/05/2025
DI1V25;01/10/2025;95050.72;22/05/2025
DI1X25;03/11/2025;93864.21;22/05/2025
DI1Z25;01/12/2025;92895.29;22/05/2025
DI1F26;02/01/2026;91787.79;22/05/2025
DI1G26;02/02/2026;90750.68;22/05/2025
DI1H26;02/03/2026;89880.21;22/05/2025
DI1J26;01/04/2026;88839.06;22/05/2025
DI1K26;04/05/2026;87918.84;22/05/2025
DI1N26;01/07/2026;86099.16;22/05/2025
DI1V26;01/10/2026;83391.21;22/05/2025
DI1F27;04/01/2027;80946.34;22/05/2025
DI1J27;01/04/2027;78644.14;22/05/2025
DI1N27;01/07/2027;76322.16;22/05/2025
DI1V27;01/10/2027;73960.0;22/05/2025
DI1F28;03/01/2028;71772.77;22/05/2025
DI1J28;03/04/2028;69576.81;22/05/2025
DI1N28;03/07/2028;67465.57;22/05/2025
DI1V28;02/10/2028;65253.18;22/05/2025
DI1F29;02/01/2029;63288.88;22/05/2025
DI1J29;02/04/2029;61327.86;22/05/2025
DI1N29;02/07/2029;59319.94;22/05/2025
DI1V29;01/10/2029;57369.39;22/05/2025
DI1F30;02/01/2030;55541.49;22/05/2025
DI1J30;01/04/2030;53798.26;22/05/2025
DI1N30;01/07/2030;52062.68;22/05/2025
DI1F31;02/01/2031;48633.12;22/05/2025
DI1F32;02/01/2032;42588.18;22/05/2025
DI1F33;03/01/2033;37363.98;22/05/2025
DI1F34;02/01/2034;32849.54;22/05/2025
DI1F35;02/01/2035;28854.06;22/05/2025
DI1F36;02/01/2036;25434.21;22/05/2025
DI1F37;02/01/2037;22365.18;22/05/2025
DI1F38;04/01/2038;19771.6;22/05/2025
DI1F39;03/01/2039;17493.01;22/05/2025
DI1F40;02/01/2040;15442.02;22/05/2025
DI1M25;02/06/2025;99674.94;23/05/2025
DI1N25;01/07/2025;98597.41;23/05/2025
DI1Q25;01/08/2025;97366.96;23/05/2025
DI1U25;01/09/2025;96255.18;23/05/2025
DI1V25;01/10/2025;95104.12;23/05/2025
DI1X25;03/11/2025;93916.58;23/05/2025
DI1Z25;01/12/2025;92945.15;23/05/2025
DI1F26;02/01/2026;91838.89;23/05/2025
DI1G26;02/02/2026;90802.4;23/05/2025
DI1H26;02/03/2026;89932.79;23/05/2025
DI1J26;01/04/2026;88890.64;23/05/2025
DI1K26;04/05/2026;87974.36;23/05/2025
DI1N26;01/07/2026;86161.97;23/05/2025
DI1V26;01/10/2026;83464.09;23/05/2025
DI1F27;04/01/2027;81027.32;23/05/2025
DI1J27;01/04/2027;78714.03;23/05/2025
DI1N27;01/07/2027;76389.3;23/05/2025
DI1V27;01/10/2027;74037.41;23/05/2025
DI1F28;03/01/2028;71830.41;23/05/2025
DI1J28;03/04/2028;69611.87;23/05/2025
DI1N28;03/07/2028;67490.38;23/05/2025
DI1V28;02/10/2028;65259.21;23/05/2025
DI1F29;02/01/2029;63280.9;23/05/2025
DI1J29;02/04/2029;61309.29;23/05/2025
DI1N29;02/07/2029;59296.82;23/05/2025
DI1V29;01/10/2029;57337.34;23/05/2025
DI1F30;02/01/2030;55507.23;23/05/2025
DI1J30;01/04/2030;53732.32;23/05/2025
DI1N30;01/07/2030;52008.22;23/05/2025
DI1F31;02/01/2031;48574.71;23/05/2025
DI1F32;02/01/2032;42519.17;23/05/2025
DI1F33;03/01/2033;37316.17;23/05/2025
DI1F34;02/01/2034;32844.21;23/05/2025
DI1F35;02/01/2035;28835.06;23/05/2025
DI1F36;02/01/2036;25414.35;23/05/2025
DI1F37;02/01/2037;22344.94;23/05/2025
DI1F38;04/01/2038;19751.26;23/05/2025
DI1F39;03/01/2039;17472.83;23/05/2025
DI1F40;02/01/2040;15422.29;23/05/2025
DI1M25;02/06/2025;99729.02;26/05/2025
DI1N25;01/07/2025;98650.91;26/05/2025
DI1Q25;01/08/2025;97420.96;26/05/2025
DI1U25;01/09/2025;96309.75;26/05/2025
DI1V25;01/10/2025;95161.72;26/05/2025
DI1X25;03/11/2025;93974.89;26/05/2025
DI1Z25;01/12/2025;93006.61;26/05/2025
DI1F26;02/01/2026;91900.36;26/05/2025
DI1G26;02/02/2026;90865.18;26/05/2025
DI1H26;02/03/2026;89997.44;26/05/2025
DI1J26;01/04/2026;88959.51;26/05/2025
DI1K26;04/05/2026;88043.51;26/05/2025
DI1N26;01/07/2026;86234.64;26/05/2025
DI1V26;01/10/2026;83536.88;26/05/2025
DI1F27;04/01/2027;81102.5;26/05/2025
DI1J27;01/04/2027;78791.51;26/05/2025
DI1N27;01/07/2027;76469.05;26/05/2025
DI1V27;01/10/2027;74123.99;26/05/2025
DI1F28;03/01/2028;71917.67;26/05/2025
DI1J28;03/04/2028;69688.92;26/05/2025
DI1N28;03/07/2028;67575.91;26/05/2025
DI1V28;02/10/2028;65342.23;26/05/2025
DI1F29;02/01/2029;63356.89;26/05/2025
DI1J29;02/04/2029;61381.7;26/05/2025
DI1N29;02/07/2029;59388.7;26/05/2025
DI1V29;01/10/2029;57410.26;26/05/2025
DI1F30;02/01/2030;55584.71;26/05/2025
DI1J30;01/04/2030;53821.28;26/05/2025
DI1N30;01/07/2030;52076.54;26/05/2025
DI1F31;02/01/2031;48652.04;26/05/2025
DI1F32;02/01/2032;42590.25;26/05/2025
DI1F33;03/01/2033;37355.3;26/05/2025
DI1F34;02/01/2034;32831.49;26/05/2025
DI1F35;02/01/2035;28825.77;26/05/2025
DI1F36;02/01/2036;25403.93;26/05/2025
DI1F37;02/01/2037;22333.8;26/05/2025
DI1F38;04/01/2038;19739.66;26/05/2025
DI1F39;03/01/2039;17460.99;26/05/2025
DI1F40;02/01/2040;15410.48;26/05/2025
DI1M25;02/06/2025;99783.19;27/05/2025
DI1N25;01/07/2025;98704.85;27/05/2025
DI1Q25;01/08/2025;97475.59;27/05/2025
DI1U25;01/09/2025;96365.64;27/05/2025
DI1V25;01/10/2025;95216.56;27/05/2025
DI1X25;03/11/2025;94031.64;27/05/2025
DI1Z25;01/12/2025;93065.82;27/05/2025
DI1F26;02/01/2026;91964.17;27/05/2025
DI1G26;02/02/2026;90932.82;27/05/2025
DI1H26;02/03/2026;90070.41;27/05/2025
DI1J26;01/04/2026;89037.53;27/05/2025
DI1K26;04/05/2026;88127.62;27/05/2025
DI1N26;01/07/2026;86333.65;27/05/2025
DI1V26;01/10/2026;83672.05;27/05/2025
DI1F27;04/01/2027;81269.98;27/05/2025
DI1J27;01/04/2027;79001.52;27/05/2025
DI1N27;01/07/2027;76719.12;27/05/2025
DI1V27;01/10/2027;74408.58;27/05/2025
DI1F28;03/01/2028;72237.58;27/05/2025
DI1J28;03/04/2028;70064.14;27/05/2025
DI1N28;03/07/2028;67967.89;27/05/2025
DI1V28;02/10/2028;65767.21;27/05/2025
DI1F29;02/01/2029;63806.17;27/05/2025
DI1J29;02/04/2029;61848.53;27/05/2025
DI1N29;02/07/2029;59855.1;27/05/2025
DI1V29;01/10/2029;57891.88;27/05/2025
DI1F30;02/01/2030;56068.79;27/05/2025
DI1J30;01/04/2030;54320.34;27/05/2025
DI1N30;01/07/2030;52575.77;27/05/2025
DI1F31;02/01/2031;49141.59;27/05/2025
DI1F32;02/01/2032;43077.15;27/05/2025
DI1F33;03/01/2033;37814.57;27/05/2025
DI1F34;02/01/2034;33271.36;27/05/2025
DI1F35;02/01/2035;29240.15;27/05/2025
DI1F36;02/01/2036;25805.89;27/05/2025
DI1F37;02/01/2037;22720.07;27/05/2025
DI1F38;04/01/2038;20109.79;27/05/2025
DI1F39;03/01/2039;17814.1;27/05/2025
DI1F40;02/01/2040;15744.79;27/05/2025
DI1M25;02/06/2025;99837.35;28/05/2025
DI1N25;01/07/2025;98758.08;28/05/2025
DI1Q25;01/08/2025;97526.62;28/05/2025
DI1U25;01/09/2025;96414.77;28/05/2025
DI1V25;01/10/2025;95262.56;28/05/2025
DI1X25;03/11/2025;94073.76;28/05/2025
DI1Z25;01/12/2025;93104.26;28/05/2025
DI1F26;02/01/2026;91997.65;28/05/2025
DI1G26;02/02/2026;90960.86;28/05/2025
DI1H26;02/03/2026;90092.28;28/05/2025
DI1J26;01/04/2026;89054.61;28/05/2025
DI1K26;04/05/2026;88142.15;28/05/2025
DI1N26;01/07/2026;86334.31;28/05/2025
DI1V26;01/10/2026;83649.51;28/05/2025
DI1F27;04/01/2027;81220.75;28/05/2025
DI1J27;01/04/2027;78932.24;28/05/2025
DI1N27;01/07/2027;76628.37;28/05/2025
DI1V27;01/10/2027;74303.1;28/05/2025
DI1F28;03/01/2028;72125.02;28/05/2025
DI1J28;03/04/2028;69937.46;28/05/2025
DI1N28;03/07/2028;67824.31;28/05/2025
DI1V28;02/10/2028;65625.9;28/05/2025
DI1F29;02/01/2029;63649.08;28/05/2025
DI1J29;02/04/2029;61694.35;28/05/2025
DI1N29;02/07/2029;59675.08;28/05/2025
DI1V29;01/10/2029;57746.98;28/05/2025
DI1F30;02/01/2030;55916.91;28/05/2025
DI1J30;01/04/2030;54182.37;28/05/2025
DI1N30;01/07/2030;52448.15;28/05/2025
DI1F31;02/01/2031;49005.48;28/05/2025
DI1F32;02/01/2032;42945.11;28/05/2025
DI1F33;03/01/2033;37723.32;28/05/2025
DI1F34;02/01/2034;33213.25;28/05/2025
DI1F35;02/01/2035;29196.25;28/05/2025
DI1F36;02/01/2036;25761.74;28/05/2025
DI1F37;02/01/2037;22676.38;28/05/2025
DI1F38;04/01/2038;20066.88;28/05/2025
DI1F39;03/01/2039;17772.29;28/05/2025
DI1F40;02/01/2040;15704.5;28/05/2025
DI1M25;02/06/2025;99891.54;29/05/2025
DI1N25;01/07/2025;98811.3;29/05/2025
DI1Q25;01/08/2025;97579.12;29/05/2025
DI1U25;01/09/2025;96465.56;29/05/2025
DI1V25;01/10/2025;95311.92;29/05/2025
DI1X25;03/11/2025;94121.11;29/05/2025
DI1Z25;01/12/2025;93150.03;29/05/2025
DI1F26;02/01/2026;92040.56;29/05/2025
DI1G26;02/02/2026;90997.33;29/05/2025
DI1H26;02/03/2026;90123.38;29/05/2025
DI1J26;01/04/2026;89079.21;29/05/2025
DI1K26;04/05/2026;88153.42;29/05/2025
DI1N26;01/07/2026;86328.77;29/05/2025
DI1V26;01/10/2026;83614.6;29/05/2025
DI1F27;04/01/2027;81169.8;29/05/2025
DI1J27;01/04/2027;78866.12;29/05/2025
DI1N27;01/07/2027;76563.52;29/05/2025
DI1V27;01/10/2027;74236.55;29/05/2025
DI1F28;03/01/2028;72067.39;29/05/2025
DI1J28;03/04/2028;69902.43;29/05/2025
DI1N28;03/07/2028;67797.45;29/05/2025
DI1V28;02/10/2028;65600.94;29/05/2025
DI1F29;02/01/2029;63648.94;29/05/2025
DI1J29;02/04/2029;61702.52;29/05/2025
DI1N29;02/07/2029;59715.83;29/05/2025
DI1V29;01/10/2029;57773.9;29/05/2025
DI1F30;02/01/2030;55967.64;29/05/2025
DI1J30;01/04/2030;54225.84;29/05/2025
DI1N30;01/07/2030;52526.06;29/05/2025
DI1F31;02/01/2031;49100.01;29/05/2025
DI1F32;02/01/2032;43048.93;29/05/2025
DI1F33;03/01/2033;37863.22;29/05/2025
DI1F34;02/01/2034;33373.04;29/05/2025
DI1F35;02/01/2035;29375.82;29/05/2025
DI1F36;02/01/2036;25935.3;29/05/2025
DI1F37;02/01/2037;22842.66;29/05/2025
DI1F38;04/01/2038;20225.83;29/05/2025
DI1F39;03/01/2039;17923.62;29/05/2025
DI1F40;02/01/2040;15847.55;29/05/2025
DI1M25;02/06/2025;99945.76;30/05/2025
DI1N25;01/07/2025;98864.02;30/05/2025
DI1Q25;01/08/2025;97629.01;30/05/2025
DI1U25;01/09/2025;96511.44;30/05/2025
DI1V25;01/10/2025;95355.04;30/05/2025
DI1X25;03/11/2025;94159.24;30/05/2025
DI1Z25;01/12/2025;93183.02;30/05/2025
DI1F26;02/01/2026;92064.83;30/05/2025
DI1G26;02/02/2026;91016.65;30/05/2025
DI1H26;02/03/2026;90134.55;30/05/2025
DI1J26;01/04/2026;89079.23;30/05/2025
DI1K26;04/05/2026;88141.67;30/05/2025
DI1N26;01/07/2026;86299.15;30/05/2025
DI1V26;01/10/2026;83546.9;30/05/2025
DI1F27;04/01/2027;81070.9;30/05/2025
DI1J27;01/04/2027;78745.08;30/05/2025
DI1N27;01/07/2027;76416.92;30/05/2025
DI1V27;01/10/2027;74083.74;30/05/2025
DI1F28;03/01/2028;71897.23;30/05/2025
DI1J28;03/04/2028;69712.62;30/05/2025
DI1N28;03/07/2028;67622.23;30/05/2025
DI1V28;02/10/2028;65430.17;30/05/2025
DI1F29;02/01/2029;63471.15;30/05/2025
DI1J29;02/04/2029;61530.89;30/05/2025
DI1N29;02/07/2029;59526.36;30/05/2025
DI1V29;01/10/2029;57605.84;30/05/2025
DI1F30;02/01/2030;55791.99;30/05/2025
DI1J30;01/04/2030;54056.64;30/05/2025
DI1N30;01/07/2030;52317.63;30/05/2025
DI1F31;02/01/2031;48928.5;30/05/2025
DI1F32;02/01/2032;42890.05;30/05/2025
DI1F33;03/01/2033;37689.27;30/05/2025
DI1F34;02/01/2034;33192.27;30/05/2025
DI1F35;02/01/2035;29209.01;30/05/2025
DI1F36;02/01/2036;25771.39;30/05/2025
DI1F37;02/01/2037;22683.44;30/05/2025
DI1F38;04/01/2038;20071.84;30/05/2025
DI1F39;03/01/2039;17775.52;30/05/2025
DI1F40;02/01/2040;15706.36;30/05/2025
DI1M25;02/06/2025;100000.0;02/06/2025
DI1N25;01/07/2025;98918.23;02/06/2025
DI1Q25;01/08/2025;97682.7;02/06/2025
DI1U25;01/09/2025;96565.46;02/06/2025
DI1V25;01/10/2025;95407.47;02/06/2025
DI1X25;03/11/2025;94210.06;02/06/2025
DI1Z25;01/12/2025;93233.62;02/06/2025
DI1F26;02/01/2026;92118.12;02/06/2025
DI1G26;02/02/2026;91069.17;02/06/2025
DI1H26;02/03/2026;90186.78;02/06/2025
DI1J26;01/04/2026;89128.48;02/06/2025
DI1K26;04/05/2026;88190.34;02/06/2025
DI1M26;01/06/2026;87276.14;02/06/2025
DI1N26;01/07/2026;86335.17;02/06/2025
DI1V26;01/10/2026;83571.8;02/06/2025
DI1F27;04/01/2027;81079.7;02/06/2025
DI1J27;01/04/2027;78741.95;02/06/2025
DI1N27;01/07/2027;76389.49;02/06/2025
DI1V27;01/10/2027;74030.53;02/06/2025
DI1F28;03/01/2028;71826.02;02/06/2025
DI1J28;03/04/2028;69629.84;02/06/2025
DI1N28;03/07/2028;67506.55;02/06/2025
DI1V28;02/10/2028;65296.8;02/06/2025
DI1F29;02/01/2029;63314.36;02/06/2025
DI1J29;02/04/2029;61360.33;02/06/2025
DI1N29;02/07/2029;59359.28;02/06/2025
DI1V29;01/10/2029;57414.84;02/06/2025
DI1F30;02/01/2030;55590.7;02/06/2025
DI1J30;01/04/2030;53858.94;02/06/2025
DI1N30;01/07/2030;52131.39;02/06/2025
DI1F31;02/01/2031;48703.34;02/06/2025
DI1F32;02/01/2032;42665.77;02/06/2025
DI1F33;03/01/2033;37456.79;02/06/2025
DI1F34;02/01/2034;32963.27;02/06/2025
DI1F35;02/01/2035;28987.56;02/06/2025
DI1F36;02/01/2036;25554.4;02/06/2025
DI1F37;02/01/2037;22473.16;02/06/2025
DI1F38;04/01/2038;19868.91;02/06/2025
DI1F39;03/01/2039;17580.74;02/06/2025
DI1F40;02/01/2040;15521.0;02/06/2025
DI1N25;01/07/2025;98971.52;03/06/2025
DI1Q25;01/08/2025;97733.85;03/06/2025
DI1U25;01/09/2025;96614.0;03/06/2025
DI1V25;01/10/2025;95452.91;03/06/2025
DI1X25;03/11/2025;94255.65;03/06/2025
DI1Z25;01/12/2025;93278.52;03/06/2025
DI1F26;02/01/2026;92160.01;03/06/2025
DI1G26;02/02/2026;91107.22;03/06/2025
DI1H26;02/03/2026;90223.18;03/06/2025
DI1J26;01/04/2026;89161.57;03/06/2025
DI1K26;04/05/2026;88220.78;03/06/2025
DI1M26;01/06/2026;87305.34;03/06/2025
DI1N26;01/07/2026;86362.36;03/06/2025
DI1V26;01/10/2026;83590.0;03/06/2025
DI1F27;04/01/2027;81096.53;03/06/2025
DI1J27;01/04/2027;78764.13;03/06/2025
DI1N27;01/07/2027;76424.75;03/06/2025
DI1V27;01/10/2027;74065.44;03/06/2025
DI1F28;03/01/2028;71872.36;03/06/2025
DI1J28;03/04/2028;69694.65;03/06/2025
DI1N28;03/07/2028;67566.36;03/06/2025
DI1V28;02/10/2028;65364.39;03/06/2025
DI1F29;02/01/2029;63410.1;03/06/2025
DI1J29;02/04/2029;61481.99;03/06/2025
DI1N29;02/07/2029;59465.81;03/06/2025
DI1V29;01/10/2029;57531.25;03/06/2025
DI1F30;02/01/2030;55721.55;03/06/2025
DI1J30;01/04/2030;54009.2;03/06/2025
DI1N30;01/07/2030;52257.49;03/06/2025
DI1F31;02/01/2031;48854.44;03/06/2025
DI1F32;02/01/2032;42832.88;03/06/2025
DI1F33;03/01/2033;37630.46;03/06/2025
DI1F34;02/01/2034;33158.97;03/06/2025
DI1F35;02/01/2035;29177.81;03/06/2025
DI1F36;02/01/2036;25738.21;03/06/2025
DI1F37;02/01/2037;22649.2;03/06/2025
DI1F38;04/01/2038;20037.11;03/06/2025
DI1F39;03/01/2039;17740.79;03/06/2025
DI1F40;02/01/2040;15672.19;03/06/2025
DI1N25;01/07/2025;99024.96;04/06/2025
DI1Q25;01/08/2025;97786.51;04/06/2025
DI1U25;01/09/2025;96664.98;04/06/2025
DI1V25;01/10/2025;95503.24;04/06/2025
DI1X25;03/11/2025;94303.11;04/06/2025
DI1Z25;01/12/2025;93323.95;04/06/2025
DI1F26;02/01/2026;92204.39;04/06/2025
DI1G26;02/02/2026;91149.16;04/06/2025
DI1H26;02/03/2026;90261.48;04/06/2025
DI1J26;01/04/2026;89196.75;04/06/2025
DI1K26;04/05/2026;88250.69;04/06/2025
DI1M26;01/06/2026;87329.43;04/06/2025
DI1N26;01/07/2026;86384.87;04/06/2025
DI1V26;01/10/2026;83606.42;04/06/2025
DI1F27;04/01/2027;81111.25;04/06/2025
DI1J27;01/04/2027;78785.14;04/06/2025
DI1N27;01/07/2027;76457.28;04/06/2025
DI1V27;01/10/2027;74118.51;04/06/2025
DI1F28;03/01/2028;71936.61;04/06/2025
DI1J28;03/04/2028;69754.24;04/06/2025
DI1N28;03/07/2028;67648.04;04/06/2025
DI1V28;02/10/2028;65456.82;04/06/2025
DI1F29;02/01/2029;63491.96;04/06/2025
DI1J29;02/04/2029;61552.29;04/06/2025
DI1N29;02/07/2029;59549.07;04/06/2025
DI1V29;01/10/2029;57593.24;04/06/2025
DI1F30;02/01/2030;55794.56;04/06/2025
DI1J30;01/04/2030;54054.97;04/06/2025
DI1N30;01/07/2030;52325.87;04/06/2025
DI1F31;02/01/2031;48910.45;04/06/2025
DI1F32;02/01/2032;42884.47;04/06/2025
DI1F33;03/01/2033;37679.76;04/06/2025
DI1F34;02/01/2034;33203.37;04/06/2025
DI1F35;02/01/2035;29246.58;04/06/2025
DI1F36;02/01/2036;25803.8;04/06/2025
DI1F37;02/01/2037;22711.32;04/06/2025
DI1F38;04/01/2038;20095.89;04/06/2025
DI1F39;03/01/2039;17796.25;04/06/2025
DI1F40;02/01/2040;15724.21;04/06/2025
DI1N25;01/07/2025;99077.3;05/06/2025
DI1Q25;01/08/2025;97832.74;05/06/2025
DI1U25;01/09/2025;96706.05;05/06/2025
DI1V25;01/10/2025;95536.66;05/06/2025
DI1X25;03/11/2025;94328.56;05/06/2025
DI1Z25;01/12/2025;93340.47;05/06/2025
DI1F26;02/01/2026;92213.28;05/06/2025
DI1G26;02/02/2026;91147.83;05/06/2025
DI1H26;02/03/2026;90247.72;05/06/2025
DI1J26;01/04/2026;89173.1;05/06/2025
DI1K26;04/05/2026;88221.66;05/06/2025
DI1M26;01/06/2026;87281.85;05/06/2025
DI1N26;01/07/2026;86325.6;05/06/2025
DI1V26;01/10/2026;83511.79;05/06/2025
DI1F27;04/01/2027;80983.49;05/06/2025
DI1J27;01/04/2027;78619.08;05/06/2025
DI1N27;01/07/2027;76251.12;05/06/2025
DI1V27;01/10/2027;73886.79;05/06/2025
DI1F28;03/01/2028;71674.91;05/06/2025
DI1J28;03/04/2028;69482.46;05/06/2025
DI1N28;03/07/2028;67366.13;05/06/2025
DI1V28;02/10/2028;65160.69;05/06/2025
DI1F29;02/01/2029;63193.68;05/06/2025
DI1J29;02/04/2029;61243.4;05/06/2025
DI1N29;02/07/2029;59245.62;05/06/2025
DI1V29;01/10/2029;57301.29;05/06/2025
DI1F30;02/01/2030;55485.48;05/06/2025
DI1J30;01/04/2030;53744.98;05/06/2025
DI1N30;01/07/2030;52016.03;05/06/2025
DI1F31;02/01/2031;48596.16;05/06/2025
DI1F32;02/01/2032;42555.6;05/06/2025
DI1F33;03/01/2033;37358.72;05/06/2025
DI1F34;02/01/2034;32890.77;05/06/2025
DI1F35;02/01/2035;28908.93;05/06/2025
DI1F36;02/01/2036;25473.72;05/06/2025
DI1F37;02/01/2037;22392.08;05/06/2025
DI1F38;04/01/2038;19788.34;05/06/2025
DI1F39;03/01/2039;17501.48;05/06/2025
DI1F40;02/01/2040;15444.06;05/06/2025
DI1N25;01/07/2025;99130.63;06/06/2025
DI1Q25;01/08/2025;97884.5;06/06/2025
DI1U25;01/09/2025;96755.95;06/06/2025
DI1V25;01/10/2025;95586.25;06/06/2025
DI1X25;03/11/2025;94375.39;06/06/2025
DI1Z25;01/12/2025;93387.55;06/06/2025
DI1F26;02/01/2026;92259.96;06/06/2025
DI1G26;02/02/2026;91196.03;06/06/2025
DI1H26;02/03/2026;90298.67;06/06/2025
DI1J26;01/04/2026;89225.43;06/06/2025
DI1K26;04/05/2026;88273.63;06/06/2025
DI1M26;01/06/2026;87343.9;06/06/2025
DI1N26;01/07/2026;86390.41;06/06/2025
DI1V26;01/10/2026;83582.88;06/06/2025
DI1F27;04/01/2027;81072.19;06/06/2025
DI1J27;01/04/2027;78716.55;06/06/2025
DI1N27;01/07/2027;76359.75;06/06/2025
DI1V27;01/10/2027;73983.66;06/06/2025
DI1F28;03/01/2028;71786.14;06/06/2025
DI1J28;03/04/2028;69597.22;06/06/2025
DI1N28;03/07/2028;67493.05;06/06/2025
DI1V28;02/10/2028;65300.42;06/06/2025
DI1F29;02/01/2029;63348.45;06/06/2025
DI1J29;02/04/2029;61391.27;06/06/2025
DI1N29;02/07/2029;59398.24;06/06/2025
DI1V29;01/10/2029;57458.52;06/06/2025
DI1F30;02/01/2030;55646.94;06/06/2025
DI1J30;01/04/2030;53901.48;06/06/2025
DI1N30;01/07/2030;52169.32;06/06/2025
DI1F31;02/01/2031;48753.81;06/06/2025
DI1F32;02/01/2032;42719.58;06/06/2025
DI1F33;03/01/2033;37506.87;06/06/2025
DI1F34;02/01/2034;33023.84;06/06/2025
DI1F35;02/01/2035;29013.43;06/06/2025
DI1F36;02/01/2036;25574.01;06/06/2025
DI1F37;02/01/2037;22487.57;06/06/2025
DI1F38;04/01/2038;19879.1;06/06/2025
DI1F39;03/01/2039;17587.46;06/06/2025
DI1F40;02/01/2040;15524.96;06/06/2025
DI1N25;01/07/2025;99185.31;09/06/2025
DI1Q25;01/08/2025;97941.52;09/06/2025
DI1U25;01/09/2025;96814.87;09/06/2025
DI1V25;01/10/2025;95646.38;09/06/2025
DI1X25;03/11/2025;94443.05;09/06/2025
DI1Z25;01/12/2025;93459.73;09/06/2025
DI1F26;02/01/2026;92332.61;09/06/2025
DI1G26;02/02/2026;91273.58;09/06/2025
DI1H26;02/03/2026;90381.23;09/06/2025
DI1J26;01/04/2026;89313.99;09/06/2025
DI1K26;04/05/2026;88368.38;09/06/2025
DI1M26;01/06/2026;87446.05;09/06/2025
DI1N26;01/07/2026;86498.28;09/06/2025
DI1V26;01/10/2026;83720.34;09/06/2025
DI1F27;04/01/2027;81229.66;09/06/2025
DI1J27;01/04/2027;78896.1;09/06/2025
DI1N27;01/07/2027;76557.85;09/06/2025
DI1V27;01/10/2027;74191.77;09/06/2025
DI1F28;03/01/2028;71992.88;09/06/2025
DI1J28;03/04/2028;69815.44;09/06/2025
DI1N28;03/07/2028;67705.39;09/06/2025
DI1V28;02/10/2028;65516.4;09/06/2025
DI1F29;02/01/2029;63560.84;09/06/2025
DI1J29;02/04/2029;61613.14;09/06/2025
DI1N29;02/07/2029;59618.76;09/06/2025
DI1V29;01/10/2029;57672.55;09/06/2025
DI1F30;02/01/2030;55853.21;09/06/2025
DI1J30;01/04/2030;54103.67;09/06/2025
DI1N30;01/07/2030;52366.82;09/06/2025
DI1F31;02/01/2031;48926.13;09/06/2025
DI1F32;02/01/2032;42864.4;09/06/2025
DI1F33;03/01/2033;37623.16;09/06/2025
DI1F34;02/01/2034;33149.95;09/06/2025
DI1F35;02/01/2035;29096.38;09/06/2025
DI1F36;02/01/2036;25653.35;09/06/2025
DI1F37;02/01/2037;22562.9;09/06/2025
DI1F38;04/01/2038;19950.54;09/06/2025
DI1F39;03/01/2039;17654.98;09/06/2025
DI1F40;02/01/2040;15588.38;09/06/2025
DI1N25;01/07/2025;99240.04;10/06/2025
DI1Q25;01/08/2025;97997.65;10/06/2025
DI1U25;01/09/2025;96871.89;10/06/2025
DI1V25;01/10/2025;95706.36;10/06/2025
DI1X25;03/11/2025;94503.72;10/06/2025
DI1Z25;01/12/2025;93520.99;10/06/2025
DI1F26;02/01/2026;92397.67;10/06/2025
DI1G26;02/02/2026;91342.02;10/06/2025
DI1H26;02/03/2026;90454.37;10/06/2025
DI1J26;01/04/2026;89391.5;10/06/2025
DI1K26;04/05/2026;88447.7;10/06/2025
DI1M26;01/06/2026;87530.83;10/06/2025
DI1N26;01/07/2026;86589.92;10/06/2025
DI1V26;01/10/2026;83827.7;10/06/2025
DI1F27;04/01/2027;81361.39;10/06/2025
DI1J27;01/04/2027;79051.88;10/06/2025
DI1N27;01/07/2027;76742.2;10/06/2025
DI1V27;01/10/2027;74406.09;10/06/2025
DI1F28;03/01/2028;72229.08;10/06/2025
DI1J28;03/04/2028;70037.46;10/06/2025
DI1N28;03/07/2028;67945.45;10/06/2025
DI1V28;02/10/2028;65755.75;10/06/2025
DI1F29;02/01/2029;63795.56;10/06/2025
DI1J29;02/04/2029;61829.4;10/06/2025
DI1N29;02/07/2029;59814.39;10/06/2025
DI1V29;01/10/2029;57878.44;10/06/2025
DI1F30;02/01/2030;56053.35;10/06/2025
DI1J30;01/04/2030;54297.34;10/06/2025
DI1N30;01/07/2030;52557.94;10/06/2025
DI1F31;02/01/2031;49122.78;10/06/2025
DI1F32;02/01/2032;43051.59;10/06/2025
DI1F33;03/01/2033;37802.21;10/06/2025
DI1F34;02/01/2034;33266.5;10/06/2025
DI1F35;02/01/2035;29242.97;10/06/2025
DI1F36;02/01/2036;25794.68;10/06/2025
DI1F37;02/01/2037;22698.03;10/06/2025
DI1F38;04/01/2038;20079.45;10/06/2025
DI1F39;03/01/2039;17777.48;10/06/2025
DI1F40;02/01/2040;15703.98;10/06/2025
DI1N25;01/07/2025;99293.28;11/06/2025
DI1Q25;01/08/2025;98048.19;11/06/2025
DI1U25;01/09/2025;96920.4;11/06/2025
DI1V25;01/10/2025;95752.34;11/06/2025
DI1X25;03/11/2025;94544.61;11/06/2025
DI1Z25;01/12/2025;93556.32;11/06/2025
DI1F26;02/01/2026;92430.61;11/06/2025
DI1G26;02/02/2026;91367.83;11/06/2025
DI1H26;02/03/2026;90472.11;11/06/2025
DI1J26;01/04/2026;89403.85;11/06/2025
DI1K26;04/05/2026;88453.49;11/06/2025
DI1M26;01/06/2026;87527.44;11/06/2025
DI1N26;01/07/2026;86576.44;11/06/2025
DI1V26;01/10/2026;83798.5;11/06/2025
DI1F27;04/01/2027;81324.29;11/06/2025
DI1J27;01/04/2027;79003.37;11/06/2025
DI1N27;01/07/2027;76683.77;11/06/2025
DI1V27;01/10/2027;74347.59;11/06/2025
DI1F28;03/01/2028;72171.5;11/06/2025
DI1J28;03/04/2028;70010.54;11/06/2025
DI1N28;03/07/2028;67925.0;11/06/2025
DI1V28;02/10/2028;65758.33;11/06/2025
DI1F29;02/01/2029;63813.8;11/06/2025
DI1J29;02/04/2029;61877.06;11/06/2025
DI1N29;02/07/2029;59889.24;11/06/2025
DI1V29;01/10/2029;57962.35;11/06/2025
DI1F30;02/01/2030;56146.58;11/06/2025
DI1J30;01/04/2030;54393.32;11/06/2025
DI1N30;01/07/2030;52679.84;11/06/2025
DI1F31;02/01/2031;49272.18;11/06/2025
DI1F32;02/01/2032;43209.73;11/06/2025
DI1F33;03/01/2033;37989.56;11/06/2025
DI1F34;02/01/2034;33476.07;11/06/2025
DI1F35;02/01/2035;29466.49;11/06/2025
DI1F36;02/01/2036;26011.06;11/06/2025
DI1F37;02/01/2037;22905.62;11/06/2025
DI1F38;04/01/2038;20278.11;11/06/2025
DI1F39;03/01/2039;17966.79;11/06/2025
DI1F40;02/01/2040;15883.07;11/06/2025
DI1N25;01/07/2025;99347.14;12/06/2025
DI1Q25;01/08/2025;98101.41;12/06/2025
DI1U25;01/09/2025;96974.54;12/06/2025
DI1V25;01/10/2025;95807.55;12/06/2025
DI1X25;03/11/2025;94598.6;12/06/2025
DI1Z25;01/12/2025;93615.59;12/06/2025
DI1F26;02/01/2026;92489.67;12/06/2025
DI1G26;02/02/2026;91425.86;12/06/2025
DI1H26;02/03/2026;90532.65;12/06/2025
DI1J26;01/04/2026;89461.73;12/06/2025
DI1K26;04/05/2026;88510.82;12/06/2025
DI1M26;01/06/2026;87586.28;12/06/2025
DI1N26;01/07/2026;86635.41;12/06/2025
DI1V26;01/10/2026;83851.05;12/06/2025
DI1F27;04/01/2027;81363.87;12/06/2025
DI1J27;01/04/2027;79038.37;12/06/2025
DI1N27;01/07/2027;76715.07;12/06/2025
DI1V27;01/10/2027;74375.08;12/06/2025
DI1F28;03/01/2028;72191.93;12/06/2025
DI1J28;03/04/2028;70025.2;12/06/2025
DI1N28;03/07/2028;67933.79;12/06/2025
DI1V28;02/10/2028;65764.8;12/06/2025
DI1F29;02/01/2029;63824.14;12/06/2025
DI1J29;02/04/2029;61871.25;12/06/2025
DI1N29;02/07/2029;59877.06;12/06/2025
DI1V29;01/10/2029;57941.45;12/06/2025
DI1F30;02/01/2030;56123.64;12/06/2025
DI1J30;01/04/2030;54377.6;12/06/2025
DI1N30;01/07/2030;52662.48;12/06/2025
DI1F31;02/01/2031;49206.37;12/06/2025
DI1F32;02/01/2032;43137.73;12/06/2025
DI1F33;03/01/2033;37901.07;12/06/2025
DI1F34;02/01/2034;33370.47;12/06/2025
DI1F35;02/01/2035;29351.31;12/06/2025
DI1F36;02/01/2036;25897.42;12/06/2025
DI1F37;02/01/2037;22794.84;12/06/2025
DI1F38;04/01/2038;20170.67;12/06/2025
DI1F39;03/01/2039;17863.22;12/06/2025
DI1F40;02/01/2040;15784.13;12/06/2025
DI1N25;01/07/2025;99401.61;13/06/2025
DI1Q25;01/08/2025;98156.65;13/06/2025
DI1U25;01/09/2025;97029.97;13/06/2025
DI1V25;01/10/2025;95862.72;13/06/2025
DI1X25;03/11/2025;94657.17;13/06/2025
DI1Z25;01/12/2025;93675.93;13/06/2025
DI1F26;02/01/2026;92551.81;13/06/2025
DI1G26;02/02/2026;91493.05;13/06/2025
DI1H26;02/03/2026;90602.14;13/06/2025
DI1J26;01/04/2026;89535.82;13/06/2025
DI1K26;04/05/2026;88587.15;13/06/2025
DI1M26;01/06/2026;87671.49;13/06/2025
DI1N26;01/07/2026;86721.17;13/06/2025
DI1V26;01/10/2026;83949.41;13/06/2025
DI1F27;04/01/2027;81466.4;13/06/2025
DI1J27;01/04/2027;79153.96;13/06/2025
DI1N27;01/07/2027;76834.28;13/06/2025
DI1V27;01/10/2027;74488.19;13/06/2025
DI1F28;03/01/2028;72324.05;13/06/2025
DI1J28;03/04/2028;70152.01;13/06/2025
DI1N28;03/07/2028;68062.66;13/06/2025
DI1V28;02/10/2028;65889.58;13/06/2025
DI1F29;02/01/2029;63929.8;13/06/2025
DI1J29;02/04/2029;61982.7;13/06/2025
DI1N29;02/07/2029;59970.99;13/06/2025
DI1V29;01/10/2029;58058.1;13/06/2025
DI1F30;02/01/2030;56239.23;13/06/2025
DI1J30;01/04/2030;54494.13;13/06/2025
DI1N30;01/07/2030;52758.89;13/06/2025
DI1F31;02/01/2031;49331.89;13/06/2025
DI1F32;02/01/2032;43238.99;13/06/2025
DI1F33;03/01/2033;37990.69;13/06/2025
DI1F34;02/01/2034;33465.09;13/06/2025
DI1F35;02/01/2035;29452.27;13/06/2025
DI1F36;02/01/2036;25994.39;13/06/2025
DI1F37;02/01/2037;22887.27;13/06/2025
DI1F38;04/01/2038;20258.61;13/06/2025
DI1F39;03/01/2039;17946.61;13/06/2025
DI1F40;02/01/2040;15862.68;13/06/2025
DI1N25;01/07/2025;99455.13;16/06/2025
DI1Q25;01/08/2025;98208.59;16/06/2025
DI1U25;01/09/2025;97080.46;16/06/2025
DI1V25;01/10/2025;95911.56;16/06/2025
DI1X25;03/11/2025;94704.3;16/06/2025
DI1Z25;01/12/2025;93720.49;16/06/2025
DI1F26;02/01/2026;92591.43;16/06/2025
DI1G26;02/02/2026;91526.47;16/06/2025
DI1H26;02/03/2026;90635.0;16/06/2025
DI1J26;01/04/2026;89565.54;16/06/2025
DI1K26;04/05/2026;88617.91;16/06/2025
DI1M26;01/06/2026;87692.11;16/06/2025
DI1N26;01/07/2026;86746.14;16/06/2025
DI1V26;01/10/2026;83970.39;16/06/2025
DI1F27;04/01/2027;81499.31;16/06/2025
DI1J27;01/04/2027;79187.66;16/06/2025
DI1N27;01/07/2027;76886.11;16/06/2025
DI1V27;01/10/2027;74557.69;16/06/2025
DI1F28;03/01/2028;72405.94;16/06/2025
DI1J28;03/04/2028;70258.1;16/06/2025
DI1N28;03/07/2028;68191.56;16/06/2025
DI1V28;02/10/2028;66027.8;16/06/2025
DI1F29;02/01/2029;64093.2;16/06/2025
DI1J29;02/04/2029;62143.68;16/06/2025
DI1N29;02/07/2029;60152.15;16/06/2025
DI1V29;01/10/2029;58231.78;16/06/2025
DI1F30;02/01/2030;56419.91;16/06/2025
DI1J30;01/04/2030;54677.13;16/06/2025
DI1N30;01/07/2030;52943.87;16/06/2025
DI1F31;02/01/2031;49522.44;16/06/2025
DI1F32;02/01/2032;43464.74;16/06/2025
DI1F33;03/01/2033;38193.86;16/06/2025
DI1F34;02/01/2034;33668.11;16/06/2025
DI1F35;02/01/2035;29630.12;16/06/2025
DI1F36;02/01/2036;26166.38;16/06/2025
DI1F37;02/01/2037;23052.14;16/06/2025
DI1F38;04/01/2038;20416.29;16/06/2025
DI1F39;03/01/2039;18096.78;16/06/2025
DI1F40;02/01/2040;16004.7;16/06/2025
DI1N25;01/07/2025;99508.99;17/06/2025
DI1Q25;01/08/2025;98261.64;17/06/2025
DI1U25;01/09/2025;97133.56;17/06/2025
DI1V25;01/10/2025;95964.75;17/06/2025
DI1X25;03/11/2025;94756.04;17/06/2025
DI1Z25;01/12/2025;93770.12;17/06/2025
DI1F26;02/01/2026;92640.57;17/06/2025
DI1G26;02/02/2026;91576.82;17/06/2025
DI1H26;02/03/2026;90683.13;17/06/2025
DI1J26;01/04/2026;89607.84;17/06/2025
DI1K26;04/05/2026;88652.89;17/06/2025
DI1M26;01/06/2026;87721.71;17/06/2025
DI1N26;01/07/2026;86766.58;17/06/2025
DI1V26;01/10/2026;83962.1;17/06/2025
DI1F27;04/01/2027;81463.07;17/06/2025
DI1J27;01/04/2027;79128.84;17/06/2025
DI1N27;01/07/2027;76805.12;17/06/2025
DI1V27;01/10/2027;74460.82;17/06/2025
DI1F28;03/01/2028;72292.26;17/06/2025
DI1J28;03/04/2028;70133.18;17/06/2025
DI1N28;03/07/2028;68053.07;17/06/2025
DI1V28;02/10/2028;65881.63;17/06/2025
DI1F29;02/01/2029;63930.73;17/06/2025
DI1J29;02/04/2029;61985.56;17/06/2025
DI1N29;02/07/2029;59999.76;17/06/2025
DI1V29;01/10/2029;58073.11;17/06/2025
DI1F30;02/01/2030;56262.64;17/06/2025
DI1J30;01/04/2030;54519.7;17/06/2025
DI1N30;01/07/2030;52784.57;17/06/2025
DI1F31;02/01/2031;49353.36;17/06/2025
DI1F32;02/01/2032;43263.36;17/06/2025
DI1F33;03/01/2033;38037.07;17/06/2025
DI1F34;02/01/2034;33511.79;17/06/2025
DI1F35;02/01/2035;29477.46;17/06/2025
DI1F36;02/01/2036;26016.12;17/06/2025
DI1F37;02/01/2037;22905.97;17/06/2025
DI1F38;04/01/2038;20274.75;17/06/2025
DI1F39;03/01/2039;17960.52;17/06/2025
DI1F40;02/01/2040;15874.66;17/06/2025
DI1N25;01/07/2025;99563.07;18/06/2025
DI1Q25;01/08/2025;98315.19;18/06/2025
DI1U25;01/09/2025;97186.35;18/06/2025
DI1V25;01/10/2025;96017.22;18/06/2025
DI1X25;03/11/2025;94807.82;18/06/2025
DI1Z25;01/12/2025;93820.94;18/06/2025
DI1F26;02/01/2026;92691.09;18/06/2025
DI1G26;02/02/2026;91624.18;18/06/2025
DI1H26;02/03/2026;90726.87;18/06/2025
DI1J26;01/04/2026;89650.24;18/06/2025
DI1K26;04/05/2026;88690.02;18/06/2025
DI1M26;01/06/2026;87758.72;18/06/2025
DI1N26;01/07/2026;86803.63;18/06/2025
DI1V26;01/10/2026;83993.88;18/06/2025
DI1F27;04/01/2027;81497.36;18/06/2025
DI1J27;01/04/2027;79171.43;18/06/2025
DI1N27;01/07/2027;76852.99;18/06/2025
DI1V27;01/10/2027;74512.4;18/06/2025
DI1F28;03/01/2028;72340.25;18/06/2025
DI1J28;03/04/2028;70189.25;18/06/2025
DI1N28;03/07/2028;68094.66;18/06/2025
DI1V28;02/10/2028;65922.49;18/06/2025
DI1F29;02/01/2029;63966.94;18/06/2025
DI1J29;02/04/2029;61992.22;18/06/2025
DI1N29;02/07/2029;60011.02;18/06/2025
DI1V29;01/10/2029;58078.5;18/06/2025
DI1F30;02/01/2030;56253.21;18/06/2025
DI1J30;01/04/2030;54510.9;18/06/2025
DI1N30;01/07/2030;52764.99;18/06/2025
DI1F31;02/01/2031;49313.98;18/06/2025
DI1F32;02/01/2032;43221.17;18/06/2025
DI1F33;03/01/2033;37978.76;18/06/2025
DI1F34;02/01/2034;33438.81;18/06/2025
DI1F35;02/01/2035;29411.49;18/06/2025
DI1F36;02/01/2036;25950.42;18/06/2025
DI1F37;02/01/2037;22841.45;18/06/2025
DI1F38;04/01/2038;20211.78;18/06/2025
DI1F39;03/01/2039;17899.49;18/06/2025
DI1F40;02/01/2040;15816.12;18/06/2025
DI1N25;01/07/2025;99614.91;20/06/2025
DI1Q25;01/08/2025;98359.51;20/06/2025
DI1U25;01/09/2025;97222.58;20/06/2025
DI1V25;01/10/2025;96045.03;20/06/2025
DI1X25;03/11/2025;94829.13;20/06/2025
DI1Z25;01/12/2025;93837.87;20/06/2025
DI1F26;02/01/2026;92701.73;20/06/2025
DI1G26;02/02/2026;91630.1;20/06/2025
DI1H26;02/03/2026;90724.91;20/06/2025
DI1J26;01/04/2026;89646.11;20/06/2025
DI1K26;04/05/2026;88688.53;20/06/2025
DI1M26;01/06/2026;87754.69;20/06/2025
DI1N26;01/07/2026;86795.67;20/06/2025
DI1V26;01/10/2026;83988.98;20/06/2025
DI1F27;04/01/2027;81507.68;20/06/2025
DI1J27;01/04/2027;79205.43;20/06/2025
DI1N27;01/07/2027;76921.32;20/06/2025
DI1V27;01/10/2027;74631.2;20/06/2025
DI1F28;03/01/2028;72514.0;20/06/2025
DI1J28;03/04/2028;70403.65;20/06/2025
DI1N28;03/07/2028;68352.35;20/06/2025
DI1V28;02/10/2028;66205.47;20/06/2025
DI1F29;02/01/2029;64279.08;20/06/2025
DI1J29;02/04/2029;62352.65;20/06/2025
DI1N29;02/07/2029;60370.55;20/06/2025
DI1V29;01/10/2029;58453.28;20/06/2025
DI1F30;02/01/2030;56653.24;20/06/2025
DI1J30;01/04/2030;54913.35;20/06/2025
DI1N30;01/07/2030;53182.76;20/06/2025
DI1F31;02/01/2031;49761.27;20/06/2025
DI1F32;02/01/2032;43665.68;20/06/2025
DI1F33;03/01/2033;38409.01;20/06/2025
DI1F34;02/01/2034;33878.66;20/06/2025
DI1F35;02/01/2035;29851.65;20/06/2025
DI1F36;02/01/2036;26378.26;20/06/2025
DI1F37;02/01/2037;23253.38;20/06/2025
DI1F38;04/01/2038;20607.2;20/06/2025
DI1F39;03/01/2039;18277.36;20/06/2025
DI1F40;02/01/2040;16174.46;20/06/2025
DI1N25;01/07/2025;99669.89;23/06/2025
DI1Q25;01/08/2025;98413.56;23/06/2025
DI1U25;01/09/2025;97276.46;23/06/2025
DI1V25;01/10/2025;96098.14;23/06/2025
DI1X25;03/11/2025;94881.28;23/06/2025
DI1Z25;01/12/2025;93889.05;23/06/2025
DI1F26;02/01/2026;92751.28;23/06/2025
DI1G26;02/02/2026;91679.81;23/06/2025
DI1H26;02/03/2026;90776.75;23/06/2025
DI1J26;01/04/2026;89698.05;23/06/2025
DI1K26;04/05/2026;88736.04;23/06/2025
DI1M26;01/06/2026;87801.43;23/06/2025
DI1N26;01/07/2026;86843.14;23/06/2025
DI1V26;01/10/2026;84037.98;23/06/2025
DI1F27;04/01/2027;81561.77;23/06/2025
DI1J27;01/04/2027;79266.48;23/06/2025
DI1N27;01/07/2027;76988.24;23/06/2025
DI1V27;01/10/2027;74697.64;23/06/2025
DI1F28;03/01/2028;72594.14;23/06/2025
DI1J28;03/04/2028;70463.06;23/06/2025
DI1N28;03/07/2028;68424.73;23/06/2025
DI1V28;02/10/2028;66278.69;23/06/2025
DI1F29;02/01/2029;64347.01;23/06/2025
DI1J29;02/04/2029;62418.88;23/06/2025
DI1N29;02/07/2029;60439.1;23/06/2025
DI1V29;01/10/2029;58526.42;23/06/2025
DI1F30;02/01/2030;56719.83;23/06/2025
DI1J30;01/04/2030;54982.22;23/06/2025
DI1N30;01/07/2030;53249.22;23/06/2025
DI1F31;02/01/2031;49810.45;23/06/2025
DI1F32;02/01/2032;43702.77;23/06/2025
DI1F33;03/01/2033;38433.53;23/06/2025
DI1F34;02/01/2034;33845.15;23/06/2025
DI1F35;02/01/2035;29784.67;23/06/2025
DI1F36;02/01/2036;26311.48;23/06/2025
DI1F37;02/01/2037;23187.72;23/06/2025
DI1F38;04/01/2038;20543.05;23/06/2025
DI1F39;03/01/2039;18215.12;23/06/2025
DI1F40;02/01/2040;16114.68;23/06/2025
DI1N25;01/07/2025;99724.8;24/06/2025
DI1Q25;01/08/2025;98467.94;24/06/2025
DI1U25;01/09/2025;97330.69;24/06/2025
DI1V25;01/10/2025;96153.86;24/06/2025
DI1X25;03/11/2025;94937.16;24/06/2025
DI1Z25;01/12/2025;93945.39;24/06/2025
DI1F26;02/01/2026;92810.4;24/06/2025
DI1G26;02/02/2026;91741.42;24/06/2025
DI1H26;02/03/2026;90841.69;24/06/2025
DI1J26;01/04/2026;89763.97;24/06/2025
DI1K26;04/05/2026;88809.44;24/06/2025
DI1M26;01/06/2026;87876.87;24/06/2025
DI1N26;01/07/2026;86923.85;24/06/2025
DI1V26;01/10/2026;84133.92;24/06/2025
DI1F27;04/01/2027;81679.01;24/06/2025
DI1J27;01/04/2027;79403.52;24/06/2025
DI1N27;01/07/2027;77134.16;24/06/2025
DI1V27;01/10/2027;74852.19;24/06/2025
DI1F28;03/01/2028;72754.99;24/06/2025
DI1J28;03/04/2028;70629.34;24/06/2025
DI1N28;03/07/2028;68586.33;24/06/2025
DI1V28;02/10/2028;66432.23;24/06/2025
DI1F29;02/01/2029;64498.61;24/06/2025
DI1J29;02/04/2029;62553.28;24/06/2025
DI1N29;02/07/2029;60558.87;24/06/2025
DI1V29;01/10/2029;58630.34;24/06/2025
DI1F30;02/01/2030;56815.69;24/06/2025
DI1J30;01/04/2030;55062.59;24/06/2025
DI1N30;01/07/2030;53325.07;24/06/2025
DI1F31;02/01/2031;49866.87;24/06/2025
DI1F32;02/01/2032;43717.38;24/06/2025
DI1F33;03/01/2033;38437.78;24/06/2025
DI1F34;02/01/2034;33837.0;24/06/2025
DI1F35;02/01/2035;29789.85;24/06/2025
DI1F36;02/01/2036;26315.11;24/06/2025
DI1F37;02/01/2037;23190.08;24/06/2025
DI1F38;04/01/2038;20544.4;24/06/2025
DI1F39;03/01/2039;18215.64;24/06/2025
DI1F40;02/01/2040;16114.56;24/06/2025
DI1N25;01/07/2025;99779.78;25/06/2025
DI1Q25;01/08/2025;98522.25;25/06/2025
DI1U25;01/09/2025;97384.28;25/06/2025
DI1V25;01/10/2025;96205.13;25/06/2025
DI1X25;03/11/2025;94989.65;25/06/2025
DI1Z25;01/12/2025;93995.51;25/06/2025
DI1F26;02/01/2026;92861.27;25/06/2025
DI1G26;02/02/2026;91789.67;25/06/2025
DI1H26;02/03/2026;90889.14;25/06/2025
DI1J26;01/04/2026;89811.02;25/06/2025
DI1K26;04/05/2026;88853.63;25/06/2025
DI1M26;01/06/2026;87920.0;25/06/2025
DI1N26;01/07/2026;86962.79;25/06/2025
DI1V26;01/10/2026;84158.47;25/06/2025
DI1F27;04/01/2027;81687.28;25/06/2025
DI1J27;01/04/2027;79388.45;25/06/2025
DI1N27;01/07/2027;77100.18;25/06/2025
DI1V27;01/10/2027;74793.11;25/06/2025
DI1F28;03/01/2028;72665.69;25/06/2025
DI1J28;03/04/2028;70526.8;25/06/2025
DI1N28;03/07/2028;68473.11;25/06/2025
DI1V28;02/10/2028;66316.27;25/06/2025
DI1F29;02/01/2029;64379.42;25/06/2025
DI1J29;02/04/2029;62423.47;25/06/2025
DI1N29;02/07/2029;60422.92;25/06/2025
DI1V29;01/10/2029;58510.44;25/06/2025
DI1F30;02/01/2030;56695.84;25/06/2025
DI1J30;01/04/2030;54945.64;25/06/2025
DI1N30;01/07/2030;53209.28;25/06/2025
DI1F31;02/01/2031;49764.29;25/06/2025
DI1F32;02/01/2032;43632.22;25/06/2025
DI1F33;03/01/2033;38320.66;25/06/2025
DI1F34;02/01/2034;33743.12;25/06/2025
DI1F35;02/01/2035;29690.97;25/06/2025
DI1F36;02/01/2036;26217.24;25/06/2025
DI1F37;02/01/2037;23094.41;25/06/2025
DI1F38;04/01/2038;20451.39;25/06/2025
DI1F39;03/01/2039;18125.78;25/06/2025
DI1F40;02/01/2040;16028.55;25/06/2025
DI1N25;01/07/2025;99834.79;26/06/2025
DI1Q25;01/08/2025;98576.67;26/06/2025
DI1U25;01/09/2025;97438.71;26/06/2025
DI1V25;01/10/2025;96260.38;26/06/2025
DI1X25;03/11/2025;95044.28;26/06/2025
DI1Z25;01/12/2025;94052.54;26/06/2025
DI1F26;02/01/2026;92917.73;26/06/2025
DI1G26;02/02/2026;91850.18;26/06/2025
DI1H26;02/03/2026;90950.68;26/06/2025
DI1J26;01/04/2026;89874.38;26/06/2025
DI1K26;04/05/2026;88918.26;26/06/2025
DI1M26;01/06/2026;87988.11;26/06/2025
DI1N26;01/07/2026;87033.28;26/06/2025
DI1V26;01/10/2026;84243.87;26/06/2025
DI1F27;04/01/2027;81791.2;26/06/2025
DI1J27;01/04/2027;79516.64;26/06/2025
DI1N27;01/07/2027;77258.1;26/06/2025
DI1V27;01/10/2027;74971.32;26/06/2025
DI1F28;03/01/2028;72860.17;26/06/2025
DI1J28;03/04/2028;70742.82;26/06/2025
DI1N28;03/07/2028;68689.1;26/06/2025
DI1V28;02/10/2028;66540.36;26/06/2025
DI1F29;02/01/2029;64590.6;26/06/2025
DI1J29;02/04/2029;62648.54;26/06/2025
DI1N29;02/07/2029;60657.62;26/06/2025
DI1V29;01/10/2029;58721.77;26/06/2025
DI1F30;02/01/2030;56894.96;26/06/2025
DI1J30;01/04/2030;55149.86;26/06/2025
DI1N30;01/07/2030;53408.95;26/06/2025
DI1F31;02/01/2031;49943.58;26/06/2025
DI1F32;02/01/2032;43769.12;26/06/2025
DI1F33;03/01/2033;38446.33;26/06/2025
DI1F34;02/01/2034;33861.19;26/06/2025
DI1F35;02/01/2035;29827.54;26/06/2025
DI1F36;02/01/2036;26349.05;26/06/2025
DI1F37;02/01/2037;23220.58;26/06/2025
DI1F38;04/01/2038;20587.68;26/06/2025
DI1F39;03/01/2039;18255.56;26/06/2025
DI1F40;02/01/2040;16151.26;26/06/2025
DI1N25;01/07/2025;99889.83;27/06/2025
DI1Q25;01/08/2025;98631.21;27/06/2025
DI1U25;01/09/2025;97492.67;27/06/2025
DI1V25;01/10/2025;96313.57;27/06/2025
DI1X25;03/11/2025;95097.7;27/06/2025
DI1Z25;01/12/2025;94104.87;27/06/2025
DI1F26;02/01/2026;92969.91;27/06/2025
DI1G26;02/02/2026;91899.44;27/06/2025
DI1H26;02/03/2026;90999.78;27/06/2025
DI1J26;01/04/2026;89920.85;27/06/2025
DI1K26;04/05/2026;88965.11;27/06/2025
DI1M26;01/06/2026;88031.28;27/06/2025
DI1N26;01/07/2026;87076.1;27/06/2025
DI1V26;01/10/2026;84280.63;27/06/2025
DI1F27;04/01/2027;81829.91;27/06/2025
DI1J27;01/04/2027;79559.11;27/06/2025
DI1N27;01/07/2027;77293.51;27/06/2025
DI1V27;01/10/2027;75007.73;27/06/2025
DI1F28;03/01/2028;72901.46;27/06/2025
DI1J28;03/04/2028;70779.73;27/06/2025
DI1N28;03/07/2028;68721.37;27/06/2025
DI1V28;02/10/2028;66563.83;27/06/2025
DI1F29;02/01/2029;64622.65;27/06/2025
DI1J29;02/04/2029;62679.64;27/06/2025
DI1N29;02/07/2029;60679.27;27/06/2025
DI1V29;01/10/2029;58759.81;27/06/2025
DI1F30;02/01/2030;56948.1;27/06/2025
DI1J30;01/04/2030;55198.11;27/06/2025
DI1N30;01/07/2030;53459.1;27/06/2025
DI1F31;02/01/2031;50012.13;27/06/2025
DI1F32;02/01/2032;43853.76;27/06/2025
DI1F33;03/01/2033;38524.12;27/06/2025
DI1F34;02/01/2034;33951.73;27/06/2025
DI1F35;02/01/2035;29902.37;27/06/2025
DI1F36;02/01/2036;26420.66;27/06/2025
DI1F37;02/01/2037;23298.01;27/06/2025
DI1F38;04/01/2038;20665.89;27/06/2025
DI1F39;03/01/2039;18329.73;27/06/2025
DI1F40;02/01/2040;16221.15;27/06/2025
DI1N25;01/07/2025;99944.9;30/06/2025
DI1Q25;01/08/2025;98685.36;30/06/2025
DI1U25;01/09/2025;97546.8;30/06/2025
DI1V25;01/10/2025;96367.23;30/06/2025
DI1X25;03/11/2025;95150.83;30/06/2025
DI1Z25;01/12/2025;94157.57;30/06/2025
DI1F26;02/01/2026;93022.53;30/06/2025
DI1G26;02/02/2026;91955.02;30/06/2025
DI1H26;02/03/2026;91057.47;30/06/2025
DI1J26;01/04/2026;89981.7;30/06/2025
DI1K26;04/05/2026;89031.57;30/06/2025
DI1M26;01/06/2026;88104.19;30/06/2025
DI1N26;01/07/2026;87155.59;30/06/2025
DI1V26;01/10/2026;84390.02;30/06/2025
DI1F27;04/01/2027;81971.49;30/06/2025
DI1J27;01/04/2027;79738.37;30/06/2025
DI1N27;01/07/2027;77519.27;30/06/2025
DI1V27;01/10/2027;75293.45;30/06/2025
DI1F28;03/01/2028;73228.55;30/06/2025
DI1J28;03/04/2028;71163.65;30/06/2025
DI1N28;03/07/2028;69160.62;30/06/2025
DI1V28;02/10/2028;67059.25;30/06/2025
DI1F29;02/01/2029;65150.72;30/06/2025
DI1J29;02/04/2029;63248.28;30/06/2025
DI1N29;02/07/2029;61277.64;30/06/2025
DI1V29;01/10/2029;59392.29;30/06/2025
DI1F30;02/01/2030;57599.17;30/06/2025
DI1J30;01/04/2030;55882.89;30/06/2025
DI1N30;01/07/2030;54162.74;30/06/2025
DI1F31;02/01/2031;50750.68;30/06/2025
DI1F32;02/01/2032;44633.99;30/06/2025
DI1F33;03/01/2033;39352.12;30/06/2025
DI1F34;02/01/2034;34785.37;30/06/2025
DI1F35;02/01/2035;30731.36;30/06/2025
DI1F36;02/01/2036;27229.53;30/06/2025
DI1F37;02/01/2037;24079.95;30/06/2025
DI1F38;04/01/2038;21419.81;30/06/2025
DI1F39;03/01/2039;19052.56;30/06/2025
DI1F40;02/01/2040;16908.78;30/06/2025
DI1N25;01/07/2025;100000.0;01/07/2025
DI1Q25;01/08/2025;98739.71;01/07/2025
DI1U25;01/09/2025;97600.66;01/07/2025
DI1V25;01/10/2025;96421.35;01/07/2025
DI1X25;03/11/2025;95203.4;01/07/2025
DI1Z25;01/12/2025;94210.29;01/07/2025
DI1F26;02/01/2026;93075.58;01/07/2025
DI1G26;02/02/2026;92009.61;01/07/2025
DI1H26;02/03/2026;91109.25;01/07/2025
DI1J26;01/04/2026;90034.76;01/07/2025
DI1K26;04/05/2026;89082.33;01/07/2025
DI1M26;01/06/2026;88156.52;01/07/2025
DI1N26;01/07/2026;87210.57;01/07/2025
DI1V26;01/10/2026;84433.21;01/07/2025
DI1F27;04/01/2027;81998.17;01/07/2025
DI1J27;01/04/2027;79750.13;01/07/2025
DI1N27;01/07/2027;77516.38;01/07/2025
DI1V27;01/10/2027;75274.31;01/07/2025
DI1F28;03/01/2028;73201.68;01/07/2025
DI1J28;03/04/2028;71136.28;01/07/2025
DI1N28;03/07/2028;69132.2;01/07/2025
DI1V28;02/10/2028;67032.31;01/07/2025
DI1F29;02/01/2029;65138.32;01/07/2025
DI1J29;02/04/2029;63247.84;01/07/2025
DI1N29;02/07/2029;61288.18;01/07/2025
DI1V29;01/10/2029;59412.41;01/07/2025
DI1F30;02/01/2030;57636.46;01/07/2025
DI1J30;01/04/2030;55921.9;01/07/2025
DI1N30;01/07/2030;54217.81;01/07/2025
DI1F31;02/01/2031;50819.84;01/07/2025
DI1F32;02/01/2032;44758.27;01/07/2025
DI1F33;03/01/2033;39493.87;01/07/2025
DI1F34;02/01/2034;34912.05;01/07/2025
DI1F35;02/01/2035;30882.88;01/07/2025
DI1F36;02/01/2036;27376.45;01/07/2025
DI1F37;02/01/2037;24221.26;01/07/2025
DI1F38;04/01/2038;21555.49;01/07/2025
DI1F39;03/01/2039;19182.21;01/07/2025
DI1F40;02/01/2040;17031.81;01/07/2025
DI1Q25;01/08/2025;98794.32;02/07/2025
DI1U25;01/09/2025;97655.27;02/07/2025
DI1V25;01/10/2025;96475.47;02/07/2025
DI1X25;03/11/2025;95258.02;02/07/2025
DI1Z25;01/12/2025;94265.12;02/07/2025
DI1F26;02/01/2026;93129.87;02/07/2025
DI1G26;02/02/2026;92062.76;02/07/2025
DI1H26;02/03/2026;91164.23;02/07/2025
DI1J26;01/04/2026;90091.35;02/07/2025
DI1K26;04/05/2026;89135.68;02/07/2025
DI1M26;01/06/2026;88210.26;02/07/2025
DI1N26;01/07/2026;87257.94;02/07/2025
DI1V26;01/10/2026;84470.89;02/07/2025
DI1F27;04/01/2027;82027.1;02/07/2025
DI1J27;01/04/2027;79763.24;02/07/2025
DI1N27;01/07/2027;77512.32;02/07/2025
DI1V27;01/10/2027;75258.39;02/07/2025
DI1F28;03/01/2028;73175.04;02/07/2025
DI1J28;03/04/2028;71093.6;02/07/2025
DI1N28;03/07/2028;69074.79;02/07/2025
DI1V28;02/10/2028;66963.32;02/07/2025
DI1F29;02/01/2029;65061.95;02/07/2025
DI1J29;02/04/2029;63149.74;02/07/2025
DI1N29;02/07/2029;61206.27;02/07/2025
DI1V29;01/10/2029;59330.51;02/07/2025
DI1F30;02/01/2030;57546.34;02/07/2025
DI1J30;01/04/2030;55835.25;02/07/2025
DI1N30;01/07/2030;54123.33;02/07/2025
DI1F31;02/01/2031;50741.73;02/07/2025
DI1F32;02/01/2032;44690.9;02/07/2025
DI1F33;03/01/2033;39453.48;02/07/2025
DI1F34;02/01/2034;34897.95;02/07/2025
DI1F35;02/01/2035;30851.75;02/07/2025
DI1F36;02/01/2036;27344.52;02/07/2025
DI1F37;02/01/2037;24189.12;02/07/2025
DI1F38;04/01/2038;21523.45;02/07/2025
DI1F39;03/01/2039;19150.61;02/07/2025
DI1F40;02/01/2040;17001.03;02/07/2025
DI1Q25;01/08/2025;98848.74;03/07/2025
DI1U25;01/09/2025;97709.03;03/07/2025
DI1V25;01/10/2025;96528.31;03/07/2025
DI1X25;03/11/2025;95310.05;03/07/2025
DI1Z25;01/12/2025;94315.44;03/07/2025
DI1F26;02/01/2026;93182.09;03/07/2025
DI1G26;02/02/2026;92112.58;03/07/2025
DI1H26;02/03/2026;91215.49;03/07/2025
DI1J26;01/04/2026;90139.66;03/07/2025
DI1K26;04/05/2026;89183.87;03/07/2025
DI1M26;01/06/2026;88255.59;03/07/2025
DI1N26;01/07/2026;87305.34;03/07/2025
DI1Q26;03/08/2026;86286.91;03/07/2025
DI1V26;01/10/2026;84506.78;03/07/2025
DI1F27;04/01/2027;82052.89;03/07/2025
DI1J27;01/04/2027;79781.34;03/07/2025
DI1N27;01/07/2027;77526.03;03/07/2025
DI1V27;01/10/2027;75266.45;03/07/2025
DI1F28;03/01/2028;73180.81;03/07/2025
DI1J28;03/04/2028;71083.9;03/07/2025
DI1N28;03/07/2028;69050.46;03/07/2025
DI1V28;02/10/2028;66932.98;03/07/2025
DI1F29;02/01/2029;65005.92;03/07/2025
DI1J29;02/04/2029;63101.85;03/07/2025
DI1N29;02/07/2029;61141.9;03/07/2025
DI1V29;01/10/2029;59246.76;03/07/2025
DI1F30;02/01/2030;57454.36;03/07/2025
DI1J30;01/04/2030;55739.7;03/07/2025
DI1N30;01/07/2030;54036.36;03/07/2025
DI1V30;01/10/2030;52264.8;03/07/2025
DI1F31;02/01/2031;50629.71;03/07/2025
DI1F32;02/01/2032;44557.63;03/07/2025
DI1F33;03/01/2033;39304.3;03/07/2025
DI1F34;02/01/2034;34743.49;03/07/2025
DI1F35;02/01/2035;30697.62;03/07/2025
DI1F36;02/01/2036;27192.19;03/07/2025
DI1F37;02/01/2037;24040.26;03/07/2025
DI1F38;04/01/2038;21378.57;03/07/2025
DI1F39;03/01/2039;19010.55;03/07/2025
DI1F40;02/01/2040;16866.83;03/07/2025
DI1Q25;01/08/2025;98903.26;04/07/2025
DI1U25;01/09/2025;97762.68;04/07/2025
DI1V25;01/10/2025;96581.2;04/07/2025
DI1X25;03/11/2025;95362.69;04/07/2025
DI1Z25;01/12/2025;94367.18;04/07/2025
DI1F26;02/01/2026;93231.06;04/07/2025
DI1G26;02/02/2026;92159.62;04/07/2025
DI1H26;02/03/2026;91260.49;04/07/2025
DI1J26;01/04/2026;90180.4;04/07/2025
DI1K26;04/05/2026;89221.18;04/07/2025
DI1M26;01/06/2026;88289.13;04/07/2025
DI1N26;01/07/2026;87331.69;04/07/2025
DI1Q26;03/08/2026;86311.59;04/07/2025
DI1V26;01/10/2026;84522.5;04/07/2025
DI1F27;04/01/2027;82053.05;04/07/2025
DI1J27;01/04/2027;79771.7;04/07/2025
DI1N27;01/07/2027;77506.1;04/07/2025
DI1V27;01/10/2027;75237.54;04/07/2025
DI1F28;03/01/2028;73141.72;04/07/2025
DI1J28;03/04/2028;71043.42;04/07/2025
DI1N28;03/07/2028;69008.15;04/07/2025
DI1V28;02/10/2028;66885.62;04/07/2025
DI1F29;02/01/2029;64962.14;04/07/2025
DI1J29;02/04/2029;63056.27;04/07/2025
DI1N29;02/07/2029;61092.79;04/07/2025
DI1V29;01/10/2029;59196.46;04/07/2025
DI1F30;02/01/2030;57408.0;04/07/2025
DI1J30;01/04/2030;55686.19;04/07/2025
DI1N30;01/07/2030;53978.04;04/07/2025
DI1V30;01/10/2030;52211.3;04/07/2025
DI1F31;02/01/2031;50566.93;04/07/2025
DI1F32;02/01/2032;44478.22;04/07/2025
DI1F33;03/01/2033;39241.08;04/07/2025
DI1F34;02/01/2034;34675.23;04/07/2025
DI1F35;02/01/2035;30610.7;04/07/2025
DI1F36;02/01/2036;27105.7;04/07/2025
DI1F37;02/01/2037;23955.26;04/07/2025
DI1F38;04/01/2038;21295.47;04/07/2025
DI1F39;03/01/2039;18929.92;04/07/2025
DI1F40;02/01/2040;16789.34;04/07/2025
DI1Q25;01/08/2025;98957.87;07/07/2025
DI1U25;01/09/2025;97816.92;07/07/2025
DI1V25;01/10/2025;96635.16;07/07/2025
DI1X25;03/11/2025;95415.35;07/07/2025
DI1Z25;01/12/2025;94420.66;07/07/2025
DI1F26;02/01/2026;93281.72;07/07/2025
DI1G26;02/02/2026;92209.54;07/07/2025
DI1H26;02/03/2026;91308.18;07/07/2025
DI1J26;01/04/2026;90224.75;07/07/2025
DI1K26;04/05/2026;89261.81;07/07/2025
DI1M26;01/06/2026;88326.97;07/07/2025
DI1N26;01/07/2026;87367.97;07/07/2025
DI1Q26;03/08/2026;86345.35;07/07/2025
DI1V26;01/10/2026;84551.25;07/07/2025
DI1F27;04/01/2027;82068.41;07/07/2025
DI1J27;01/04/2027;79769.55;07/07/2025
DI1N27;01/07/2027;77486.43;07/07/2025
DI1V27;01/10/2027;75195.59;07/07/2025
DI1F28;03/01/2028;73075.72;07/07/2025
DI1J28;03/04/2028;70958.7;07/07/2025
DI1N28;03/07/2028;68908.16;07/07/2025
DI1V28;02/10/2028;66771.87;07/07/2025
DI1F29;02/01/2029;64833.17;07/07/2025
DI1J29;02/04/2029;62909.86;07/07/2025
DI1N29;02/07/2029;60930.91;07/07/2025
DI1V29;01/10/2029;59032.09;07/07/2025
DI1F30;02/01/2030;57224.38;07/07/2025
DI1J30;01/04/2030;55499.26;07/07/2025
DI1N30;01/07/2030;53790.73;07/07/2025
DI1V30;01/10/2030;52016.84;07/07/2025
DI1F31;02/01/2031;50363.58;07/07/2025
DI1F32;02/01/2032;44283.01;07/07/2025
DI1F33;03/01/2033;39016.14;07/07/2025
DI1F34;02/01/2034;34437.4;07/07/2025
DI1F35;02/01/2035;30394.9;07/07/2025
DI1F36;02/01/2036;26893.21;07/07/2025
DI1F37;02/01/2037;23748.27;07/07/2025
DI1F38;04/01/2038;21094.58;07/07/2025
DI1F39;03/01/2039;18736.22;07/07/2025
DI1F40;02/01/2040;16604.19;07/07/2025
DI1Q25;01/08/2025;99012.51;08/07/2025
DI1U25;01/09/2025;97870.65;08/07/2025
DI1V25;01/10/2025;96688.53;08/07/2025
DI1X25;03/11/2025;95467.5;08/07/2025
DI1Z25;01/12/2025;94471.79;08/07/2025
DI1F26;02/01/2026;93333.22;08/07/2025
DI1G26;02/02/2026;92261.82;08/07/2025
DI1H26;02/03/2026;91360.58;08/07/2025
DI1J26;01/04/2026;90278.45;08/07/2025
DI1K26;04/05/2026;89316.53;08/07/2025
DI1M26;01/06/2026;88381.5;08/07/2025
DI1N26;01/07/2026;87423.77;08/07/2025
DI1Q26;03/08/2026;86398.6;08/07/2025
DI1V26;01/10/2026;84610.32;08/07/2025
DI1F27;04/01/2027;82138.36;08/07/2025
DI1J27;01/04/2027;79848.41;08/07/2025
DI1N27;01/07/2027;77574.53;08/07/2025
DI1V27;01/10/2027;75285.39;08/07/2025
DI1F28;03/01/2028;73173.11;08/07/2025
DI1J28;03/04/2028;71047.06;08/07/2025
DI1N28;03/07/2028;68983.99;08/07/2025
DI1V28;02/10/2028;66825.94;08/07/2025
DI1F29;02/01/2029;64871.27;08/07/2025
DI1J29;02/04/2029;62936.93;08/07/2025
DI1N29;02/07/2029;60959.04;08/07/2025
DI1V29;01/10/2029;59046.04;08/07/2025
DI1F30;02/01/2030;57219.11;08/07/2025
DI1J30;01/04/2030;55483.2;08/07/2025
DI1N30;01/07/2030;53765.93;08/07/2025
DI1V30;01/10/2030;51980.71;08/07/2025
DI1F31;02/01/2031;50318.5;08/07/2025
DI1F32;02/01/2032;44227.15;08/07/2025
DI1F33;03/01/2033;38953.74;08/07/2025
DI1F34;02/01/2034;34393.12;08/07/2025
DI1F35;02/01/2035;30349.52;08/07/2025
DI1F36;02/01/2036;26847.4;08/07/2025
DI1F37;02/01/2037;23702.76;08/07/2025
DI1F38;04/01/2038;21049.69;08/07/2025
DI1F39;03/01/2039;18692.34;08/07/2025
DI1F40;02/01/2040;16561.79;08/07/2025
DI1Q25;01/08/2025;99067.12;09/07/2025
DI1U25;01/09/2025;97924.68;09/07/2025
DI1V25;01/10/2025;96741.32;09/07/2025
DI1X25;03/11/2025;95520.23;09/07/2025
DI1Z25;01/12/2025;94523.96;09/07/2025
DI1F26;02/01/2026;93386.75;09/07/2025
DI1G26;02/02/2026;92314.58;09/07/2025
DI1H26;02/03/2026;91412.99;09/07/2025
DI1J26;01/04/2026;90332.15;09/07/2025
DI1K26;04/05/2026;89369.33;09/07/2025
DI1M26;01/06/2026;88435.31;09/07/2025
DI1N26;01/07/2026;87478.05;09/07/2025
DI1Q26;03/08/2026;86459.08;09/07/2025
DI1V26;01/10/2026;84667.52;09/07/2025
DI1F27;04/01/2027;82198.63;09/07/2025
DI1J27;01/04/2027;79909.1;09/07/2025
DI1N27;01/07/2027;77632.98;09/07/2025
DI1V27;01/10/2027;75341.15;09/07/2025
DI1F28;03/01/2028;73217.68;09/07/2025
DI1J28;03/04/2028;71084.08;09/07/2025
DI1N28;03/07/2028;69016.39;09/07/2025
DI1V28;02/10/2028;66855.27;09/07/2025
DI1F29;02/01/2029;64909.39;09/07/2025
DI1J29;02/04/2029;62968.14;09/07/2025
DI1N29;02/07/2029;60970.17;09/07/2025
DI1V29;01/10/2029;59029.34;09/07/2025
DI1F30;02/01/2030;57227.38;09/07/2025
DI1J30;01/04/2030;55476.4;09/07/2025
DI1N30;01/07/2030;53750.6;09/07/2025
DI1V30;01/10/2030;51951.86;09/07/2025
DI1F31;02/01/2031;50288.08;09/07/2025
DI1F32;02/01/2032;44161.44;09/07/2025
DI1F33;03/01/2033;38886.44;09/07/2025
DI1F34;02/01/2034;34313.2;09/07/2025
DI1F35;02/01/2035;30258.98;09/07/2025
DI1F36;02/01/2036;26757.49;09/07/2025
DI1F37;02/01/2037;23614.56;09/07/2025
DI1F38;04/01/2038;20963.61;09/07/2025
DI1F39;03/01/2039;18608.96;09/07/2025
DI1F40;02/01/2040;16481.78;09/07/2025
DI1Q25;01/08/2025;99121.8;10/07/2025
DI1U25;01/09/2025;97978.24;10/07/2025
DI1V25;01/10/2025;96794.95;10/07/2025
DI1X25;03/11/2025;95571.63;10/07/2025
DI1Z25;01/12/2025;94572.21;10/07/2025
DI1F26;02/01/2026;93431.15;10/07/2025
DI1G26;02/02/2026;92353.57;10/07/2025
DI1H26;02/03/2026;91441.36;10/07/2025
DI1J26;01/04/2026;90349.64;10/07/2025
DI1K26;04/05/2026;89373.61;10/07/2025
DI1M26;01/06/2026;88428.84;10/07/2025
DI1N26;01/07/2026;87455.95;10/07/2025
DI1Q26;03/08/2026;86417.65;10/07/2025
DI1V26;01/10/2026;84602.79;10/07/2025
DI1F27;04/01/2027;82092.12;10/07/2025
DI1J27;01/04/2027;79762.0;10/07/2025
DI1N27;01/07/2027;77453.08;10/07/2025
DI1V27;01/10/2027;75134.9;10/07/2025
DI1F28;03/01/2028;72991.46;10/07/2025
DI1J28;03/04/2028;70840.01;10/07/2025
DI1N28;03/07/2028;68758.79;10/07/2025
DI1V28;02/10/2028;66591.04;10/07/2025
DI1F29;02/01/2029;64623.62;10/07/2025
DI1J29;02/04/2029;62669.4;10/07/2025
DI1N29;02/07/2029;60657.41;10/07/2025
DI1V29;01/10/2029;58714.01;10/07/2025
DI1F30;02/01/2030;56871.39;10/07/2025
DI1J30;01/04/2030;55120.26;10/07/2025
DI1N30;01/07/2030;53369.95;10/07/2025
DI1V30;01/10/2030;51577.41;10/07/2025
DI1F31;02/01/2031;49907.15;10/07/2025
DI1F32;02/01/2032;43791.86;10/07/2025
DI1F33;03/01/2033;38525.43;10/07/2025
DI1F34;02/01/2034;33982.69;10/07/2025
DI1F35;02/01/2035;29941.95;10/07/2025
DI1F36;02/01/2036;26446.43;10/07/2025
DI1F37;02/01/2037;23312.53;10/07/2025
DI1F38;04/01/2038;20671.37;10/07/2025
DI1F39;03/01/2039;18327.97;10/07/2025
DI1F40;02/01/2040;16213.88;10/07/2025
DI1Q25;01/08/2025;99176.36;11/07/2025
DI1U25;01/09/2025;98032.7;11/07/2025
DI1V25;01/10/2025;96848.6;11/07/2025
DI1X25;03/11/2025;95624.44;11/07/2025
DI1Z25;01/12/2025;94624.8;11/07/2025
DI1F26;02/01/2026;93481.2;11/07/2025
DI1G26;02/02/2026;92400.95;11/07/2025
DI1H26;02/03/2026;91486.79;11/07/2025
DI1J26;01/04/2026;90392.06;11/07/2025
DI1K26;04/05/2026;89414.69;11/07/2025
DI1M26;01/06/2026;88463.08;11/07/2025
DI1N26;01/07/2026;87485.36;11/07/2025
DI1Q26;03/08/2026;86443.97;11/07/2025
DI1V26;01/10/2026;84621.26;11/07/2025
DI1F27;04/01/2027;82107.13;11/07/2025
DI1J27;01/04/2027;79778.65;11/07/2025
DI1N27;01/07/2027;77470.39;11/07/2025
DI1V27;01/10/2027;75141.02;11/07/2025
DI1F28;03/01/2028;72991.87;11/07/2025
DI1J28;03/04/2028;70846.77;11/07/2025
DI1N28;03/07/2028;68771.74;11/07/2025
DI1V28;02/10/2028;66603.68;11/07/2025
DI1F29;02/01/2029;64648.15;11/07/2025
DI1J29;02/04/2029;62692.66;11/07/2025
DI1N29;02/07/2029;60702.66;11/07/2025
DI1V29;01/10/2029;58756.58;11/07/2025
DI1F30;02/01/2030;56937.9;11/07/2025
DI1J30;01/04/2030;55182.19;11/07/2025
DI1N30;01/07/2030;53480.41;11/07/2025
DI1V30;01/10/2030;51648.32;11/07/2025
DI1F31;02/01/2031;49987.46;11/07/2025
DI1F32;02/01/2032;43871.27;11/07/2025
DI1F33;03/01/2033;38605.63;11/07/2025
DI1F34;02/01/2034;34065.64;11/07/2025
DI1F35;02/01/2035;30054.17;11/07/2025
DI1F36;02/01/2036;26554.55;11/07/2025
DI1F37;02/01/2037;23415.91;11/07/2025
DI1F38;04/01/2038;20770.09;11/07/2025
DI1F39;03/01/2039;18421.8;11/07/2025
DI1F40;02/01/2040;16302.48;11/07/2025
DI1Q25;01/08/2025;99231.06;14/07/2025
DI1U25;01/09/2025;98087.42;14/07/2025
DI1V25;01/10/2025;96902.65;14/07/2025
DI1X25;03/11/2025;95677.8;14/07/2025
DI1Z25;01/12/2025;94677.75;14/07/2025
DI1F26;02/01/2026;93532.47;14/07/2025
DI1G26;02/02/2026;92452.48;14/07/2025
DI1H26;02/03/2026;91537.87;14/07/2025
DI1J26;01/04/2026;90443.68;14/07/2025
DI1K26;04/05/2026;89467.73;14/07/2025
DI1M26;01/06/2026;88517.84;14/07/2025
DI1N26;01/07/2026;87542.87;14/07/2025
DI1Q26;03/08/2026;86506.27;14/07/2025
DI1V26;01/10/2026;84687.78;14/07/2025
DI1F27;04/01/2027;82175.04;14/07/2025
DI1J27;01/04/2027;79849.13;14/07/2025
DI1N27;01/07/2027;77533.07;14/07/2025
DI1V27;01/10/2027;75204.34;14/07/2025
DI1F28;03/01/2028;73036.74;14/07/2025
DI1J28;03/04/2028;70877.34;14/07/2025
DI1N28;03/07/2028;68786.55;14/07/2025
DI1V28;02/10/2028;66606.95;14/07/2025
DI1F29;02/01/2029;64627.53;14/07/2025
DI1J29;02/04/2029;62658.88;14/07/2025
DI1N29;02/07/2029;60648.88;14/07/2025
DI1V29;01/10/2029;58690.63;14/07/2025
DI1F30;02/01/2030;56848.72;14/07/2025
DI1J30;01/04/2030;55082.78;14/07/2025
DI1N30;01/07/2030;53335.96;14/07/2025
DI1V30;01/10/2030;51526.01;14/07/2025
DI1F31;02/01/2031;49833.61;14/07/2025
DI1F32;02/01/2032;43702.61;14/07/2025
DI1F33;03/01/2033;38360.88;14/07/2025
DI1F34;02/01/2034;33793.37;14/07/2025
DI1F35;02/01/2035;29759.64;14/07/2025
DI1F36;02/01/2036;26265.67;14/07/2025
DI1F37;02/01/2037;23135.54;14/07/2025
DI1F38;04/01/2038;20498.93;14/07/2025
DI1F39;03/01/2039;18161.23;14/07/2025
DI1F40;02/01/2040;16054.18;14/07/2025
DI1Q25;01/08/2025;99285.88;15/07/2025
DI1U25;01/09/2025;98141.55;15/07/2025
DI1V25;01/10/2025;96956.53;15/07/2025
DI1X25;03/11/2025;95730.66;15/07/2025
DI1Z25;01/12/2025;94730.71;15/07/2025
DI1F26;02/01/2026;93584.95;15/07/2025
DI1G26;02/02/2026;92507.64;15/07/2025
DI1H26;02/03/2026;91591.48;15/07/2025
DI1J26;01/04/2026;90497.0;15/07/2025
DI1K26;04/05/2026;89515.17;15/07/2025
DI1M26;01/06/2026;88558.37;15/07/2025
DI1N26;01/07/2026;87576.89;15/07/2025
DI1Q26;03/08/2026;86533.59;15/07/2025
DI1V26;01/10/2026;84701.07;15/07/2025
DI1F27;04/01/2027;82166.02;15/07/2025
DI1J27;01/04/2027;79813.5;15/07/2025
DI1N27;01/07/2027;77454.89;15/07/2025
DI1V27;01/10/2027;75079.23;15/07/2025
DI1F28;03/01/2028;72876.25;15/07/2025
DI1J28;03/04/2028;70693.39;15/07/2025
DI1N28;03/07/2028;68578.2;15/07/2025
DI1V28;02/10/2028;66371.9;15/07/2025
DI1F29;02/01/2029;64391.88;15/07/2025
DI1J29;02/04/2029;62396.02;15/07/2025
DI1N29;02/07/2029;60383.68;15/07/2025
DI1V29;01/10/2029;58402.73;15/07/2025
DI1F30;02/01/2030;56547.88;15/07/2025
DI1J30;01/04/2030;54773.98;15/07/2025
DI1N30;01/07/2030;53024.54;15/07/2025
DI1V30;01/10/2030;51210.26;15/07/2025
DI1F31;02/01/2031;49517.21;15/07/2025
DI1F32;02/01/2032;43380.25;15/07/2025
DI1F33;03/01/2033;38033.7;15/07/2025
DI1F34;02/01/2034;33456.9;15/07/2025
DI1F35;02/01/2035;29412.61;15/07/2025
DI1F36;02/01/2036;25925.95;15/07/2025
DI1F37;02/01/2037;22806.43;15/07/2025
DI1F38;04/01/2038;20181.17;15/07/2025
DI1F39;03/01/2039;17856.37;15/07/2025
DI1F40;02/01/2040;15764.14;15/07/2025
DI1Q25;01/08/2025;99340.59;16/07/2025
DI1U25;01/09/2025;98195.83;16/07/2025
DI1V25;01/10/2025;97009.51;16/07/2025
DI1X25;03/11/2025;95783.29;16/07/2025
DI1Z25;01/12/2025;94781.46;16/07/2025
DI1F26;02/01/2026;93634.36;16/07/2025
DI1G26;02/02/2026;92551.59;16/07/2025
DI1H26;02/03/2026;91639.59;16/07/2025
DI1J26;01/04/2026;90541.87;16/07/2025
DI1K26;04/05/2026;89562.04;16/07/2025
DI1M26;01/06/2026;88601.01;16/07/2025
DI1N26;01/07/2026;87621.26;16/07/2025
DI1Q26;03/08/2026;86574.51;16/07/2025
DI1V26;01/10/2026;84743.3;16/07/2025
DI1F27;04/01/2027;82194.02;16/07/2025
DI1J27;01/04/2027;79829.33;16/07/2025
DI1N27;01/07/2027;77464.66;16/07/2025
DI1V27;01/10/2027;75074.22;16/07/2025
DI1F28;03/01/2028;72856.79;16/07/2025
DI1J28;03/04/2028;70643.47;16/07/2025
DI1N28;03/07/2028;68504.49;16/07/2025
DI1V28;02/10/2028;66291.56;16/07/2025
DI1F29;02/01/2029;64286.24;16/07/2025
DI1J29;02/04/2029;62288.33;16/07/2025
DI1N29;02/07/2029;60259.97;16/07/2025
DI1V29;01/10/2029;58277.82;16/07/2025
DI1F30;02/01/2030;56420.59;16/07/2025
DI1J30;01/04/2030;54631.28;16/07/2025
DI1N30;01/07/2030;52873.2;16/07/2025
DI1V30;01/10/2030;51052.68;16/07/2025
DI1F31;02/01/2031;49351.67;16/07/2025
DI1F32;02/01/2032;43168.09;16/07/2025
DI1F33;03/01/2033;37825.76;16/07/2025
DI1F34;02/01/2034;33232.44;16/07/2025
DI1F35;02/01/2035;29219.52;16/07/2025
DI1F36;02/01/2036;25736.48;16/07/2025
DI1F37;02/01/2037;22627.08;16/07/2025
DI1F38;04/01/2038;20007.76;16/07/2025
DI1F39;03/01/2039;17689.8;16/07/2025
DI1F40;02/01/2040;15605.56;16/07/2025
DI1Q25;01/08/2025;99395.41;17/07/2025
DI1U25;01/09/2025;98250.02;17/07/2025
DI1V25;01/10/2025;97062.71;17/07/2025
DI1X25;03/11/2025;95835.95;17/07/2025
DI1Z25;01/12/2025;94833.84;17/07/2025
DI1F26;02/01/2026;93686.89;17/07/2025
DI1G26;02/02/2026;92605.89;17/07/2025
DI1H26;02/03/2026;91691.74;17/07/2025
DI1J26;01/04/2026;90596.9;17/07/2025
DI1K26;04/05/2026;89616.96;17/07/2025
DI1M26;01/06/2026;88661.84;17/07/2025
DI1N26;01/07/2026;87683.14;17/07/2025
DI1Q26;03/08/2026;86635.98;17/07/2025
DI1V26;01/10/2026;84808.86;17/07/2025
DI1F27;04/01/2027;82269.26;17/07/2025
DI1J27;01/04/2027;79916.42;17/07/2025
DI1N27;01/07/2027;77572.42;17/07/2025
DI1V27;01/10/2027;75203.09;17/07/2025
DI1F28;03/01/2028;73005.76;17/07/2025
DI1J28;03/04/2028;70817.41;17/07/2025
DI1N28;03/07/2028;68715.41;17/07/2025
DI1V28;02/10/2028;66508.51;17/07/2025
DI1F29;02/01/2029;64529.4;17/07/2025
DI1J29;02/04/2029;62540.35;17/07/2025
DI1N29;02/07/2029;60522.48;17/07/2025
DI1V29;01/10/2029;58537.58;17/07/2025
DI1F30;02/01/2030;56689.39;17/07/2025
DI1J30;01/04/2030;54908.79;17/07/2025
DI1N30;01/07/2030;53154.53;17/07/2025
DI1V30;01/10/2030;51335.1;17/07/2025
DI1F31;02/01/2031;49641.38;17/07/2025
DI1F32;02/01/2032;43471.55;17/07/2025
DI1F33;03/01/2033;38154.99;17/07/2025
DI1F34;02/01/2034;33575.74;17/07/2025
DI1F35;02/01/2035;29545.29;17/07/2025
DI1F36;02/01/2036;26052.37;17/07/2025
DI1F37;02/01/2037;22930.71;17/07/2025
DI1F38;04/01/2038;20298.87;17/07/2025
DI1F39;03/01/2039;17967.4;17/07/2025
DI1F40;02/01/2040;15868.27;17/07/2025
DI1Q25;01/08/2025;99450.19;18/07/2025
DI1U25;01/09/2025;98303.5;18/07/2025
DI1V25;01/10/2025;97115.42;18/07/2025
DI1X25;03/11/2025;95886.39;18/07/2025
DI1Z25;01/12/2025;94882.21;18/07/2025
DI1F26;02/01/2026;93733.76;18/07/2025
DI1G26;02/02/2026;92649.58;18/07/2025
DI1H26;02/03/2026;91736.48;18/07/2025
DI1J26;01/04/2026;90638.54;18/07/2025
DI1K26;04/05/2026;89654.08;18/07/2025
DI1M26;01/06/2026;88693.87;18/07/2025
DI1N26;01/07/2026;87708.71;18/07/2025
DI1Q26;03/08/2026;86658.12;18/07/2025
DI1V26;01/10/2026;84825.22;18/07/2025
DI1F27;04/01/2027;82273.31;18/07/2025
DI1J27;01/04/2027;79908.68;18/07/2025
DI1N27;01/07/2027;77557.15;18/07/2025
DI1V27;01/10/2027;75177.81;18/07/2025
DI1F28;03/01/2028;72972.2;18/07/2025
DI1J28;03/04/2028;70781.0;18/07/2025
DI1N28;03/07/2028;68663.03;18/07/2025
DI1V28;02/10/2028;66456.17;18/07/2025
DI1F29;02/01/2029;64474.33;18/07/2025
DI1J29;02/04/2029;62479.01;18/07/2025
DI1N29;02/07/2029;60448.73;18/07/2025
DI1V29;01/10/2029;58466.24;18/07/2025
DI1F30;02/01/2030;56612.51;18/07/2025
DI1J30;01/04/2030;54837.78;18/07/2025
DI1N30;01/07/2030;53062.47;18/07/2025
DI1V30;01/10/2030;51251.77;18/07/2025
DI1F31;02/01/2031;49569.92;18/07/2025
DI1F32;02/01/2032;43386.15;18/07/2025
DI1F33;03/01/2033;38075.27;18/07/2025
DI1F34;02/01/2034;33508.68;18/07/2025
DI1F35;02/01/2035;29480.06;18/07/2025
DI1F36;02/01/2036;25994.49;18/07/2025
DI1F37;02/01/2037;22873.67;18/07/2025
DI1F38;04/01/2038;20243.04;18/07/2025
DI1F39;03/01/2039;17913.21;18/07/2025
DI1F40;02/01/2040;15816.23;18/07/2025
DI1Q25;01/08/2025;99505.03;21/07/2025
DI1U25;01/09/2025;98357.67;21/07/2025
DI1V25;01/10/2025;97168.37;21/07/2025
DI1X25;03/11/2025;95938.65;21/07/2025
DI1Z25;01/12/2025;94934.7;21/07/2025
DI1F26;02/01/2026;93786.37;21/07/2025
DI1G26;02/02/2026;92705.23;21/07/2025
DI1H26;02/03/2026;91791.63;21/07/2025
DI1J26;01/04/2026;90696.37;21/07/2025
DI1K26;04/05/2026;89716.36;21/07/2025
DI1M26;01/06/2026;88760.0;21/07/2025
DI1N26;01/07/2026;87781.4;21/07/2025
DI1Q26;03/08/2026;86735.24;21/07/2025
DI1V26;01/10/2026;84916.58;21/07/2025
DI1F27;04/01/2027;82387.07;21/07/2025
DI1J27;01/04/2027;80041.77;21/07/2025
DI1N27;01/07/2027;77703.04;21/07/2025
DI1V27;01/10/2027;75344.26;21/07/2025
DI1F28;03/01/2028;73146.17;21/07/2025
DI1J28;03/04/2028;70944.72;21/07/2025
DI1N28;03/07/2028;68818.74;21/07/2025
DI1V28;02/10/2028;66618.88;21/07/2025
DI1F29;02/01/2029;64633.72;21/07/2025
DI1J29;02/04/2029;62630.01;21/07/2025
DI1N29;02/07/2029;60617.36;21/07/2025
DI1V29;01/10/2029;58603.55;21/07/2025
DI1F30;02/01/2030;56740.52;21/07/2025
DI1J30;01/04/2030;54955.8;21/07/2025
DI1N30;01/07/2030;53197.36;21/07/2025
DI1V30;01/10/2030;51368.96;21/07/2025
DI1F31;02/01/2031;49668.62;21/07/2025
DI1F32;02/01/2032;43457.49;21/07/2025
DI1F33;03/01/2033;38137.13;21/07/2025
DI1F34;02/01/2034;33553.22;21/07/2025
DI1F35;02/01/2035;29536.67;21/07/2025
DI1F36;02/01/2036;26048.23;21/07/2025
DI1F37;02/01/2037;22951.94;21/07/2025
DI1F38;04/01/2038;20317.41;21/07/2025
DI1F39;03/01/2039;17983.59;21/07/2025
DI1F40;02/01/2040;15882.4;21/07/2025
DI1Q25;01/08/2025;99559.85;22/07/2025
DI1U25;01/09/2025;98412.08;22/07/2025
DI1V25;01/10/2025;97222.92;22/07/2025
DI1X25;03/11/2025;95991.71;22/07/2025
DI1Z25;01/12/2025;94988.12;22/07/2025
DI1F26;02/01/2026;93840.11;22/07/2025
DI1G26;02/02/2026;92760.86;22/07/2025
DI1H26;02/03/2026;91847.74;22/07/2025
DI1J26;01/04/2026;90754.14;22/07/2025
DI1K26;04/05/2026;89778.56;22/07/2025
DI1M26;01/06/2026;88825.35;22/07/2025
DI1N26;01/07/2026;87853.23;22/07/2025
DI1Q26;03/08/2026;86813.0;22/07/2025
DI1V26;01/10/2026;84999.76;22/07/2025
DI1F27;04/01/2027;82489.18;22/07/2025
DI1J27;01/04/2027;80164.07;22/07/2025
DI1N27;01/07/2027;77842.23;22/07/2025
DI1Q27;02/08/2027;77034.69;22/07/2025
DI1V27;01/10/2027;75490.36;22/07/2025
DI1F28;03/01/2028;73306.04;22/07/2025
DI1J28;03/04/2028;71123.7;22/07/2025
DI1N28;03/07/2028;69010.19;22/07/2025
DI1V28;02/10/2028;66819.25;22/07/2025
DI1F29;02/01/2029;64826.52;22/07/2025
DI1J29;02/04/2029;62829.87;22/07/2025
DI1N29;02/07/2029;60805.13;22/07/2025
DI1V29;01/10/2029;58810.08;22/07/2025
DI1F30;02/01/2030;56952.66;22/07/2025
DI1J30;01/04/2030;55161.99;22/07/2025
DI1N30;01/07/2030;53406.08;22/07/2025
DI1V30;01/10/2030;51563.51;22/07/2025
DI1F31;02/01/2031;49876.5;22/07/2025
DI1F32;02/01/2032;43683.68;22/07/2025
DI1F33;03/01/2033;38356.09;22/07/2025
DI1F34;02/01/2034;33789.47;22/07/2025
DI1F35;02/01/2035;29718.18;22/07/2025
DI1F36;02/01/2036;26233.37;22/07/2025
DI1F37;02/01/2037;23152.95;22/07/2025
DI1F38;04/01/2038;20492.15;22/07/2025
DI1F39;03/01/2039;18150.05;22/07/2025
DI1F40;02/01/2040;16039.83;22/07/2025
DI1Q25;01/08/2025;99614.81;23/07/2025
DI1U25;01/09/2025;98466.41;23/07/2025
DI1V25;01/10/2025;97276.46;23/07/2025
DI1X25;03/11/2025;96044.79;23/07/2025
DI1Z25;01/12/2025;95041.26;23/07/2025
DI1F26;02/01/2026;93894.59;23/07/2025
DI1G26;02/02/2026;92814.29;23/07/2025
DI1H26;02/03/2026;91905.75;23/07/2025
DI1J26;01/04/2026;90812.96;23/07/2025
DI1K26;04/05/2026;89835.22;23/07/2025
DI1M26;01/06/2026;88884.66;23/07/2025
DI1N26;01/07/2026;87912.73;23/07/2025
DI1Q26;03/08/2026;86875.02;23/07/2025
DI1U26;01/09/2026;85959.53;23/07/2025
DI1V26;01/10/2026;85071.24;23/07/2025
DI1F27;04/01/2027;82570.29;23/07/2025
DI1J27;01/04/2027;80248.4;23/07/2025
DI1N27;01/07/2027;77924.52;23/07/2025
DI1Q27;02/08/2027;77117.9;23/07/2025
DI1V27;01/10/2027;75566.6;23/07/2025
DI1F28;03/01/2028;73385.57;23/07/2025
DI1J28;03/04/2028;71198.21;23/07/2025
DI1N28;03/07/2028;69078.7;23/07/2025
DI1V28;02/10/2028;66884.68;23/07/2025
DI1F29;02/01/2029;64898.2;23/07/2025
DI1J29;02/04/2029;62898.0;23/07/2025
DI1N29;02/07/2029;60856.76;23/07/2025
DI1V29;01/10/2029;58865.71;23/07/2025
DI1F30;02/01/2030;56996.98;23/07/2025
DI1J30;01/04/2030;55205.78;23/07/2025
DI1N30;01/07/2030;53442.42;23/07/2025
DI1V30;01/10/2030;51587.43;23/07/2025
DI1F31;02/01/2031;49885.33;23/07/2025
DI1F32;02/01/2032;43661.79;23/07/2025
DI1F33;03/01/2033;38313.37;23/07/2025
DI1F34;02/01/2034;33702.07;23/07/2025
DI1F35;02/01/2035;29637.91;23/07/2025
DI1F36;02/01/2036;26163.14;23/07/2025
DI1F37;02/01/2037;23093.0;23/07/2025
DI1F38;04/01/2038;20433.53;23/07/2025
DI1F39;03/01/2039;18093.16;23/07/2025
DI1F40;02/01/2040;15985.18;23/07/2025
DI1Q25;01/08/2025;99669.67;24/07/2025
DI1U25;01/09/2025;98520.78;24/07/2025
DI1V25;01/10/2025;97330.36;24/07/2025
DI1X25;03/11/2025;96099.09;24/07/2025
DI1Z25;01/12/2025;95093.81;24/07/2025
DI1F26;02/01/2026;93947.59;24/07/2025
DI1G26;02/02/2026;92867.29;24/07/2025
DI1H26;02/03/2026;91957.44;24/07/2025
DI1J26;01/04/2026;90860.8;24/07/2025
DI1K26;04/05/2026;89881.61;24/07/2025
DI1M26;01/06/2026;88930.1;24/07/2025
DI1N26;01/07/2026;87955.01;24/07/2025
DI1Q26;03/08/2026;86916.79;24/07/2025
DI1U26;01/09/2026;86001.01;24/07/2025
DI1V26;01/10/2026;85108.1;24/07/2025
DI1F27;04/01/2027;82600.36;24/07/2025
DI1J27;01/04/2027;80267.75;24/07/2025
DI1N27;01/07/2027;77928.93;24/07/2025
DI1Q27;02/08/2027;77119.16;24/07/2025
DI1V27;01/10/2027;75557.15;24/07/2025
DI1F28;03/01/2028;73364.39;24/07/2025
DI1J28;03/04/2028;71166.63;24/07/2025
DI1N28;03/07/2028;69045.69;24/07/2025
DI1V28;02/10/2028;66835.82;24/07/2025
DI1F29;02/01/2029;64838.96;24/07/2025
DI1J29;02/04/2029;62832.32;24/07/2025
DI1N29;02/07/2029;60774.36;24/07/2025
DI1V29;01/10/2029;58778.99;24/07/2025
DI1F30;02/01/2030;56904.38;24/07/2025
DI1J30;01/04/2030;55100.7;24/07/2025
DI1N30;01/07/2030;53331.66;24/07/2025
DI1V30;01/10/2030;51464.19;24/07/2025
DI1F31;02/01/2031;49756.89;24/07/2025
DI1F32;02/01/2032;43497.82;24/07/2025
DI1F33;03/01/2033;38131.67;24/07/2025
DI1F34;02/01/2034;33501.15;24/07/2025
DI1F35;02/01/2035;29438.86;24/07/2025
DI1F36;02/01/2036;25950.94;24/07/2025
DI1F37;02/01/2037;22886.39;24/07/2025
DI1F38;04/01/2038;20233.9;24/07/2025
DI1F39;03/01/2039;17901.37;24/07/2025
DI1F40;02/01/2040;15800.52;24/07/2025
DI1Q25;01/08/2025;99724.65;25/07/2025
DI1U25;01/09/2025;98575.44;25/07/2025
DI1V25;01/10/2025;97384.93;25/07/2025
DI1X25;03/11/2025;96153.39;25/07/2025
DI1Z25;01/12/2025;95149.35;25/07/2025
DI1F26;02/01/2026;94003.15;25/07/2025
DI1G26;02/02/2026;92924.13;25/07/2025
DI1H26;02/03/2026;92013.45;25/07/2025
DI1J26;01/04/2026;90919.55;25/07/2025
DI1K26;04/05/2026;89940.04;25/07/2025
DI1M26;01/06/2026;88990.0;25/07/2025
DI1N26;01/07/2026;88014.46;25/07/2025
DI1Q26;03/08/2026;86973.33;25/07/2025
DI1U26;01/09/2026;86054.96;25/07/2025
DI1V26;01/10/2026;85163.56;25/07/2025
DI1F27;04/01/2027;82645.02;25/07/2025
DI1J27;01/04/2027;80306.04;25/07/2025
DI1N27;01/07/2027;77957.18;25/07/2025
DI1Q27;02/08/2027;77139.63;25/07/2025
DI1V27;01/10/2027;75576.84;25/07/2025
DI1F28;03/01/2028;73377.93;25/07/2025
DI1J28;03/04/2028;71175.58;25/07/2025
DI1N28;03/07/2028;69039.53;25/07/2025
DI1V28;02/10/2028;66832.06;25/07/2025
DI1F29;02/01/2029;64832.6;25/07/2025
DI1J29;02/04/2029;62819.5;25/07/2025
DI1N29;02/07/2029;60765.39;25/07/2025
DI1V29;01/10/2029;58761.44;25/07/2025
DI1F30;02/01/2030;56884.82;25/07/2025
DI1J30;01/04/2030;55083.75;25/07/2025
DI1N30;01/07/2030;53317.59;25/07/2025
DI1V30;01/10/2030;51455.55;25/07/2025
DI1F31;02/01/2031;49756.41;25/07/2025
DI1F32;02/01/2032;43498.25;25/07/2025
DI1F33;03/01/2033;38116.7;25/07/2025
DI1F34;02/01/2034;33506.11;25/07/2025
DI1F35;02/01/2035;29444.39;25/07/2025
DI1F36;02/01/2036;25952.52;25/07/2025
DI1F37;02/01/2037;22891.31;25/07/2025
DI1F38;04/01/2038;20237.68;25/07/2025
DI1F39;03/01/2039;17904.21;25/07/2025
DI1F40;02/01/2040;15802.59;25/07/2025
DI1Q25;01/08/2025;99779.67;28/07/2025
DI1U25;01/09/2025;98629.85;28/07/2025
DI1V25;01/10/2025;97438.55;28/07/2025
DI1X25;03/11/2025;96207.23;28/07/2025
DI1Z25;01/12/2025;95202.81;28/07/2025
DI1F26;02/01/2026;94055.79;28/07/2025
DI1G26;02/02/2026;92975.42;28/07/2025
DI1H26;02/03/2026;92062.76;28/07/2025
DI1J26;01/04/2026;90969.06;28/07/2025
DI1K26;04/05/2026;89989.46;28/07/2025
DI1M26;01/06/2026;89039.4;28/07/2025
DI1N26;01/07/2026;88064.62;28/07/2025
DI1Q26;03/08/2026;87025.2;28/07/2025
DI1U26;01/09/2026;86107.25;28/07/2025
DI1V26;01/10/2026;85217.24;28/07/2025
DI1F27;04/01/2027;82704.19;28/07/2025
DI1J27;01/04/2027;80366.68;28/07/2025
DI1N27;01/07/2027;78024.88;28/07/2025
DI1Q27;02/08/2027;77209.12;28/07/2025
DI1V27;01/10/2027;75642.88;28/07/2025
DI1F28;03/01/2028;73441.7;28/07/2025
DI1J28;03/04/2028;71238.29;28/07/2025
DI1N28;03/07/2028;69102.69;28/07/2025
DI1V28;02/10/2028;66893.76;28/07/2025
DI1F29;02/01/2029;64878.92;28/07/2025
DI1J29;02/04/2029;62873.45;28/07/2025
DI1N29;02/07/2029;60817.04;28/07/2025
DI1V29;01/10/2029;58814.91;28/07/2025
DI1F30;02/01/2030;56946.79;28/07/2025
DI1J30;01/04/2030;55138.82;28/07/2025
DI1N30;01/07/2030;53367.73;28/07/2025
DI1V30;01/10/2030;51509.86;28/07/2025
DI1F31;02/01/2031;49807.92;28/07/2025
DI1F32;02/01/2032;43535.37;28/07/2025
DI1F33;03/01/2033;38178.54;28/07/2025
DI1F34;02/01/2034;33533.31;28/07/2025
DI1F35;02/01/2035;29466.9;28/07/2025
DI1F36;02/01/2036;25991.93;28/07/2025
DI1F37;02/01/2037;22928.26;28/07/2025
DI1F38;04/01/2038;20272.27;28/07/2025
DI1F39;03/01/2039;17936.51;28/07/2025
DI1F40;02/01/2040;15832.62;28/07/2025
DI1Q25;01/08/2025;99834.65;29/07/2025
DI1U25;01/09/2025;98684.7;29/07/2025
DI1V25;01/10/2025;97493.6;29/07/2025
DI1X25;03/11/2025;96261.99;29/07/2025
DI1Z25;01/12/2025;95258.6;29/07/2025
DI1F26;02/01/2026;94112.73;29/07/2025
DI1G26;02/02/2026;93033.89;29/07/2025
DI1H26;02/03/2026;92123.96;29/07/2025
DI1J26;01/04/2026;91031.5;29/07/2025
DI1K26;04/05/2026;90057.93;29/07/2025
DI1M26;01/06/2026;89112.87;29/07/2025
DI1N26;01/07/2026;88142.38;29/07/2025
DI1Q26;03/08/2026;87107.81;29/07/2025
DI1U26;01/09/2026;86196.6;29/07/2025
DI1V26;01/10/2026;85311.3;29/07/2025
DI1Z26;01/12/2026;83680.39;29/07/2025
DI1F27;04/01/2027;82815.99;29/07/2025
DI1J27;01/04/2027;80498.89;29/07/2025
DI1N27;01/07/2027;78173.97;29/07/2025
DI1Q27;02/08/2027;77375.12;29/07/2025
DI1V27;01/10/2027;75830.45;29/07/2025
DI1F28;03/01/2028;73667.08;29/07/2025
DI1J28;03/04/2028;71490.9;29/07/2025
DI1N28;03/07/2028;69388.2;29/07/2025
DI1V28;02/10/2028;67204.49;29/07/2025
DI1F29;02/01/2029;65233.83;29/07/2025
DI1J29;02/04/2029;63239.64;29/07/2025
DI1N29;02/07/2029;61206.07;29/07/2025
DI1V29;01/10/2029;59213.74;29/07/2025
DI1F30;02/01/2030;57356.04;29/07/2025
DI1J30;01/04/2030;55559.92;29/07/2025
DI1N30;01/07/2030;53800.16;29/07/2025
DI1V30;01/10/2030;51945.88;29/07/2025
DI1F31;02/01/2031;50248.81;29/07/2025
DI1F32;02/01/2032;43998.07;29/07/2025
DI1F33;03/01/2033;38619.88;29/07/2025
DI1F34;02/01/2034;33976.17;29/07/2025
DI1F35;02/01/2035;29880.49;29/07/2025
DI1F36;02/01/2036;26367.72;29/07/2025
DI1F37;02/01/2037;23291.08;29/07/2025
DI1F38;04/01/2038;20620.36;29/07/2025
DI1F39;03/01/2039;18268.92;29/07/2025
DI1F40;02/01/2040;16147.6;29/07/2025
DI1Q25;01/08/2025;99889.76;30/07/2025
DI1U25;01/09/2025;98739.63;30/07/2025
DI1V25;01/10/2025;97547.56;30/07/2025
DI1X25;03/11/2025;96316.28;30/07/2025
DI1Z25;01/12/2025;95311.48;30/07/2025
DI1F26;02/01/2026;94163.95;30/07/2025
DI1G26;02/02/2026;93083.52;30/07/2025
DI1H26;02/03/2026;92169.04;30/07/2025
DI1J26;01/04/2026;91071.91;30/07/2025
DI1K26;04/05/2026;90091.94;30/07/2025
DI1M26;01/06/2026;89138.91;30/07/2025
DI1N26;01/07/2026;88160.04;30/07/2025
DI1Q26;03/08/2026;87116.67;30/07/2025
DI1U26;01/09/2026;86195.37;30/07/2025
DI1V26;01/10/2026;85300.03;30/07/2025
DI1Z26;01/12/2026;83656.3;30/07/2025
DI1F27;04/01/2027;82781.19;30/07/2025
DI1J27;01/04/2027;80451.54;30/07/2025
DI1N27;01/07/2027;78120.81;30/07/2025
DI1Q27;02/08/2027;77319.45;30/07/2025
DI1V27;01/10/2027;75771.95;30/07/2025
DI1F28;03/01/2028;73603.62;30/07/2025
DI1J28;03/04/2028;71429.08;30/07/2025
DI1N28;03/07/2028;69323.11;30/07/2025
DI1V28;02/10/2028;67136.78;30/07/2025
DI1F29;02/01/2029;65164.61;30/07/2025
DI1J29;02/04/2029;63173.7;30/07/2025
DI1N29;02/07/2029;61138.0;30/07/2025
DI1V29;01/10/2029;59152.55;30/07/2025
DI1F30;02/01/2030;57280.66;30/07/2025
DI1J30;01/04/2030;55497.27;30/07/2025
DI1N30;01/07/2030;53741.82;30/07/2025
DI1V30;01/10/2030;51896.96;30/07/2025
DI1F31;02/01/2031;50200.4;30/07/2025
DI1F32;02/01/2032;43953.78;30/07/2025
DI1F33;03/01/2033;38539.34;30/07/2025
DI1F34;02/01/2034;33895.94;30/07/2025
DI1F35;02/01/2035;29814.64;30/07/2025
DI1F36;02/01/2036;26314.01;30/07/2025
DI1F37;02/01/2037;23237.82;30/07/2025
DI1F38;04/01/2038;20568.15;30/07/2025
DI1F39;03/01/2039;18218.13;30/07/2025
DI1F40;02/01/2040;16098.72;30/07/2025
DI1Q25;01/08/2025;99944.9;31/07/2025
DI1U25;01/09/2025;98794.25;31/07/2025
DI1V25;01/10/2025;97602.29;31/07/2025
DI1X25;03/11/2025;96369.01;31/07/2025
DI1Z25;01/12/2025;95362.4;31/07/2025
DI1F26;02/01/2026;94213.1;31/07/2025
DI1G26;02/02/2026;93128.63;31/07/2025
DI1H26;02/03/2026;92210.94;31/07/2025
DI1J26;01/04/2026;91107.13;31/07/2025
DI1K26;04/05/2026;90116.71;31/07/2025
DI1M26;01/06/2026;89152.31;31/07/2025
DI1N26;01/07/2026;88163.27;31/07/2025
DI1Q26;03/08/2026;87103.74;31/07/2025
DI1U26;01/09/2026;86166.71;31/07/2025
DI1V26;01/10/2026;85257.81;31/07/2025
DI1Z26;01/12/2026;83589.91;31/07/2025
DI1F27;04/01/2027;82698.71;31/07/2025
DI1J27;01/04/2027;80328.96;31/07/2025
DI1N27;01/07/2027;77972.9;31/07/2025
DI1Q27;02/08/2027;77164.29;31/07/2025
DI1V27;01/10/2027;75600.29;31/07/2025
DI1F28;03/01/2028;73406.43;31/07/2025
DI1J28;03/04/2028;71218.87;31/07/2025
DI1N28;03/07/2028;69097.32;31/07/2025
DI1V28;02/10/2028;66896.11;31/07/2025
DI1F29;02/01/2029;64909.03;31/07/2025
DI1J29;02/04/2029;62918.24;31/07/2025
DI1N29;02/07/2029;60865.65;31/07/2025
DI1V29;01/10/2029;58882.95;31/07/2025
DI1F30;02/01/2030;57020.47;31/07/2025
DI1J30;01/04/2030;55236.61;31/07/2025
DI1N30;01/07/2030;53481.54;31/07/2025
DI1V30;01/10/2030;51637.89;31/07/2025
DI1F31;02/01/2031;49948.34;31/07/2025
DI1F32;02/01/2032;43690.91;31/07/2025
DI1F33;03/01/2033;38332.09;31/07/2025
DI1F34;02/01/2034;33689.29;31/07/2025
DI1F35;02/01/2035;29631.79;31/07/2025
DI1F36;02/01/2036;26131.79;31/07/2025
DI1F37;02/01/2037;23057.79;31/07/2025
DI1F38;04/01/2038;20349.78;31/07/2025
DI1F39;03/01/2039;17991.42;31/07/2025
DI1F40;02/01/2040;15882.86;31/07/2025
DI1Q25;01/08/2025;100000.0;01/08/2025
DI1U25;01/09/2025;98848.74;01/08/2025
DI1V25;01/10/2025;97656.29;01/08/2025
DI1X25;03/11/2025;96424.64;01/08/2025
DI1Z25;01/12/2025;95418.71;01/08/2025
DI1F26;02/01/2026;94269.99;01/08/2025
DI1G26;02/02/2026;93190.33;01/08/2025
DI1H26;02/03/2026;92278.57;01/08/2025
DI1J26;01/04/2026;91182.75;01/08/2025
DI1K26;04/05/2026;90205.01;01/08/2025
DI1M26;01/06/2026;89253.26;01/08/2025
DI1N26;01/07/2026;88275.86;01/08/2025
DI1Q26;03/08/2026;87233.39;01/08/2025
DI1U26;01/09/2026;86312.21;01/08/2025
DI1V26;01/10/2026;85416.95;01/08/2025
DI1Z26;01/12/2026;83774.34;01/08/2025
DI1F27;04/01/2027;82900.41;01/08/2025
DI1J27;01/04/2027;80564.48;01/08/2025
DI1N27;01/07/2027;78229.8;01/08/2025
DI1Q27;02/08/2027;77421.57;01/08/2025
DI1V27;01/10/2027;75870.61;01/08/2025
DI1F28;03/01/2028;73685.55;01/08/2025
DI1J28;03/04/2028;71505.68;01/08/2025
DI1N28;03/07/2028;69394.22;01/08/2025
DI1V28;02/10/2028;67194.59;01/08/2025
DI1F29;02/01/2029;65210.26;01/08/2025
DI1J29;02/04/2029;63214.66;01/08/2025
DI1N29;02/07/2029;61170.03;01/08/2025
DI1V29;01/10/2029;59166.7;01/08/2025
DI1F30;02/01/2030;57305.23;01/08/2025
DI1J30;01/04/2030;55505.83;01/08/2025
DI1N30;01/07/2030;53740.84;01/08/2025
DI1V30;01/10/2030;51883.91;01/08/2025
DI1F31;02/01/2031;50208.57;01/08/2025
DI1F32;02/01/2032;43944.41;01/08/2025
DI1F33;03/01/2033;38551.31;01/08/2025
DI1F34;02/01/2034;33883.24;01/08/2025
DI1F35;02/01/2035;29830.49;01/08/2025
DI1F36;02/01/2036;26302.63;01/08/2025
DI1F37;02/01/2037;23219.76;01/08/2025
DI1F38;04/01/2038;20504.31;01/08/2025
DI1F39;03/01/2039;18138.39;01/08/2025
DI1F40;02/01/2040;16021.74;01/08/2025
DI1U25;01/09/2025;98903.39;04/08/2025
DI1V25;01/10/2025;97710.16;04/08/2025
DI1X25;03/11/2025;96477.42;04/08/2025
DI1Z25;01/12/2025;95471.65;04/08/2025
DI1F26;02/01/2026;94322.0;04/08/2025
DI1G26;02/02/2026;93241.28;04/08/2025
DI1H26;02/03/2026;92331.69;04/08/2025
DI1J26;01/04/2026;91236.54;04/08/2025
DI1K26;04/05/2026;90259.15;04/08/2025
DI1M26;01/06/2026;89309.09;04/08/2025
DI1N26;01/07/2026;88333.7;04/08/2025
DI1Q26;03/08/2026;87299.65;04/08/2025
DI1U26;01/09/2026;86376.66;04/08/2025
DI1V26;01/10/2026;85487.94;04/08/2025
DI1Z26;01/12/2026;83851.72;04/08/2025
DI1F27;04/01/2027;82982.99;04/08/2025
DI1J27;01/04/2027;80658.77;04/08/2025
DI1N27;01/07/2027;78337.8;04/08/2025
DI1Q27;02/08/2027;77544.97;04/08/2025
DI1V27;01/10/2027;75997.0;04/08/2025
DI1F28;03/01/2028;73835.2;04/08/2025
DI1J28;03/04/2028;71662.16;04/08/2025
DI1N28;03/07/2028;69551.41;04/08/2025
DI1V28;02/10/2028;67368.45;04/08/2025
DI1F29;02/01/2029;65393.19;04/08/2025
DI1J29;02/04/2029;63408.52;04/08/2025
DI1N29;02/07/2029;61376.87;04/08/2025
DI1V29;01/10/2029;59388.77;04/08/2025
DI1F30;02/01/2030;57531.24;04/08/2025
DI1J30;01/04/2030;55737.6;04/08/2025
DI1N30;01/07/2030;53982.7;04/08/2025
DI1V30;01/10/2030;52152.14;04/08/2025
DI1F31;02/01/2031;50446.12;04/08/2025
DI1F32;02/01/2032;44211.69;04/08/2025
DI1F33;03/01/2033;38809.47;04/08/2025
DI1F34;02/01/2034;34173.74;04/08/2025
DI1F35;02/01/2035;30087.38;04/08/2025
DI1F36;02/01/2036;26561.42;04/08/2025
DI1F37;02/01/2037;23469.4;04/08/2025
DI1F38;04/01/2038;20743.17;04/08/2025
DI1F39;03/01/2039;18366.17;04/08/2025
DI1F40;02/01/2040;16237.49;04/08/2025
DI1U25;01/09/2025;98957.87;05/08/2025
DI1V25;01/10/2025;97763.93;05/08/2025
DI1X25;03/11/2025;96530.45;05/08/2025
DI1Z25;01/12/2025;95523.51;05/08/2025
DI1F26;02/01/2026;94375.05;05/08/2025
DI1G26;02/02/2026;93291.46;05/08/2025
DI1H26;02/03/2026;92381.59;05/08/2025
DI1J26;01/04/2026;91286.14;05/08/2025
DI1K26;04/05/2026;90309.79;05/08/2025
DI1M26;01/06/2026;89355.98;05/08/2025
DI1N26;01/07/2026;88382.47;05/08/2025
DI1Q26;03/08/2026;87341.61;05/08/2025
DI1U26;01/09/2026;86423.18;05/08/2025
DI1V26;01/10/2026;85533.7;05/08/2025
DI1Z26;01/12/2026;83901.89;05/08/2025
DI1F27;04/01/2027;83026.6;05/08/2025
DI1J27;01/04/2027;80695.91;05/08/2025
DI1N27;01/07/2027;78362.17;05/08/2025
DI1Q27;02/08/2027;77560.1;05/08/2025
DI1V27;01/10/2027;75996.57;05/08/2025
DI1F28;03/01/2028;73826.85;05/08/2025
DI1J28;03/04/2028;71634.2;05/08/2025
DI1N28;03/07/2028;69511.48;05/08/2025
DI1V28;02/10/2028;67315.98;05/08/2025
DI1F29;02/01/2029;65322.28;05/08/2025
DI1J29;02/04/2029;63332.65;05/08/2025
DI1N29;02/07/2029;61279.62;05/08/2025
DI1V29;01/10/2029;59286.66;05/08/2025
DI1F30;02/01/2030;57416.11;05/08/2025
DI1J30;01/04/2030;55620.69;05/08/2025
DI1N30;01/07/2030;53859.76;05/08/2025
DI1V30;01/10/2030;52013.93;05/08/2025
DI1F31;02/01/2031;50304.79;05/08/2025
DI1F32;02/01/2032;44043.63;05/08/2025
DI1F33;03/01/2033;38650.91;05/08/2025
DI1F34;02/01/2034;33972.93;05/08/2025
DI1F35;02/01/2035;29922.53;05/08/2025
DI1F36;02/01/2036;26411.09;05/08/2025
DI1F37;02/01/2037;23322.46;05/08/2025
DI1F38;04/01/2038;20601.06;05/08/2025
DI1F39;03/01/2039;18229.38;05/08/2025
DI1F40;02/01/2040;16106.9;05/08/2025
DI1U25;01/09/2025;99012.51;06/08/2025
DI1V25;01/10/2025;97817.73;06/08/2025
DI1X25;03/11/2025;96583.72;06/08/2025
DI1Z25;01/12/2025;95577.05;06/08/2025
DI1F26;02/01/2026;94427.78;06/08/2025
DI1G26;02/02/2026;93347.32;06/08/2025
DI1H26;02/03/2026;92436.55;06/08/2025
DI1J26;01/04/2026;91340.98;06/08/2025
DI1K26;04/05/2026;90362.76;06/08/2025
DI1M26;01/06/2026;89416.22;06/08/2025
DI1N26;01/07/2026;88441.63;06/08/2025
DI1Q26;03/08/2026;87400.21;06/08/2025
DI1U26;01/09/2026;86482.67;06/08/2025
DI1V26;01/10/2026;85591.58;06/08/2025
DI1Z26;01/12/2026;83955.91;06/08/2025
DI1F27;04/01/2027;83083.49;06/08/2025
DI1J27;01/04/2027;80750.5;06/08/2025
DI1N27;01/07/2027;78423.07;06/08/2025
DI1Q27;02/08/2027;77621.2;06/08/2025
DI1V27;01/10/2027;76066.68;06/08/2025
DI1F28;03/01/2028;73891.98;06/08/2025
DI1J28;03/04/2028;71721.86;06/08/2025
DI1N28;03/07/2028;69613.54;06/08/2025
DI1V28;02/10/2028;67416.82;06/08/2025
DI1F29;02/01/2029;65432.9;06/08/2025
DI1J29;02/04/2029;63447.36;06/08/2025
DI1N29;02/07/2029;61404.61;06/08/2025
DI1V29;01/10/2029;59420.09;06/08/2025
DI1F30;02/01/2030;57551.26;06/08/2025
DI1J30;01/04/2030;55759.61;06/08/2025
DI1N30;01/07/2030;53997.73;06/08/2025
DI1V30;01/10/2030;52157.67;06/08/2025
DI1F31;02/01/2031;50444.61;06/08/2025
DI1F32;02/01/2032;44184.76;06/08/2025
DI1F33;03/01/2033;38803.72;06/08/2025
DI1F34;02/01/2034;34145.67;06/08/2025
DI1F35;02/01/2035;30075.97;06/08/2025
DI1F36;02/01/2036;26542.55;06/08/2025
DI1F37;02/01/2037;23448.7;06/08/2025
DI1F38;04/01/2038;20721.4;06/08/2025
DI1F39;03/01/2039;18343.76;06/08/2025
DI1F40;02/01/2040;16214.94;06/08/2025
DI1U25;01/09/2025;99067.17;07/08/2025
DI1V25;01/10/2025;97871.84;07/08/2025
DI1X25;03/11/2025;96637.65;07/08/2025
DI1Z25;01/12/2025;95630.32;07/08/2025
DI1F26;02/01/2026;94482.2;07/08/2025
DI1G26;02/02/2026;93403.94;07/08/2025
DI1H26;02/03/2026;92491.03;07/08/2025
DI1J26;01/04/2026;91400.45;07/08/2025
DI1K26;04/05/2026;90427.8;07/08/2025
DI1M26;01/06/2026;89478.91;07/08/2025
DI1N26;01/07/2026;88511.07;07/08/2025
DI1Q26;03/08/2026;87475.29;07/08/2025
DI1U26;01/09/2026;86562.28;07/08/2025
DI1V26;01/10/2026;85676.99;07/08/2025
DI1Z26;01/12/2026;84057.12;07/08/2025
DI1F27;04/01/2027;83184.12;07/08/2025
DI1J27;01/04/2027;80866.57;07/08/2025
DI1N27;01/07/2027;78543.81;07/08/2025
DI1Q27;02/08/2027;77745.65;07/08/2025
DI1V27;01/10/2027;76198.56;07/08/2025
DI1F28;03/01/2028;74046.08;07/08/2025
DI1J28;03/04/2028;71893.27;07/08/2025
DI1N28;03/07/2028;69799.07;07/08/2025
DI1V28;02/10/2028;67620.62;07/08/2025
DI1F29;02/01/2029;65655.0;07/08/2025
DI1J29;02/04/2029;63682.02;07/08/2025
DI1N29;02/07/2029;61643.22;07/08/2025
DI1V29;01/10/2029;59672.9;07/08/2025
DI1F30;02/01/2030;57813.29;07/08/2025
DI1J30;01/04/2030;56032.86;07/08/2025
DI1N30;01/07/2030;54277.37;07/08/2025
DI1V30;01/10/2030;52440.96;07/08/2025
DI1F31;02/01/2031;50740.35;07/08/2025
DI1F32;02/01/2032;44485.48;07/08/2025
DI1F33;03/01/2033;39083.5;07/08/2025
DI1F34;02/01/2034;34430.53;07/08/2025
DI1F35;02/01/2035;30344.73;07/08/2025
DI1F36;02/01/2036;26815.71;07/08/2025
DI1F37;02/01/2037;23712.49;07/08/2025
DI1F38;04/01/2038;20974.06;07/08/2025
DI1F39;03/01/2039;18584.93;07/08/2025
DI1F40;02/01/2040;16443.58;07/08/2025
DI1U25;01/09/2025;99121.75;08/08/2025
DI1V25;01/10/2025;97925.84;08/08/2025
DI1X25;03/11/2025;96690.77;08/08/2025
DI1Z25;01/12/2025;95681.77;08/08/2025
DI1F26;02/01/2026;94530.62;08/08/2025
DI1G26;02/02/2026;93447.42;08/08/2025
DI1H26;02/03/2026;92535.12;08/08/2025
DI1J26;01/04/2026;91439.25;08/08/2025
DI1K26;04/05/2026;90463.53;08/08/2025
DI1M26;01/06/2026;89515.12;08/08/2025
DI1N26;01/07/2026;88543.3;08/08/2025
DI1Q26;03/08/2026;87503.78;08/08/2025
DI1U26;01/09/2026;86587.82;08/08/2025
DI1V26;01/10/2026;85697.75;08/08/2025
DI1Z26;01/12/2026;84062.92;08/08/2025
DI1F27;04/01/2027;83194.12;08/08/2025
DI1J27;01/04/2027;80868.88;08/08/2025
DI1N27;01/07/2027;78555.16;08/08/2025
DI1Q27;02/08/2027;77758.09;08/08/2025
DI1V27;01/10/2027;76219.69;08/08/2025
DI1F28;03/01/2028;74062.7;08/08/2025
DI1J28;03/04/2028;71905.45;08/08/2025
DI1N28;03/07/2028;69803.41;08/08/2025
DI1V28;02/10/2028;67629.74;08/08/2025
DI1F29;02/01/2029;65662.04;08/08/2025
DI1J29;02/04/2029;63687.11;08/08/2025
DI1N29;02/07/2029;61650.68;08/08/2025
DI1V29;01/10/2029;59674.36;08/08/2025
DI1F30;02/01/2030;57810.95;08/08/2025
DI1J30;01/04/2030;56031.25;08/08/2025
DI1N30;01/07/2030;54272.0;08/08/2025
DI1V30;01/10/2030;52438.87;08/08/2025
DI1F31;02/01/2031;50732.25;08/08/2025
DI1F32;02/01/2032;44460.62;08/08/2025
DI1F33;03/01/2033;39090.62;08/08/2025
DI1F34;02/01/2034;34440.35;08/08/2025
DI1F35;02/01/2035;30362.6;08/08/2025
DI1F36;02/01/2036;26834.15;08/08/2025
DI1F37;02/01/2037;23729.18;08/08/2025
DI1F38;04/01/2038;20989.17;08/08/2025
DI1F39;03/01/2039;18598.61;08/08/2025
DI1F40;02/01/2040;16455.97;08/08/2025
DI1U25;01/09/2025;99176.52;11/08/2025
DI1V25;01/10/2025;97980.11;11/08/2025
DI1X25;03/11/2025;96743.72;11/08/2025
DI1Z25;01/12/2025;95735.1;11/08/2025
DI1F26;02/01/2026;94584.08;11/08/2025
DI1G26;02/02/2026;93502.86;11/08/2025
DI1H26;02/03/2026;92591.88;11/08/2025
DI1J26;01/04/2026;91497.15;11/08/2025
DI1K26;04/05/2026;90526.75;11/08/2025
DI1M26;01/06/2026;89577.11;11/08/2025
DI1N26;01/07/2026;88607.83;11/08/2025
DI1Q26;03/08/2026;87573.47;11/08/2025
DI1U26;01/09/2026;86660.02;11/08/2025
DI1V26;01/10/2026;85772.66;11/08/2025
DI1Z26;01/12/2026;84146.6;11/08/2025
DI1F27;04/01/2027;83281.33;11/08/2025
DI1J27;01/04/2027;80971.96;11/08/2025
DI1N27;01/07/2027;78675.68;11/08/2025
DI1Q27;02/08/2027;77886.37;11/08/2025
DI1V27;01/10/2027;76362.89;11/08/2025
DI1F28;03/01/2028;74222.91;11/08/2025
DI1J28;03/04/2028;72073.45;11/08/2025
DI1N28;03/07/2028;69983.62;11/08/2025
DI1V28;02/10/2028;67824.31;11/08/2025
DI1F29;02/01/2029;65868.73;11/08/2025
DI1J29;02/04/2029;63895.67;11/08/2025
DI1N29;02/07/2029;61866.58;11/08/2025
DI1V29;01/10/2029;59897.34;11/08/2025
DI1F30;02/01/2030;58038.01;11/08/2025
DI1J30;01/04/2030;56257.45;11/08/2025
DI1N30;01/07/2030;54508.38;11/08/2025
DI1V30;01/10/2030;52675.84;11/08/2025
DI1F31;02/01/2031;50978.73;11/08/2025
DI1F32;02/01/2032;44717.83;11/08/2025
DI1F33;03/01/2033;39336.57;11/08/2025
DI1F34;02/01/2034;34671.35;11/08/2025
DI1F35;02/01/2035;30583.47;11/08/2025
DI1F36;02/01/2036;27041.29;11/08/2025
DI1F37;02/01/2037;23929.1;11/08/2025
DI1F38;04/01/2038;21180.59;11/08/2025
DI1F39;03/01/2039;18781.29;11/08/2025
DI1F40;02/01/2040;16629.15;11/08/2025
DI1U25;01/09/2025;99231.06;12/08/2025
DI1V25;01/10/2025;98034.04;12/08/2025
DI1X25;03/11/2025;96797.31;12/08/2025
DI1Z25;01/12/2025;95788.19;12/08/2025
DI1F26;02/01/2026;94640.16;12/08/2025
DI1G26;02/02/2026;93559.05;12/08/2025
DI1H26;02/03/2026;92652.14;12/08/2025
DI1J26;01/04/2026;91564.17;12/08/2025
DI1K26;04/05/2026;90597.82;12/08/2025
DI1M26;01/06/2026;89662.1;12/08/2025
DI1N26;01/07/2026;88700.88;12/08/2025
DI1Q26;03/08/2026;87678.01;12/08/2025
DI1U26;01/09/2026;86776.12;12/08/2025
DI1V26;01/10/2026;85900.49;12/08/2025
DI1Z26;01/12/2026;84298.18;12/08/2025
DI1F27;04/01/2027;83441.34;12/08/2025
DI1J27;01/04/2027;81157.06;12/08/2025
DI1N27;01/07/2027;78876.73;12/08/2025
DI1Q27;02/08/2027;78091.42;12/08/2025
DI1V27;01/10/2027;76570.76;12/08/2025
DI1F28;03/01/2028;74442.62;12/08/2025
DI1J28;03/04/2028;72300.35;12/08/2025
DI1N28;03/07/2028;70221.04;12/08/2025
DI1V28;02/10/2028;68054.89;12/08/2025
DI1F29;02/01/2029;66093.49;12/08/2025
DI1J29;02/04/2029;64125.11;12/08/2025
DI1N29;02/07/2029;62099.93;12/08/2025
DI1V29;01/10/2029;60118.75;12/08/2025
DI1F30;02/01/2030;58259.04;12/08/2025
DI1J30;01/04/2030;56468.33;12/08/2025
DI1N30;01/07/2030;54705.84;12/08/2025
DI1V30;01/10/2030;52849.41;12/08/2025
DI1F31;02/01/2031;51153.72;12/08/2025
DI1F32;02/01/2032;44865.73;12/08/2025
DI1F33;03/01/2033;39461.05;12/08/2025
DI1F34;02/01/2034;34767.99;12/08/2025
DI1F35;02/01/2035;30654.27;12/08/2025
DI1F36;02/01/2036;27136.21;12/08/2025
DI1F37;02/01/2037;23972.18;12/08/2025
DI1F38;04/01/2038;21285.73;12/08/2025
DI1F39;03/01/2039;18881.32;12/08/2025
DI1F40;02/01/2040;16723.75;12/08/2025
DI1U25;01/09/2025;99285.79;13/08/2025
DI1V25;01/10/2025;98088.36;13/08/2025
DI1X25;03/11/2025;96851.12;13/08/2025
DI1Z25;01/12/2025;95842.32;13/08/2025
DI1F26;02/01/2026;94694.58;13/08/2025
DI1G26;02/02/2026;93614.04;13/08/2025
DI1H26;02/03/2026;92707.0;13/08/2025
DI1J26;01/04/2026;91619.88;13/08/2025
DI1K26;04/05/2026;90656.85;13/08/2025
DI1M26;01/06/2026;89724.45;13/08/2025
DI1N26;01/07/2026;88768.51;13/08/2025
DI1Q26;03/08/2026;87745.86;13/08/2025
DI1U26;01/09/2026;86849.55;13/08/2025
DI1V26;01/10/2026;85977.59;13/08/2025
DI1Z26;01/12/2026;84374.76;13/08/2025
DI1F27;04/01/2027;83518.03;13/08/2025
DI1J27;01/04/2027;81220.47;13/08/2025
DI1N27;01/07/2027;78926.79;13/08/2025
DI1Q27;02/08/2027;78134.56;13/08/2025
DI1V27;01/10/2027;76594.46;13/08/2025
DI1F28;03/01/2028;74443.28;13/08/2025
DI1J28;03/04/2028;72270.25;13/08/2025
DI1N28;03/07/2028;70173.42;13/08/2025
DI1V28;02/10/2028;67977.32;13/08/2025
DI1F29;02/01/2029;66011.92;13/08/2025
DI1J29;02/04/2029;64011.56;13/08/2025
DI1N29;02/07/2029;61963.51;13/08/2025
DI1V29;01/10/2029;59978.33;13/08/2025
DI1F30;02/01/2030;58106.71;13/08/2025
DI1J30;01/04/2030;56304.19;13/08/2025
DI1N30;01/07/2030;54527.67;13/08/2025
DI1V30;01/10/2030;52669.09;13/08/2025
DI1F31;02/01/2031;50967.1;13/08/2025
DI1F32;02/01/2032;44665.25;13/08/2025
DI1F33;03/01/2033;39269.28;13/08/2025
DI1F34;02/01/2034;34591.66;13/08/2025
DI1F35;02/01/2035;30473.76;13/08/2025
DI1F36;02/01/2036;26977.61;13/08/2025
DI1F37;02/01/2037;23814.88;13/08/2025
DI1F38;04/01/2038;21135.17;13/08/2025
DI1F39;03/01/2039;18736.16;13/08/2025
DI1F40;02/01/2040;16584.92;13/08/2025
DI1U25;01/09/2025;99340.54;14/08/2025
DI1V25;01/10/2025;98142.59;14/08/2025
DI1X25;03/11/2025;96904.75;14/08/2025
DI1Z25;01/12/2025;95893.94;14/08/2025
DI1F26;02/01/2026;94744.81;14/08/2025
DI1G26;02/02/2026;93663.22;14/08/2025
DI1H26;02/03/2026;92753.5;14/08/2025
DI1J26;01/04/2026;91667.49;14/08/2025
DI1K26;04/05/2026;90701.21;14/08/2025
DI1M26;01/06/2026;89767.54;14/08/2025
DI1N26;01/07/2026;88810.28;14/08/2025
DI1Q26;03/08/2026;87786.97;14/08/2025
DI1U26;01/09/2026;86885.42;14/08/2025
DI1V26;01/10/2026;86011.1;14/08/2025
DI1Z26;01/12/2026;84407.29;14/08/2025
DI1F27;04/01/2027;83549.14;14/08/2025
DI1J27;01/04/2027;81253.81;14/08/2025
DI1N27;01/07/2027;78970.35;14/08/2025
DI1Q27;02/08/2027;78175.02;14/08/2025
DI1V27;01/10/2027;76642.63;14/08/2025
DI1F28;03/01/2028;74498.71;14/08/2025
DI1J28;03/04/2028;72334.22;14/08/2025
DI1N28;03/07/2028;70232.7;14/08/2025
DI1V28;02/10/2028;68051.93;14/08/2025
DI1F29;02/01/2029;66085.46;14/08/2025
DI1J29;02/04/2029;64091.92;14/08/2025
DI1N29;02/07/2029;62036.23;14/08/2025
DI1V29;01/10/2029;60055.81;14/08/2025
DI1F30;02/01/2030;58177.88;14/08/2025
DI1J30;01/04/2030;56382.34;14/08/2025
DI1N30;01/07/2030;54615.32;14/08/2025
DI1V30;01/10/2030;52747.5;14/08/2025
DI1F31;02/01/2031;51052.71;14/08/2025
DI1F32;02/01/2032;44742.74;14/08/2025
DI1F33;03/01/2033;39311.98;14/08/2025
DI1F34;02/01/2034;34639.65;14/08/2025
DI1F35;02/01/2035;30556.84;14/08/2025
DI1F36;02/01/2036;27015.74;14/08/2025
DI1F37;02/01/2037;23857.77;14/08/2025
DI1F38;04/01/2038;21177.9;14/08/2025
DI1F39;03/01/2039;18776.33;14/08/2025
DI1F40;02/01/2040;16622.51;14/08/2025
DI1U25;01/09/2025;99395.41;15/08/2025
DI1V25;01/10/2025;98196.39;15/08/2025
DI1X25;03/11/2025;96958.03;15/08/2025
DI1Z25;01/12/2025;95946.85;15/08/2025
DI1F26;02/01/2026;94796.38;15/08/2025
DI1G26;02/02/2026;93713.62;15/08/2025
DI1H26;02/03/2026;92806.62;15/08/2025
DI1J26;01/04/2026;91720.17;15/08/2025
DI1K26;04/05/2026;90755.15;15/08/2025
DI1M26;01/06/2026;89821.17;15/08/2025
DI1N26;01/07/2026;88865.61;15/08/2025
DI1Q26;03/08/2026;87848.04;15/08/2025
DI1U26;01/09/2026;86948.36;15/08/2025
DI1V26;01/10/2026;86079.51;15/08/2025
DI1Z26;01/12/2026;84477.99;15/08/2025
DI1F27;04/01/2027;83619.64;15/08/2025
DI1J27;01/04/2027;81329.83;15/08/2025
DI1N27;01/07/2027;79039.83;15/08/2025
DI1Q27;02/08/2027;78245.06;15/08/2025
DI1V27;01/10/2027;76712.29;15/08/2025
DI1F28;03/01/2028;74563.48;15/08/2025
DI1J28;03/04/2028;72404.86;15/08/2025
DI1N28;03/07/2028;70307.97;15/08/2025
DI1V28;02/10/2028;68128.4;15/08/2025
DI1F29;02/01/2029;66162.92;15/08/2025
DI1J29;02/04/2029;64176.36;15/08/2025
DI1N29;02/07/2029;62132.17;15/08/2025
DI1V29;01/10/2029;60148.56;15/08/2025
DI1F30;02/01/2030;58280.34;15/08/2025
DI1J30;01/04/2030;56474.24;15/08/2025
DI1N30;01/07/2030;54700.7;15/08/2025
DI1V30;01/10/2030;52840.19;15/08/2025
DI1F31;02/01/2031;51145.61;15/08/2025
DI1F32;02/01/2032;44825.31;15/08/2025
DI1F33;03/01/2033;39405.64;15/08/2025
DI1F34;02/01/2034;34741.21;15/08/2025
DI1F35;02/01/2035;30582.3;15/08/2025
DI1F36;02/01/2036;27053.91;15/08/2025
DI1F37;02/01/2037;23910.25;15/08/2025
DI1F38;04/01/2038;21234.51;15/08/2025
DI1F39;03/01/2039;18829.81;15/08/2025
DI1F40;02/01/2040;16672.79;15/08/2025
DI1U25;01/09/2025;99450.19;18/08/2025
DI1V25;01/10/2025;98250.67;18/08/2025
DI1X25;03/11/2025;97011.72;18/08/2025
DI1Z25;01/12/2025;96000.54;18/08/2025
DI1F26;02/01/2026;94849.56;18/08/2025
DI1G26;02/02/2026;93766.33;18/08/2025
DI1H26;02/03/2026;92856.28;18/08/2025
DI1J26;01/04/2026;91766.37;18/08/2025
DI1K26;04/05/2026;90802.4;18/08/2025
DI1M26;01/06/2026;89864.98;18/08/2025
DI1N26;01/07/2026;88903.46;18/08/2025
DI1Q26;03/08/2026;87877.46;18/08/2025
DI1U26;01/09/2026;86974.05;18/08/2025
DI1V26;01/10/2026;86097.02;18/08/2025
DI1Z26;01/12/2026;84484.94;18/08/2025
DI1F27;04/01/2027;83625.69;18/08/2025
DI1J27;01/04/2027;81316.05;18/08/2025
DI1N27;01/07/2027;79010.93;18/08/2025
DI1Q27;02/08/2027;78209.06;18/08/2025
DI1V27;01/10/2027;76660.22;18/08/2025
DI1F28;03/01/2028;74488.03;18/08/2025
DI1J28;03/04/2028;72311.5;18/08/2025
DI1N28;03/07/2028;70198.6;18/08/2025
DI1V28;02/10/2028;68006.34;18/08/2025
DI1F29;02/01/2029;66025.03;18/08/2025
DI1J29;02/04/2029;64026.71;18/08/2025
DI1N29;02/07/2029;61964.76;18/08/2025
DI1V29;01/10/2029;59973.96;18/08/2025
DI1F30;02/01/2030;58090.75;18/08/2025
DI1J30;01/04/2030;56283.42;18/08/2025
DI1N30;01/07/2030;54509.27;18/08/2025
DI1V30;01/10/2030;52632.19;18/08/2025
DI1F31;02/01/2031;50926.08;18/08/2025
DI1F32;02/01/2032;44598.2;18/08/2025
DI1F33;03/01/2033;39179.19;18/08/2025
DI1F34;02/01/2034;34491.93;18/08/2025
DI1F35;02/01/2035;30382.65;18/08/2025
DI1F36;02/01/2036;26857.1;18/08/2025
DI1F37;02/01/2037;23720.53;18/08/2025
DI1F38;04/01/2038;21032.07;18/08/2025
DI1F39;03/01/2039;18634.97;18/08/2025
DI1F40;02/01/2040;16486.73;18/08/2025
DI1U25;01/09/2025;99504.97;19/08/2025
DI1V25;01/10/2025;98304.87;19/08/2025
DI1X25;03/11/2025;97064.88;19/08/2025
DI1Z25;01/12/2025;96052.05;19/08/2025
DI1F26;02/01/2026;94897.15;19/08/2025
DI1G26;02/02/2026;93810.41;19/08/2025
DI1H26;02/03/2026;92893.51;19/08/2025
DI1J26;01/04/2026;91792.84;19/08/2025
DI1K26;04/05/2026;90812.11;19/08/2025
DI1M26;01/06/2026;89866.19;19/08/2025
DI1N26;01/07/2026;88891.97;19/08/2025
DI1Q26;03/08/2026;87852.24;19/08/2025
DI1U26;01/09/2026;86934.58;19/08/2025
DI1V26;01/10/2026;86038.08;19/08/2025
DI1Z26;01/12/2026;84390.05;19/08/2025
DI1F27;04/01/2027;83508.95;19/08/2025
DI1J27;01/04/2027;81145.88;19/08/2025
DI1N27;01/07/2027;78785.58;19/08/2025
DI1Q27;02/08/2027;77968.06;19/08/2025
DI1V27;01/10/2027;76390.92;19/08/2025
DI1F28;03/01/2028;74167.2;19/08/2025
DI1J28;03/04/2028;71953.07;19/08/2025
DI1N28;03/07/2028;69804.66;19/08/2025
DI1V28;02/10/2028;67580.54;19/08/2025
DI1F29;02/01/2029;65571.8;19/08/2025
DI1J29;02/04/2029;63553.41;19/08/2025
DI1N29;02/07/2029;61473.13;19/08/2025
DI1V29;01/10/2029;59467.15;19/08/2025
DI1F30;02/01/2030;57576.15;19/08/2025
DI1J30;01/04/2030;55762.51;19/08/2025
DI1N30;01/07/2030;53981.1;19/08/2025
DI1V30;01/10/2030;52116.85;19/08/2025
DI1F31;02/01/2031;50406.74;19/08/2025
DI1F32;02/01/2032;44084.64;19/08/2025
DI1F33;03/01/2033;38669.33;19/08/2025
DI1F34;02/01/2034;33982.73;19/08/2025
DI1F35;02/01/2035;29918.98;19/08/2025
DI1F36;02/01/2036;26400.14;19/08/2025
DI1F37;02/01/2037;23274.33;19/08/2025
DI1F38;04/01/2038;20601.08;19/08/2025
DI1F39;03/01/2039;18221.57;19/08/2025
DI1F40;02/01/2040;16093.19;19/08/2025
DI1U25;01/09/2025;99559.91;20/08/2025
DI1V25;01/10/2025;98359.1;20/08/2025
DI1X25;03/11/2025;97118.98;20/08/2025
DI1Z25;01/12/2025;96105.06;20/08/2025
DI1F26;02/01/2026;94948.56;20/08/2025
DI1G26;02/02/2026;93863.96;20/08/2025
DI1H26;02/03/2026;92949.75;20/08/2025
DI1J26;01/04/2026;91853.58;20/08/2025
DI1K26;04/05/2026;90880.54;20/08/2025
DI1M26;01/06/2026;89937.03;20/08/2025
DI1N26;01/07/2026;88969.49;20/08/2025
DI1Q26;03/08/2026;87937.51;20/08/2025
DI1U26;01/09/2026;87026.72;20/08/2025
DI1V26;01/10/2026;86142.76;20/08/2025
DI1Z26;01/12/2026;84507.11;20/08/2025
DI1F27;04/01/2027;83632.5;20/08/2025
DI1J27;01/04/2027;81300.81;20/08/2025
DI1N27;01/07/2027;78969.56;20/08/2025
DI1Q27;02/08/2027;78160.79;20/08/2025
DI1V27;01/10/2027;76602.84;20/08/2025
DI1F28;03/01/2028;74411.39;20/08/2025
DI1J28;03/04/2028;72206.27;20/08/2025
DI1N28;03/07/2028;70064.61;20/08/2025
DI1V28;02/10/2028;67838.66;20/08/2025
DI1F29;02/01/2029;65827.33;20/08/2025
DI1J29;02/04/2029;63802.62;20/08/2025
DI1N29;02/07/2029;61728.89;20/08/2025
DI1V29;01/10/2029;59698.88;20/08/2025
DI1F30;02/01/2030;57801.08;20/08/2025
DI1J30;01/04/2030;55979.71;20/08/2025
DI1N30;01/07/2030;54187.44;20/08/2025
DI1V30;01/10/2030;52323.14;20/08/2025
DI1F31;02/01/2031;50595.85;20/08/2025
DI1F32;02/01/2032;44271.98;20/08/2025
DI1F33;03/01/2033;38819.0;20/08/2025
DI1F34;02/01/2034;34104.82;20/08/2025
DI1F35;02/01/2035;30010.36;20/08/2025
DI1F36;02/01/2036;26490.3;20/08/2025
DI1F37;02/01/2037;23358.08;20/08/2025
DI1F38;04/01/2038;20680.77;20/08/2025
DI1F39;03/01/2039;18297.02;20/08/2025
DI1F40;02/01/2040;16164.22;20/08/2025
DI1U25;01/09/2025;99614.84;21/08/2025
DI1V25;01/10/2025;98413.26;21/08/2025
DI1X25;03/11/2025;97172.21;21/08/2025
DI1Z25;01/12/2025;96157.87;21/08/2025
DI1F26;02/01/2026;95000.32;21/08/2025
DI1G26;02/02/2026;93911.96;21/08/2025
DI1H26;02/03/2026;92995.77;21/08/2025
DI1J26;01/04/2026;91896.61;21/08/2025
DI1K26;04/05/2026;90921.46;21/08/2025
DI1M26;01/06/2026;89972.07;21/08/2025
DI1N26;01/07/2026;88997.11;21/08/2025
DI1Q26;03/08/2026;87957.98;21/08/2025
DI1U26;01/09/2026;87041.18;21/08/2025
DI1V26;01/10/2026;86148.3;21/08/2025
DI1Z26;01/12/2026;84500.67;21/08/2025
DI1F27;04/01/2027;83621.35;21/08/2025
DI1J27;01/04/2027;81265.12;21/08/2025
DI1N27;01/07/2027;78914.72;21/08/2025
DI1Q27;02/08/2027;78100.56;21/08/2025
DI1V27;01/10/2027;76524.96;21/08/2025
DI1F28;03/01/2028;74326.48;21/08/2025
DI1J28;03/04/2028;72104.49;21/08/2025
DI1N28;03/07/2028;69946.41;21/08/2025
DI1V28;02/10/2028;67703.69;21/08/2025
DI1F29;02/01/2029;65674.19;21/08/2025
DI1J29;02/04/2029;63627.21;21/08/2025
DI1N29;02/07/2029;61520.5;21/08/2025
DI1V29;01/10/2029;59484.34;21/08/2025
DI1F30;02/01/2030;57568.6;21/08/2025
DI1J30;01/04/2030;55729.36;21/08/2025
DI1N30;01/07/2030;53921.62;21/08/2025
DI1V30;01/10/2030;52039.66;21/08/2025
DI1F31;02/01/2031;50307.18;21/08/2025
DI1F32;02/01/2032;43931.76;21/08/2025
DI1F33;03/01/2033;38468.34;21/08/2025
DI1F34;02/01/2034;33762.64;21/08/2025
DI1F35;02/01/2035;29681.78;21/08/2025
DI1F36;02/01/2036;26158.63;21/08/2025
DI1F37;02/01/2037;23033.73;21/08/2025
DI1F38;04/01/2038;20367.59;21/08/2025
DI1F39;03/01/2039;17996.77;21/08/2025
DI1F40;02/01/2040;15878.56;21/08/2025
DI1U25;01/09/2025;99669.73;22/08/2025
DI1V25;01/10/2025;98467.75;22/08/2025
DI1X25;03/11/2025;97226.0;22/08/2025
DI1Z25;01/12/2025;96211.41;22/08/2025
DI1F26;02/01/2026;95056.66;22/08/2025
DI1G26;02/02/2026;93969.22;22/08/2025
DI1H26;02/03/2026;93058.32;22/08/2025
DI1J26;01/04/2026;91966.5;22/08/2025
DI1K26;04/05/2026;91001.69;22/08/2025
DI1M26;01/06/2026;90060.18;22/08/2025
DI1N26;01/07/2026;89097.51;22/08/2025
DI1Q26;03/08/2026;88069.77;22/08/2025
DI1U26;01/09/2026;87164.25;22/08/2025
DI1V26;01/10/2026;86282.73;22/08/2025
DI1Z26;01/12/2026;84657.76;22/08/2025
DI1F27;04/01/2027;83793.28;22/08/2025
DI1J27;01/04/2027;81464.09;22/08/2025
DI1N27;01/07/2027;79139.38;22/08/2025
DI1Q27;02/08/2027;78334.18;22/08/2025
DI1V27;01/10/2027;76774.9;22/08/2025
DI1F28;03/01/2028;74589.0;22/08/2025
DI1J28;03/04/2028;72394.08;22/08/2025
DI1N28;03/07/2028;70253.81;22/08/2025
DI1V28;02/10/2028;68024.86;22/08/2025
DI1F29;02/01/2029;66011.1;22/08/2025
DI1J29;02/04/2029;63973.03;22/08/2025
DI1N29;02/07/2029;61874.02;22/08/2025
DI1V29;01/10/2029;59846.89;22/08/2025
DI1F30;02/01/2030;57942.98;22/08/2025
DI1J30;01/04/2030;56101.5;22/08/2025
DI1N30;01/07/2030;54285.83;22/08/2025
DI1V30;01/10/2030;52418.23;22/08/2025
DI1F31;02/01/2031;50673.31;22/08/2025
DI1F32;02/01/2032;44270.47;22/08/2025
DI1F33;03/01/2033;38793.85;22/08/2025
DI1F34;02/01/2034;34057.58;22/08/2025
DI1F35;02/01/2035;29935.79;22/08/2025
DI1F36;02/01/2036;26400.2;22/08/2025
DI1F37;02/01/2037;23266.16;22/08/2025
DI1F38;04/01/2038;20590.32;22/08/2025
DI1F39;03/01/2039;18208.92;22/08/2025
DI1F40;02/01/2040;16079.29;22/08/2025
DI1U25;01/09/2025;99724.65;25/08/2025
DI1V25;01/10/2025;98522.15;25/08/2025
DI1X25;03/11/2025;97280.15;25/08/2025
DI1Z25;01/12/2025;96265.43;25/08/2025
DI1F26;02/01/2026;95112.34;25/08/2025
DI1G26;02/02/2026;94026.42;25/08/2025
DI1H26;02/03/2026;93113.62;25/08/2025
DI1J26;01/04/2026;92026.04;25/08/2025
DI1K26;04/05/2026;91061.06;25/08/2025
DI1M26;01/06/2026;90124.62;25/08/2025
DI1N26;01/07/2026;89167.3;25/08/2025
DI1Q26;03/08/2026;88141.51;25/08/2025
DI1U26;01/09/2026;87239.45;25/08/2025
DI1V26;01/10/2026;86363.39;25/08/2025
DI1Z26;01/12/2026;84742.28;25/08/2025
DI1F27;04/01/2027;83876.46;25/08/2025
DI1J27;01/04/2027;81555.82;25/08/2025
DI1N27;01/07/2027;79236.98;25/08/2025
DI1Q27;02/08/2027;78442.7;25/08/2025
DI1V27;01/10/2027;76888.53;25/08/2025
DI1F28;03/01/2028;74707.89;25/08/2025
DI1J28;03/04/2028;72522.83;25/08/2025
DI1N28;03/07/2028;70394.25;25/08/2025
DI1V28;02/10/2028;68179.36;25/08/2025
DI1F29;02/01/2029;66172.04;25/08/2025
DI1J29;02/04/2029;64142.13;25/08/2025
DI1N29;02/07/2029;62044.84;25/08/2025
DI1V29;01/10/2029;60023.32;25/08/2025
DI1F30;02/01/2030;58117.85;25/08/2025
DI1J30;01/04/2030;56283.28;25/08/2025
DI1N30;01/07/2030;54467.48;25/08/2025
DI1V30;01/10/2030;52597.08;25/08/2025
DI1F31;02/01/2031;50851.12;25/08/2025
DI1F32;02/01/2032;44438.52;25/08/2025
DI1F33;03/01/2033;38943.78;25/08/2025
DI1F34;02/01/2034;34212.27;25/08/2025
DI1F35;02/01/2035;30063.96;25/08/2025
DI1F36;02/01/2036;26523.81;25/08/2025
DI1F37;02/01/2037;23386.92;25/08/2025
DI1F38;04/01/2038;20705.65;25/08/2025
DI1F39;03/01/2039;18318.47;25/08/2025
DI1F40;02/01/2040;16182.69;25/08/2025
DI1U25;01/09/2025;99779.67;26/08/2025
DI1V25;01/10/2025;98576.5;26/08/2025
DI1X25;03/11/2025;97333.32;26/08/2025
DI1Z25;01/12/2025;96318.54;26/08/2025
DI1F26;02/01/2026;95162.07;26/08/2025
DI1G26;02/02/2026;94072.73;26/08/2025
DI1H26;02/03/2026;93158.92;26/08/2025
DI1J26;01/04/2026;92065.8;26/08/2025
DI1K26;04/05/2026;91091.78;26/08/2025
DI1M26;01/06/2026;90153.17;26/08/2025
DI1N26;01/07/2026;89189.76;26/08/2025
DI1Q26;03/08/2026;88157.77;26/08/2025
DI1U26;01/09/2026;87247.04;26/08/2025
DI1V26;01/10/2026;86364.06;26/08/2025
DI1Z26;01/12/2026;84731.26;26/08/2025
DI1F27;04/01/2027;83859.43;26/08/2025
DI1J27;01/04/2027;81516.79;26/08/2025
DI1N27;01/07/2027;79188.54;26/08/2025
DI1Q27;02/08/2027;78387.73;26/08/2025
DI1V27;01/10/2027;76834.65;26/08/2025
DI1F28;03/01/2028;74650.57;26/08/2025
DI1J28;03/04/2028;72462.2;26/08/2025
DI1N28;03/07/2028;70335.45;26/08/2025
DI1V28;02/10/2028;68114.38;26/08/2025
DI1F29;02/01/2029;66122.99;26/08/2025
DI1J29;02/04/2029;64088.94;26/08/2025
DI1N29;02/07/2029;61996.19;26/08/2025
DI1V29;01/10/2029;59986.33;26/08/2025
DI1F30;02/01/2030;58093.79;26/08/2025
DI1J30;01/04/2030;56245.91;26/08/2025
DI1N30;01/07/2030;54434.9;26/08/2025
DI1V30;01/10/2030;52557.88;26/08/2025
DI1F31;02/01/2031;50817.32;26/08/2025
DI1F32;02/01/2032;44429.09;26/08/2025
DI1F33;03/01/2033;38931.15;26/08/2025
DI1F34;02/01/2034;34192.32;26/08/2025
DI1F35;02/01/2035;30067.1;26/08/2025
DI1F36;02/01/2036;26518.22;26/08/2025
DI1F37;02/01/2037;23371.02;26/08/2025
DI1F38;04/01/2038;20682.67;26/08/2025
DI1F39;03/01/2039;18295.69;26/08/2025
DI1F40;02/01/2040;16160.43;26/08/2025
DI1U25;01/09/2025;99834.66;27/08/2025
DI1V25;01/10/2025;98630.7;27/08/2025
DI1X25;03/11/2025;97387.19;27/08/2025
DI1Z25;01/12/2025;96372.8;27/08/2025
DI1F26;02/01/2026;95214.52;27/08/2025
DI1G26;02/02/2026;94125.25;27/08/2025
DI1H26;02/03/2026;93213.0;27/08/2025
DI1J26;01/04/2026;92119.56;27/08/2025
DI1K26;04/05/2026;91146.86;27/08/2025
DI1M26;01/06/2026;90208.64;27/08/2025
DI1N26;01/07/2026;89245.08;27/08/2025
DI1Q26;03/08/2026;88214.37;27/08/2025
DI1U26;01/09/2026;87305.14;27/08/2025
DI1V26;01/10/2026;86422.21;27/08/2025
DI1Z26;01/12/2026;84788.6;27/08/2025
DI1F27;04/01/2027;83914.84;27/08/2025
DI1J27;01/04/2027;81578.94;27/08/2025
DI1N27;01/07/2027;79251.52;27/08/2025
DI1Q27;02/08/2027;78453.67;27/08/2025
DI1V27;01/10/2027;76888.64;27/08/2025
DI1F28;03/01/2028;74715.31;27/08/2025
DI1J28;03/04/2028;72531.1;27/08/2025
DI1N28;03/07/2028;70394.75;27/08/2025
DI1V28;02/10/2028;68170.27;27/08/2025
DI1F29;02/01/2029;66167.29;27/08/2025
DI1J29;02/04/2029;64126.72;27/08/2025
DI1N29;02/07/2029;62020.75;27/08/2025
DI1V29;01/10/2029;59996.84;27/08/2025
DI1F30;02/01/2030;58087.5;27/08/2025
DI1J30;01/04/2030;56240.26;27/08/2025
DI1N30;01/07/2030;54416.25;27/08/2025
DI1V30;01/10/2030;52530.52;27/08/2025
DI1F31;02/01/2031;50776.52;27/08/2025
DI1F32;02/01/2032;44350.75;27/08/2025
DI1F33;03/01/2033;38846.14;27/08/2025
DI1F34;02/01/2034;34085.25;27/08/2025
DI1F35;02/01/2035;29972.26;27/08/2025
DI1F36;02/01/2036;26417.04;27/08/2025
DI1F37;02/01/2037;23265.02;27/08/2025
DI1F38;04/01/2038;20575.23;27/08/2025
DI1F39;03/01/2039;18192.12;27/08/2025
DI1F40;02/01/2040;16061.45;27/08/2025
DI1U25;01/09/2025;99889.8;28/08/2025
DI1V25;01/10/2025;98685.44;28/08/2025
DI1X25;03/11/2025;97441.39;28/08/2025
DI1Z25;01/12/2025;96425.96;28/08/2025
DI1F26;02/01/2026;95268.44;28/08/2025
DI1G26;02/02/2026;94179.9;28/08/2025
DI1H26;02/03/2026;93267.47;28/08/2025
DI1J26;01/04/2026;92175.2;28/08/2025
DI1K26;04/05/2026;91203.5;28/08/2025
DI1M26;01/06/2026;90269.39;28/08/2025
DI1N26;01/07/2026;89304.26;28/08/2025
DI1Q26;03/08/2026;88275.92;28/08/2025
DI1U26;01/09/2026;87369.34;28/08/2025
DI1V26;01/10/2026;86485.26;28/08/2025
DI1Z26;01/12/2026;84859.86;28/08/2025
DI1F27;04/01/2027;83987.95;28/08/2025
DI1J27;01/04/2027;81664.78;28/08/2025
DI1N27;01/07/2027;79350.17;28/08/2025
DI1Q27;02/08/2027;78557.95;28/08/2025
DI1V27;01/10/2027;77007.68;28/08/2025
DI1F28;03/01/2028;74852.48;28/08/2025
DI1J28;03/04/2028;72694.49;28/08/2025
DI1N28;03/07/2028;70582.56;28/08/2025
DI1V28;02/10/2028;68378.55;28/08/2025
DI1F29;02/01/2029;66400.09;28/08/2025
DI1J29;02/04/2029;64372.61;28/08/2025
DI1N29;02/07/2029;62306.68;28/08/2025
DI1V29;01/10/2029;60305.07;28/08/2025
DI1F30;02/01/2030;58426.4;28/08/2025
DI1J30;01/04/2030;56605.7;28/08/2025
DI1N30;01/07/2030;54789.81;28/08/2025
DI1V30;01/10/2030;52932.99;28/08/2025
DI1F31;02/01/2031;51197.88;28/08/2025
DI1F32;02/01/2032;44803.83;28/08/2025
DI1F33;03/01/2033;39315.59;28/08/2025
DI1F34;02/01/2034;34576.47;28/08/2025
DI1F35;02/01/2035;30439.0;28/08/2025
DI1F36;02/01/2036;26885.74;28/08/2025
DI1F37;02/01/2037;23705.65;28/08/2025
DI1F38;04/01/2038;21012.21;28/08/2025
DI1F39;03/01/2039;18609.59;28/08/2025
DI1F40;02/01/2040;16457.49;28/08/2025
DI1U25;01/09/2025;99944.9;29/08/2025
DI1V25;01/10/2025;98739.79;29/08/2025
DI1X25;03/11/2025;97495.46;29/08/2025
DI1Z25;01/12/2025;96479.8;29/08/2025
DI1F26;02/01/2026;95321.22;29/08/2025
DI1G26;02/02/2026;94230.67;29/08/2025
DI1H26;02/03/2026;93316.23;29/08/2025
DI1J26;01/04/2026;92223.26;29/08/2025
DI1K26;04/05/2026;91248.97;29/08/2025
DI1M26;01/06/2026;90309.48;29/08/2025
DI1N26;01/07/2026;89342.03;29/08/2025
DI1Q26;03/08/2026;88311.1;29/08/2025
DI1U26;01/09/2026;87395.08;29/08/2025
DI1V26;01/10/2026;86513.64;29/08/2025
DI1Z26;01/12/2026;84878.13;29/08/2025
DI1F27;04/01/2027;84004.91;29/08/2025
DI1J27;01/04/2027;81661.31;29/08/2025
DI1N27;01/07/2027;79331.51;29/08/2025
DI1Q27;02/08/2027;78523.3;29/08/2025
DI1V27;01/10/2027;76976.81;29/08/2025
DI1F28;03/01/2028;74806.22;29/08/2025
DI1J28;03/04/2028;72625.75;29/08/2025
DI1N28;03/07/2028;70509.78;29/08/2025
DI1V28;02/10/2028;68285.75;29/08/2025
DI1F29;02/01/2029;66308.25;29/08/2025
DI1J29;02/04/2029;64287.01;29/08/2025
DI1N29;02/07/2029;62211.84;29/08/2025
DI1V29;01/10/2029;60207.43;29/08/2025
DI1F30;02/01/2030;58326.79;29/08/2025
DI1J30;01/04/2030;56504.57;29/08/2025
DI1N30;01/07/2030;54685.3;29/08/2025
DI1V30;01/10/2030;52832.23;29/08/2025
DI1F31;02/01/2031;51101.62;29/08/2025
DI1F32;02/01/2032;44707.28;29/08/2025
DI1F33;03/01/2033;39232.06;29/08/2025
DI1F34;02/01/2034;34485.61;29/08/2025
DI1F35;02/01/2035;30357.66;29/08/2025
DI1F36;02/01/2036;26804.76;29/08/2025
DI1F37;02/01/2037;23626.07;29/08/2025
DI1F38;04/01/2038;20932.23;29/08/2025
DI1F39;03/01/2039;18538.68;29/08/2025
DI1F40;02/01/2040;16389.43;29/08/2025
DI1U25;01/09/2025;100000.0;01/09/2025
DI1V25;01/10/2025;98794.1;01/09/2025
DI1X25;03/11/2025;97549.38;01/09/2025
DI1Z25;01/12/2025;96533.01;01/09/2025
DI1F26;02/01/2026;95373.45;01/09/2025
DI1G26;02/02/2026;94282.89;01/09/2025
DI1H26;02/03/2026;93368.28;01/09/2025
DI1J26;01/04/2026;92273.72;01/09/2025
DI1K26;04/05/2026;91298.72;01/09/2025
DI1M26;01/06/2026;90366.64;01/09/2025
DI1N26;01/07/2026;89399.88;01/09/2025
DI1Q26;03/08/2026;88369.04;01/09/2025
DI1U26;01/09/2026;87465.34;01/09/2025
DI1V26;01/10/2026;86578.27;01/09/2025
DI1Z26;01/12/2026;84948.36;01/09/2025
DI1F27;04/01/2027;84076.94;01/09/2025
DI1J27;01/04/2027;81735.76;01/09/2025
DI1N27;01/07/2027;79399.5;01/09/2025
DI1Q27;02/08/2027;78597.07;01/09/2025
DI1V27;01/10/2027;77034.99;01/09/2025
DI1F28;03/01/2028;74846.29;01/09/2025
DI1J28;03/04/2028;72651.58;01/09/2025
DI1N28;03/07/2028;70516.35;01/09/2025
DI1V28;02/10/2028;68293.43;01/09/2025
DI1F29;02/01/2029;66292.42;01/09/2025
DI1J29;02/04/2029;64258.23;01/09/2025
DI1N29;02/07/2029;62171.67;01/09/2025
DI1V29;01/10/2029;60153.29;01/09/2025
DI1F30;02/01/2030;58256.35;01/09/2025
DI1J30;01/04/2030;56431.01;01/09/2025
DI1N30;01/07/2030;54613.5;01/09/2025
DI1V30;01/10/2030;52738.95;01/09/2025
DI1F31;02/01/2031;50993.87;01/09/2025
DI1F32;02/01/2032;44583.96;01/09/2025
DI1F33;03/01/2033;39096.13;01/09/2025
DI1F34;02/01/2034;34357.53;01/09/2025
DI1F35;02/01/2035;30229.77;01/09/2025
DI1F36;02/01/2036;26678.34;01/09/2025
DI1F37;02/01/2037;23507.21;01/09/2025
DI1F38;04/01/2038;20816.69;01/09/2025
DI1F39;03/01/2039;18427.23;01/09/2025
DI1F40;02/01/2040;16282.85;01/09/2025
DI1V25;01/10/2025;98848.74;02/09/2025
DI1X25;03/11/2025;97603.18;02/09/2025
DI1Z25;01/12/2025;96585.82;02/09/2025
DI1F26;02/01/2026;95425.72;02/09/2025
DI1G26;02/02/2026;94333.74;02/09/2025
DI1H26;02/03/2026;93413.95;02/09/2025
DI1J26;01/04/2026;92316.76;02/09/2025
DI1K26;04/05/2026;91338.01;02/09/2025
DI1M26;01/06/2026;90395.82;02/09/2025
DI1N26;01/07/2026;89426.89;02/09/2025
DI1Q26;03/08/2026;88388.87;02/09/2025
DI1U26;01/09/2026;87474.5;02/09/2025
DI1V26;01/10/2026;86587.17;02/09/2025
DI1Z26;01/12/2026;84944.68;02/09/2025
DI1F27;04/01/2027;84067.67;02/09/2025
DI1J27;01/04/2027;81708.97;02/09/2025
DI1N27;01/07/2027;79359.62;02/09/2025
DI1Q27;02/08/2027;78548.34;02/09/2025
DI1V27;01/10/2027;76970.75;02/09/2025
DI1F28;03/01/2028;74768.33;02/09/2025
DI1J28;03/04/2028;72568.61;02/09/2025
DI1N28;03/07/2028;70403.97;02/09/2025
DI1V28;02/10/2028;68162.59;02/09/2025
DI1F29;02/01/2029;66135.7;02/09/2025
DI1J29;02/04/2029;64095.04;02/09/2025
DI1N29;02/07/2029;61982.05;02/09/2025
DI1V29;01/10/2029;59964.3;02/09/2025
DI1F30;02/01/2030;58058.66;02/09/2025
DI1J30;01/04/2030;56229.53;02/09/2025
DI1N30;01/07/2030;54406.65;02/09/2025
DI1V30;01/10/2030;52526.99;02/09/2025
DI1F31;02/01/2031;50772.96;02/09/2025
DI1F32;02/01/2032;44362.96;02/09/2025
DI1F33;03/01/2033;38856.21;02/09/2025
DI1F34;02/01/2034;34118.14;02/09/2025
DI1F35;02/01/2035;29992.47;02/09/2025
DI1F36;02/01/2036;26445.17;02/09/2025
DI1F37;02/01/2037;23282.82;02/09/2025
DI1F38;04/01/2038;20615.13;02/09/2025
DI1F39;03/01/2039;18233.51;02/09/2025
DI1F40;02/01/2040;16098.21;02/09/2025
DI1V25;01/10/2025;98903.26;03/09/2025
DI1X25;03/11/2025;97656.72;03/09/2025
DI1Z25;01/12/2025;96639.09;03/09/2025
DI1F26;02/01/2026;95478.3;03/09/2025
DI1G26;02/02/2026;94383.61;03/09/2025
DI1H26;02/03/2026;93466.48;03/09/2025
DI1J26;01/04/2026;92366.39;03/09/2025
DI1K26;04/05/2026;91386.32;03/09/2025
DI1M26;01/06/2026;90443.16;03/09/2025
DI1N26;01/07/2026;89476.46;03/09/2025
DI1Q26;03/08/2026;88441.23;03/09/2025
DI1U26;01/09/2026;87521.15;03/09/2025
DI1V26;01/10/2026;86631.4;03/09/2025
DI1Z26;01/12/2026;84984.52;03/09/2025
DI1F27;04/01/2027;84102.58;03/09/2025
DI1J27;01/04/2027;81743.03;03/09/2025
DI1N27;01/07/2027;79388.39;03/09/2025
DI1Q27;02/08/2027;78577.44;03/09/2025
DI1V27;01/10/2027;77000.94;03/09/2025
DI1F28;03/01/2028;74796.33;03/09/2025
DI1J28;03/04/2028;72586.43;03/09/2025
DI1N28;03/07/2028;70430.09;03/09/2025
DI1V28;02/10/2028;68194.55;03/09/2025
DI1F29;02/01/2029;66176.25;03/09/2025
DI1J29;02/04/2029;64132.95;03/09/2025
DI1N29;02/07/2029;62019.26;03/09/2025
DI1V29;01/10/2029;60009.33;03/09/2025
DI1F30;02/01/2030;58109.8;03/09/2025
DI1J30;01/04/2030;56275.83;03/09/2025
DI1N30;01/07/2030;54457.04;03/09/2025
DI1V30;01/10/2030;52579.26;03/09/2025
DI1F31;02/01/2031;50834.24;03/09/2025
DI1F32;02/01/2032;44427.43;03/09/2025
DI1F33;03/01/2033;38933.5;03/09/2025
DI1F34;02/01/2034;34187.93;03/09/2025
DI1F35;02/01/2035;30059.28;03/09/2025
DI1F36;02/01/2036;26508.9;03/09/2025
DI1F37;02/01/2037;23340.92;03/09/2025
DI1F38;04/01/2038;20670.15;03/09/2025
DI1F39;03/01/2039;18285.36;03/09/2025
DI1F40;02/01/2040;16146.81;03/09/2025
DI1V25;01/10/2025;98958.0;04/09/2025
DI1X25;03/11/2025;97711.01;04/09/2025
DI1Z25;01/12/2025;96693.01;04/09/2025
DI1F26;02/01/2026;95531.45;04/09/2025
DI1G26;02/02/2026;94438.3;04/09/2025
DI1H26;02/03/2026;93519.02;04/09/2025
DI1J26;01/04/2026;92420.67;04/09/2025
DI1K26;04/05/2026;91440.37;04/09/2025
DI1M26;01/06/2026;90499.78;04/09/2025
DI1N26;01/07/2026;89533.67;04/09/2025
DI1Q26;03/08/2026;88498.47;04/09/2025
DI1U26;01/09/2026;87583.71;04/09/2025
DI1V26;01/10/2026;86695.17;04/09/2025
DI1Z26;01/12/2026;85050.08;04/09/2025
DI1F27;04/01/2027;84171.61;04/09/2025
DI1J27;01/04/2027;81814.05;04/09/2025
DI1N27;01/07/2027;79463.95;04/09/2025
DI1Q27;02/08/2027;78652.48;04/09/2025
DI1V27;01/10/2027;77076.01;04/09/2025
DI1F28;03/01/2028;74879.37;04/09/2025
DI1J28;03/04/2028;72665.13;04/09/2025
DI1N28;03/07/2028;70519.1;04/09/2025
DI1V28;02/10/2028;68279.98;04/09/2025
DI1F29;02/01/2029;66265.0;04/09/2025
DI1J29;02/04/2029;64204.95;04/09/2025
DI1N29;02/07/2029;62112.5;04/09/2025
DI1V29;01/10/2029;60082.2;04/09/2025
DI1F30;02/01/2030;58180.72;04/09/2025
DI1J30;01/04/2030;56349.1;04/09/2025
DI1N30;01/07/2030;54528.07;04/09/2025
DI1V30;01/10/2030;52647.87;04/09/2025
DI1F31;02/01/2031;50897.92;04/09/2025
DI1F32;02/01/2032;44469.83;04/09/2025
DI1F33;03/01/2033;38946.02;04/09/2025
DI1F34;02/01/2034;34190.58;04/09/2025
DI1F35;02/01/2035;30033.17;04/09/2025
DI1F36;02/01/2036;26484.31;04/09/2025
DI1F37;02/01/2037;23320.57;04/09/2025
DI1F38;04/01/2038;20636.23;04/09/2025
DI1F39;03/01/2039;18252.1;04/09/2025
DI1F40;02/01/2040;16114.59;04/09/2025
DI1V25;01/10/2025;99012.51;05/09/2025
DI1X25;03/11/2025;97764.9;05/09/2025
DI1Z25;01/12/2025;96746.53;05/09/2025
DI1F26;02/01/2026;95583.54;05/09/2025
DI1G26;02/02/2026;94489.26;05/09/2025
DI1H26;02/03/2026;93572.74;05/09/2025
DI1J26;01/04/2026;92472.64;05/09/2025
DI1K26;04/05/2026;91494.4;05/09/2025
DI1M26;01/06/2026;90557.49;05/09/2025
DI1N26;01/07/2026;89595.89;05/09/2025
DI1Q26;03/08/2026;88563.33;05/09/2025
DI1U26;01/09/2026;87650.72;05/09/2025
DI1V26;01/10/2026;86768.59;05/09/2025
DI1Z26;01/12/2026;85129.29;05/09/2025
DI1F27;04/01/2027;84255.12;05/09/2025
DI1J27;01/04/2027;81914.04;05/09/2025
DI1N27;01/07/2027;79583.61;05/09/2025
DI1Q27;02/08/2027;78777.26;05/09/2025
DI1V27;01/10/2027;77215.51;05/09/2025
DI1F28;03/01/2028;75037.3;05/09/2025
DI1J28;03/04/2028;72839.24;05/09/2025
DI1N28;03/07/2028;70713.0;05/09/2025
DI1V28;02/10/2028;68481.74;05/09/2025
DI1F29;02/01/2029;66488.99;05/09/2025
DI1J29;02/04/2029;64451.74;05/09/2025
DI1N29;02/07/2029;62355.56;05/09/2025
DI1V29;01/10/2029;60346.17;05/09/2025
DI1F30;02/01/2030;58456.55;05/09/2025
DI1J30;01/04/2030;56634.3;05/09/2025
DI1N30;01/07/2030;54812.98;05/09/2025
DI1V30;01/10/2030;52938.96;05/09/2025
DI1F31;02/01/2031;51201.57;05/09/2025
DI1F32;02/01/2032;44771.22;05/09/2025
DI1F33;03/01/2033;39248.89;05/09/2025
DI1F34;02/01/2034;34480.51;05/09/2025
DI1F35;02/01/2035;30321.32;05/09/2025
DI1F36;02/01/2036;26752.18;05/09/2025
DI1F37;02/01/2037;23564.52;05/09/2025
DI1F38;04/01/2038;20881.52;05/09/2025
DI1F39;03/01/2039;18486.12;05/09/2025
DI1F40;02/01/2040;16336.27;05/09/2025
DI1V25;01/10/2025;99067.17;08/09/2025
DI1X25;03/11/2025;97818.68;08/09/2025
DI1Z25;01/12/2025;96799.88;08/09/2025
DI1F26;02/01/2026;95635.67;08/09/2025
DI1G26;02/02/2026;94539.95;08/09/2025
DI1H26;02/03/2026;93625.3;08/09/2025
DI1J26;01/04/2026;92526.44;08/09/2025
DI1K26;04/05/2026;91547.9;08/09/2025
DI1M26;01/06/2026;90610.01;08/09/2025
DI1N26;01/07/2026;89647.31;08/09/2025
DI1Q26;03/08/2026;88616.98;08/09/2025
DI1U26;01/09/2026;87701.83;08/09/2025
DI1V26;01/10/2026;86818.42;08/09/2025
DI1Z26;01/12/2026;85180.05;08/09/2025
DI1F27;04/01/2027;84306.49;08/09/2025
DI1J27;01/04/2027;81960.3;08/09/2025
DI1N27;01/07/2027;79622.39;08/09/2025
DI1Q27;02/08/2027;78814.13;08/09/2025
DI1V27;01/10/2027;77258.19;08/09/2025
DI1F28;03/01/2028;75074.33;08/09/2025
DI1J28;03/04/2028;72886.55;08/09/2025
DI1N28;03/07/2028;70754.72;08/09/2025
DI1V28;02/10/2028;68537.59;08/09/2025
DI1F29;02/01/2029;66546.84;08/09/2025
DI1J29;02/04/2029;64509.68;08/09/2025
DI1N29;02/07/2029;62434.36;08/09/2025
DI1V29;01/10/2029;60421.29;08/09/2025
DI1F30;02/01/2030;58543.07;08/09/2025
DI1J30;01/04/2030;56719.05;08/09/2025
DI1N30;01/07/2030;54902.66;08/09/2025
DI1V30;01/10/2030;53033.63;08/09/2025
DI1F31;02/01/2031;51306.0;08/09/2025
DI1F32;02/01/2032;44902.98;08/09/2025
DI1F33;03/01/2033;39384.71;08/09/2025
DI1F34;02/01/2034;34608.74;08/09/2025
DI1F35;02/01/2035;30455.59;08/09/2025
DI1F36;02/01/2036;26881.86;08/09/2025
DI1F37;02/01/2037;23691.13;08/09/2025
DI1F38;04/01/2038;20991.37;08/09/2025
DI1F39;03/01/2039;18590.54;08/09/2025
DI1F40;02/01/2040;16434.89;08/09/2025
DI1V25;01/10/2025;99121.69;09/09/2025
DI1X25;03/11/2025;97872.89;09/09/2025
DI1Z25;01/12/2025;96853.25;09/09/2025
DI1F26;02/01/2026;95687.05;09/09/2025
DI1G26;02/02/2026;94591.01;09/09/2025
DI1H26;02/03/2026;93671.31;09/09/2025
DI1J26;01/04/2026;92569.4;09/09/2025
DI1K26;04/05/2026;91588.64;09/09/2025
DI1M26;01/06/2026;90644.35;09/09/2025
DI1N26;01/07/2026;89676.76;09/09/2025
DI1Q26;03/08/2026;88641.55;09/09/2025
DI1U26;01/09/2026;87725.97;09/09/2025
DI1V26;01/10/2026;86836.03;09/09/2025
DI1Z26;01/12/2026;85194.38;09/09/2025
DI1F27;04/01/2027;84315.33;09/09/2025
DI1J27;01/04/2027;81959.84;09/09/2025
DI1N27;01/07/2027;79613.39;09/09/2025
DI1Q27;02/08/2027;78810.52;09/09/2025
DI1V27;01/10/2027;77243.56;09/09/2025
DI1F28;03/01/2028;75062.56;09/09/2025
DI1J28;03/04/2028;72876.34;09/09/2025
DI1N28;03/07/2028;70747.52;09/09/2025
DI1V28;02/10/2028;68536.19;09/09/2025
DI1F29;02/01/2029;66550.55;09/09/2025
DI1J29;02/04/2029;64521.35;09/09/2025
DI1N29;02/07/2029;62444.4;09/09/2025
DI1V29;01/10/2029;60444.78;09/09/2025
DI1F30;02/01/2030;58572.15;09/09/2025
DI1J30;01/04/2030;56754.08;09/09/2025
DI1N30;01/07/2030;54946.22;09/09/2025
DI1V30;01/10/2030;53083.69;09/09/2025
DI1F31;02/01/2031;51360.39;09/09/2025
DI1F32;02/01/2032;44957.98;09/09/2025
DI1F33;03/01/2033;39462.78;09/09/2025
DI1F34;02/01/2034;34702.02;09/09/2025
DI1F35;02/01/2035;30558.05;09/09/2025
DI1F36;02/01/2036;26980.5;09/09/2025
DI1F37;02/01/2037;23783.06;09/09/2025
DI1F38;04/01/2038;21090.41;09/09/2025
DI1F39;03/01/2039;18684.65;09/09/2025
DI1F40;02/01/2040;16523.74;09/09/2025
DI1V25;01/10/2025;99176.57;10/09/2025
DI1X25;03/11/2025;97926.86;10/09/2025
DI1Z25;01/12/2025;96906.47;10/09/2025
DI1F26;02/01/2026;95740.32;10/09/2025
DI1G26;02/02/2026;94641.47;10/09/2025
DI1H26;02/03/2026;93717.44;10/09/2025
DI1J26;01/04/2026;92611.14;10/09/2025
DI1K26;04/05/2026;91624.94;10/09/2025
DI1M26;01/06/2026;90676.61;10/09/2025
DI1N26;01/07/2026;89703.28;10/09/2025
DI1Q26;03/08/2026;88663.59;10/09/2025
DI1U26;01/09/2026;87744.33;10/09/2025
DI1V26;01/10/2026;86852.26;10/09/2025
DI1Z26;01/12/2026;85199.86;10/09/2025
DI1F27;04/01/2027;84318.61;10/09/2025
DI1J27;01/04/2027;81964.04;10/09/2025
DI1N27;01/07/2027;79628.45;10/09/2025
DI1Q27;02/08/2027;78825.35;10/09/2025
DI1V27;01/10/2027;77261.22;10/09/2025
DI1F28;03/01/2028;75085.98;10/09/2025
DI1J28;03/04/2028;72902.37;10/09/2025
DI1N28;03/07/2028;70782.31;10/09/2025
DI1V28;02/10/2028;68580.98;10/09/2025
DI1F29;02/01/2029;66594.87;10/09/2025
DI1J29;02/04/2029;64577.27;10/09/2025
DI1N29;02/07/2029;62504.44;10/09/2025
DI1V29;01/10/2029;60515.6;10/09/2025
DI1F30;02/01/2030;58643.21;10/09/2025
DI1J30;01/04/2030;56836.61;10/09/2025
DI1N30;01/07/2030;55026.73;10/09/2025
DI1V30;01/10/2030;53176.11;10/09/2025
DI1F31;02/01/2031;51448.24;10/09/2025
DI1F32;02/01/2032;45050.3;10/09/2025
DI1F33;03/01/2033;39558.66;10/09/2025
DI1F34;02/01/2034;34805.62;10/09/2025
DI1F35;02/01/2035;30643.34;10/09/2025
DI1F36;02/01/2036;27074.58;10/09/2025
DI1F37;02/01/2037;23880.04;10/09/2025
DI1F38;04/01/2038;21180.75;10/09/2025
DI1F39;03/01/2039;18770.45;10/09/2025
DI1F40;02/01/2040;16604.72;10/09/2025
DI1V25;01/10/2025;99231.11;11/09/2025
DI1X25;03/11/2025;97980.74;11/09/2025
DI1Z25;01/12/2025;96959.91;11/09/2025
DI1F26;02/01/2026;95792.32;11/09/2025
DI1G26;02/02/2026;94693.93;11/09/2025
DI1H26;02/03/2026;93768.23;11/09/2025
DI1J26;01/04/2026;92658.37;11/09/2025
DI1K26;04/05/2026;91670.51;11/09/2025
DI1M26;01/06/2026;90720.87;11/09/2025
DI1N26;01/07/2026;89744.95;11/09/2025
DI1Q26;03/08/2026;88700.26;11/09/2025
DI1U26;01/09/2026;87778.54;11/09/2025
DI1V26;01/10/2026;86882.31;11/09/2025
DI1Z26;01/12/2026;85231.81;11/09/2025
DI1F27;04/01/2027;84348.07;11/09/2025
DI1J27;01/04/2027;81998.32;11/09/2025
DI1N27;01/07/2027;79666.18;11/09/2025
DI1Q27;02/08/2027;78862.41;11/09/2025
DI1V27;01/10/2027;77313.79;11/09/2025
DI1F28;03/01/2028;75138.36;11/09/2025
DI1J28;03/04/2028;72961.21;11/09/2025
DI1N28;03/07/2028;70845.0;11/09/2025
DI1V28;02/10/2028;68642.36;11/09/2025
DI1F29;02/01/2029;66672.02;11/09/2025
DI1J29;02/04/2029;64649.27;11/09/2025
DI1N29;02/07/2029;62587.4;11/09/2025
DI1V29;01/10/2029;60595.04;11/09/2025
DI1F30;02/01/2030;58729.77;11/09/2025
DI1J30;01/04/2030;56928.23;11/09/2025
DI1N30;01/07/2030;55128.08;11/09/2025
DI1V30;01/10/2030;53278.03;11/09/2025
DI1F31;02/01/2031;51550.53;11/09/2025
DI1F32;02/01/2032;45177.63;11/09/2025
DI1F33;03/01/2033;39697.87;11/09/2025
DI1F34;02/01/2034;34957.76;11/09/2025
DI1F35;02/01/2035;30821.51;11/09/2025
DI1F36;02/01/2036;27237.59;11/09/2025
DI1F37;02/01/2037;24036.78;11/09/2025
DI1F38;04/01/2038;21328.83;11/09/2025
DI1F39;03/01/2039;18911.65;11/09/2025
DI1F40;02/01/2040;16738.46;11/09/2025
DI1V25;01/10/2025;99285.92;12/09/2025
DI1X25;03/11/2025;98034.77;12/09/2025
DI1Z25;01/12/2025;97013.19;12/09/2025
DI1F26;02/01/2026;95845.38;12/09/2025
DI1G26;02/02/2026;94746.1;12/09/2025
DI1H26;02/03/2026;93820.56;12/09/2025
DI1J26;01/04/2026;92710.54;12/09/2025
DI1K26;04/05/2026;91723.17;12/09/2025
DI1M26;01/06/2026;90773.59;12/09/2025
DI1N26;01/07/2026;89796.61;12/09/2025
DI1Q26;03/08/2026;88752.06;12/09/2025
DI1U26;01/09/2026;87828.4;12/09/2025
DI1V26;01/10/2026;86932.41;12/09/2025
DI1Z26;01/12/2026;85275.57;12/09/2025
DI1F27;04/01/2027;84387.2;12/09/2025
DI1J27;01/04/2027;82028.24;12/09/2025
DI1N27;01/07/2027;79682.68;12/09/2025
DI1Q27;02/08/2027;78876.12;12/09/2025
DI1V27;01/10/2027;77317.66;12/09/2025
DI1F28;03/01/2028;75129.96;12/09/2025
DI1J28;03/04/2028;72947.99;12/09/2025
DI1N28;03/07/2028;70818.85;12/09/2025
DI1V28;02/10/2028;68609.81;12/09/2025
DI1F29;02/01/2029;66625.69;12/09/2025
DI1J29;02/04/2029;64600.78;12/09/2025
DI1N29;02/07/2029;62532.97;12/09/2025
DI1V29;01/10/2029;60543.29;12/09/2025
DI1F30;02/01/2030;58677.14;12/09/2025
DI1J30;01/04/2030;56877.3;12/09/2025
DI1N30;01/07/2030;55074.66;12/09/2025
DI1V30;01/10/2030;53222.18;12/09/2025
DI1F31;02/01/2031;51497.37;12/09/2025
DI1F32;02/01/2032;45143.07;12/09/2025
DI1F33;03/01/2033;39672.21;12/09/2025
DI1F34;02/01/2034;34944.91;12/09/2025
DI1F35;02/01/2035;30819.53;12/09/2025
DI1F36;02/01/2036;27239.06;12/09/2025
DI1F37;02/01/2037;24036.99;12/09/2025
DI1F38;04/01/2038;21332.63;12/09/2025
DI1F39;03/01/2039;18914.49;12/09/2025
DI1F40;02/01/2040;16740.52;12/09/2025
DI1V25;01/10/2025;99340.67;15/09/2025
DI1X25;03/11/2025;98088.84;15/09/2025
DI1Z25;01/12/2025;97067.05;15/09/2025
DI1F26;02/01/2026;95899.47;15/09/2025
DI1G26;02/02/2026;94799.56;15/09/2025
DI1H26;02/03/2026;93875.52;15/09/2025
DI1J26;01/04/2026;92767.55;15/09/2025
DI1K26;04/05/2026;91781.31;15/09/2025
DI1M26;01/06/2026;90833.54;15/09/2025
DI1N26;01/07/2026;89856.28;15/09/2025
DI1Q26;03/08/2026;88814.75;15/09/2025
DI1U26;01/09/2026;87895.25;15/09/2025
DI1V26;01/10/2026;87003.16;15/09/2025
DI1Z26;01/12/2026;85350.84;15/09/2025
DI1F27;04/01/2027;84466.5;15/09/2025
DI1J27;01/04/2027;82118.85;15/09/2025
DI1N27;01/07/2027;79786.67;15/09/2025
DI1Q27;02/08/2027;78985.92;15/09/2025
DI1V27;01/10/2027;77432.77;15/09/2025
DI1F28;03/01/2028;75267.38;15/09/2025
DI1J28;03/04/2028;73093.58;15/09/2025
DI1N28;03/07/2028;70986.02;15/09/2025
DI1V28;02/10/2028;68779.82;15/09/2025
DI1F29;02/01/2029;66816.61;15/09/2025
DI1J29;02/04/2029;64795.28;15/09/2025
DI1N29;02/07/2029;62722.08;15/09/2025
DI1V29;01/10/2029;60751.82;15/09/2025
DI1F30;02/01/2030;58887.49;15/09/2025
DI1J30;01/04/2030;57091.21;15/09/2025
DI1N30;01/07/2030;55296.28;15/09/2025
DI1V30;01/10/2030;53453.8;15/09/2025
DI1F31;02/01/2031;51714.62;15/09/2025
DI1F32;02/01/2032;45372.99;15/09/2025
DI1F33;03/01/2033;39895.77;15/09/2025
DI1F34;02/01/2034;35176.73;15/09/2025
DI1F35;02/01/2035;31018.79;15/09/2025
DI1F36;02/01/2036;27444.97;15/09/2025
DI1F37;02/01/2037;24240.23;15/09/2025
DI1F38;04/01/2038;21548.93;15/09/2025
DI1F39;03/01/2039;19121.27;15/09/2025
DI1F40;02/01/2040;16936.79;15/09/2025
DI1V25;01/10/2025;99395.41;16/09/2025
DI1X25;03/11/2025;98143.28;16/09/2025
DI1Z25;01/12/2025;97121.47;16/09/2025
DI1F26;02/01/2026;95954.31;16/09/2025
DI1G26;02/02/2026;94854.91;16/09/2025
DI1H26;02/03/2026;93931.2;16/09/2025
DI1J26;01/04/2026;92822.33;16/09/2025
DI1K26;04/05/2026;91836.91;16/09/2025
DI1M26;01/06/2026;90889.54;16/09/2025
DI1N26;01/07/2026;89918.33;16/09/2025
DI1Q26;03/08/2026;88875.3;16/09/2025
DI1U26;01/09/2026;87959.77;16/09/2025
DI1V26;01/10/2026;87068.24;16/09/2025
DI1Z26;01/12/2026;85417.0;16/09/2025
DI1F27;04/01/2027;84538.99;16/09/2025
DI1J27;01/04/2027;82195.01;16/09/2025
DI1N27;01/07/2027;79870.56;16/09/2025
DI1Q27;02/08/2027;79072.25;16/09/2025
DI1V27;01/10/2027;77526.94;16/09/2025
DI1F28;03/01/2028;75374.37;16/09/2025
DI1J28;03/04/2028;73214.59;16/09/2025
DI1N28;03/07/2028;71104.43;16/09/2025
DI1V28;02/10/2028;68914.9;16/09/2025
DI1F29;02/01/2029;66955.57;16/09/2025
DI1J29;02/04/2029;64951.81;16/09/2025
DI1N29;02/07/2029;62905.26;16/09/2025
DI1V29;01/10/2029;60932.76;16/09/2025
DI1F30;02/01/2030;59085.06;16/09/2025
DI1J30;01/04/2030;57314.83;16/09/2025
DI1N30;01/07/2030;55520.93;16/09/2025
DI1V30;01/10/2030;53667.29;16/09/2025
DI1F31;02/01/2031;51966.36;16/09/2025
DI1F32;02/01/2032;45634.17;16/09/2025
DI1F33;03/01/2033;40166.72;16/09/2025
DI1F34;02/01/2034;35407.46;16/09/2025
DI1F35;02/01/2035;31275.27;16/09/2025
DI1F36;02/01/2036;27692.34;16/09/2025
DI1F37;02/01/2037;24496.08;16/09/2025
DI1F38;04/01/2038;21774.5;16/09/2025
DI1F39;03/01/2039;19337.1;16/09/2025
DI1F40;02/01/2040;17141.86;16/09/2025
DI1V25;01/10/2025;99450.25;17/09/2025
DI1X25;03/11/2025;98197.39;17/09/2025
DI1Z25;01/12/2025;97175.18;17/09/2025
DI1F26;02/01/2026;96007.65;17/09/2025
DI1G26;02/02/2026;94907.12;17/09/2025
DI1H26;02/03/2026;93982.06;17/09/2025
DI1J26;01/04/2026;92876.21;17/09/2025
DI1K26;04/05/2026;91891.49;17/09/2025
DI1M26;01/06/2026;90945.49;17/09/2025
DI1N26;01/07/2026;89976.01;17/09/2025
DI1Q26;03/08/2026;88935.79;17/09/2025
DI1U26;01/09/2026;88019.8;17/09/2025
DI1V26;01/10/2026;87129.28;17/09/2025
DI1Z26;01/12/2026;85483.08;17/09/2025
DI1F27;04/01/2027;84607.57;17/09/2025
DI1J27;01/04/2027;82274.37;17/09/2025
DI1N27;01/07/2027;79949.37;17/09/2025
DI1Q27;02/08/2027;79150.72;17/09/2025
DI1V27;01/10/2027;77609.92;17/09/2025
DI1F28;03/01/2028;75450.9;17/09/2025
DI1J28;03/04/2028;73314.26;17/09/2025
DI1N28;03/07/2028;71189.68;17/09/2025
DI1V28;02/10/2028;68998.34;17/09/2025
DI1F29;02/01/2029;67044.29;17/09/2025
DI1J29;02/04/2029;65043.97;17/09/2025
DI1N29;02/07/2029;63011.29;17/09/2025
DI1V29;01/10/2029;61033.94;17/09/2025
DI1F30;02/01/2030;59194.05;17/09/2025
DI1J30;01/04/2030;57399.93;17/09/2025
DI1N30;01/07/2030;55639.03;17/09/2025
DI1V30;01/10/2030;53788.71;17/09/2025
DI1F31;02/01/2031;52098.22;17/09/2025
DI1F32;02/01/2032;45772.85;17/09/2025
DI1F33;03/01/2033;40300.0;17/09/2025
DI1F34;02/01/2034;35587.84;17/09/2025
DI1F35;02/01/2035;31418.51;17/09/2025
DI1F36;02/01/2036;27866.45;17/09/2025
DI1F37;02/01/2037;24588.48;17/09/2025
DI1F38;04/01/2038;21881.78;17/09/2025
DI1F39;03/01/2039;19439.39;17/09/2025
DI1F40;02/01/2040;17238.75;17/09/2025
DI1V25;01/10/2025;99505.12;18/09/2025
DI1X25;03/11/2025;98251.54;18/09/2025
DI1Z25;01/12/2025;97228.23;18/09/2025
DI1F26;02/01/2026;96057.86;18/09/2025
DI1G26;02/02/2026;94957.19;18/09/2025
DI1H26;02/03/2026;94028.24;18/09/2025
DI1J26;01/04/2026;92916.74;18/09/2025
DI1K26;04/05/2026;91923.52;18/09/2025
DI1M26;01/06/2026;90972.91;18/09/2025
DI1N26;01/07/2026;89997.15;18/09/2025
DI1Q26;03/08/2026;88952.49;18/09/2025
DI1U26;01/09/2026;88035.95;18/09/2025
DI1V26;01/10/2026;87136.72;18/09/2025
DI1Z26;01/12/2026;85482.12;18/09/2025
DI1F27;04/01/2027;84602.02;18/09/2025
DI1J27;01/04/2027;82249.39;18/09/2025
DI1N27;01/07/2027;79914.87;18/09/2025
DI1Q27;02/08/2027;79121.74;18/09/2025
DI1V27;01/10/2027;77555.59;18/09/2025
DI1F28;03/01/2028;75387.93;18/09/2025
DI1J28;03/04/2028;73219.18;18/09/2025
DI1N28;03/07/2028;71111.21;18/09/2025
DI1V28;02/10/2028;68915.91;18/09/2025
DI1F29;02/01/2029;66961.05;18/09/2025
DI1J29;02/04/2029;64956.94;18/09/2025
DI1N29;02/07/2029;62910.54;18/09/2025
DI1V29;01/10/2029;60949.35;18/09/2025
DI1F30;02/01/2030;59103.16;18/09/2025
DI1J30;01/04/2030;57318.88;18/09/2025
DI1N30;01/07/2030;55531.5;18/09/2025
DI1V30;01/10/2030;53706.07;18/09/2025
DI1F31;02/01/2031;51996.09;18/09/2025
DI1F32;02/01/2032;45659.49;18/09/2025
DI1F33;03/01/2033;40206.83;18/09/2025
DI1F34;02/01/2034;35468.61;18/09/2025
DI1F35;02/01/2035;31329.46;18/09/2025
DI1F36;02/01/2036;27742.44;18/09/2025
DI1F37;02/01/2037;24525.31;18/09/2025
DI1F38;04/01/2038;21852.52;18/09/2025
DI1F39;03/01/2039;19396.86;18/09/2025
DI1F40;02/01/2040;17184.6;18/09/2025
DI1V25;01/10/2025;99559.99;19/09/2025
DI1X25;03/11/2025;98305.82;19/09/2025
DI1Z25;01/12/2025;97281.83;19/09/2025
DI1F26;02/01/2026;96111.52;19/09/2025
DI1G26;02/02/2026;95008.87;19/09/2025
DI1H26;02/03/2026;94081.75;19/09/2025
DI1J26;01/04/2026;92970.26;19/09/2025
DI1K26;04/05/2026;91977.69;19/09/2025
DI1M26;01/06/2026;91026.75;19/09/2025
DI1N26;01/07/2026;90048.83;19/09/2025
DI1Q26;03/08/2026;89002.95;19/09/2025
DI1U26;01/09/2026;88079.99;19/09/2025
DI1V26;01/10/2026;87182.09;19/09/2025
DI1Z26;01/12/2026;85526.83;19/09/2025
DI1F27;04/01/2027;84645.97;19/09/2025
DI1J27;01/04/2027;82289.29;19/09/2025
DI1N27;01/07/2027;79942.73;19/09/2025
DI1Q27;02/08/2027;79133.05;19/09/2025
DI1V27;01/10/2027;77572.14;19/09/2025
DI1F28;03/01/2028;75388.83;19/09/2025
DI1J28;03/04/2028;73204.52;19/09/2025
DI1N28;03/07/2028;71095.65;19/09/2025
DI1V28;02/10/2028;68898.19;19/09/2025
DI1F29;02/01/2029;66930.2;19/09/2025
DI1J29;02/04/2029;64922.48;19/09/2025
DI1N29;02/07/2029;62878.93;19/09/2025
DI1V29;01/10/2029;60921.1;19/09/2025
DI1F30;02/01/2030;59059.14;19/09/2025
DI1J30;01/04/2030;57276.72;19/09/2025
DI1N30;01/07/2030;55496.26;19/09/2025
DI1V30;01/10/2030;53661.6;19/09/2025
DI1F31;02/01/2031;51961.68;19/09/2025
DI1F32;02/01/2032;45644.53;19/09/2025
DI1F33;03/01/2033;40196.08;19/09/2025
DI1F34;02/01/2034;35465.7;19/09/2025
DI1F35;02/01/2035;31332.36;19/09/2025
DI1F36;02/01/2036;27741.27;19/09/2025
DI1F37;02/01/2037;24530.22;19/09/2025
DI1F38;04/01/2038;21809.22;19/09/2025
DI1F39;03/01/2039;19354.47;19/09/2025
DI1F40;02/01/2040;17143.55;19/09/2025
DI1V25;01/10/2025;99614.88;22/09/2025
DI1X25;03/11/2025;98359.91;22/09/2025
DI1Z25;01/12/2025;97335.3;22/09/2025
DI1F26;02/01/2026;96162.35;22/09/2025
DI1G26;02/02/2026;95058.77;22/09/2025
DI1H26;02/03/2026;94130.97;22/09/2025
DI1J26;01/04/2026;93014.01;22/09/2025
DI1K26;04/05/2026;92019.27;22/09/2025
DI1M26;01/06/2026;91063.77;22/09/2025
DI1N26;01/07/2026;90078.84;22/09/2025
DI1Q26;03/08/2026;89026.75;22/09/2025
DI1U26;01/09/2026;88097.27;22/09/2025
DI1V26;01/10/2026;87195.47;22/09/2025
DI1Z26;01/12/2026;85530.78;22/09/2025
DI1F27;04/01/2027;84642.78;22/09/2025
DI1J27;01/04/2027;82267.05;22/09/2025
DI1N27;01/07/2027;79906.33;22/09/2025
DI1Q27;02/08/2027;79090.49;22/09/2025
DI1V27;01/10/2027;77517.12;22/09/2025
DI1F28;03/01/2028;75316.03;22/09/2025
DI1J28;03/04/2028;73115.28;22/09/2025
DI1N28;03/07/2028;70978.15;22/09/2025
DI1V28;02/10/2028;68763.43;22/09/2025
DI1F29;02/01/2029;66780.56;22/09/2025
DI1J29;02/04/2029;64758.25;22/09/2025
DI1N29;02/07/2029;62694.01;22/09/2025
DI1V29;01/10/2029;60717.08;22/09/2025
DI1F30;02/01/2030;58854.36;22/09/2025
DI1J30;01/04/2030;57069.77;22/09/2025
DI1N30;01/07/2030;55267.22;22/09/2025
DI1V30;01/10/2030;53442.97;22/09/2025
DI1F31;02/01/2031;51728.64;22/09/2025
DI1F32;02/01/2032;45399.38;22/09/2025
DI1F33;03/01/2033;39952.78;22/09/2025
DI1F34;02/01/2034;35239.61;22/09/2025
DI1F35;02/01/2035;31119.61;22/09/2025
DI1F36;02/01/2036;27543.62;22/09/2025
DI1F37;02/01/2037;24327.43;22/09/2025
DI1F38;04/01/2038;21607.36;22/09/2025
DI1F39;03/01/2039;19153.21;22/09/2025
DI1F40;02/01/2040;16951.21;22/09/2025
DI1V25;01/10/2025;99669.81;23/09/2025
DI1X25;03/11/2025;98414.05;23/09/2025
DI1Z25;01/12/2025;97389.93;23/09/2025
DI1F26;02/01/2026;96217.23;23/09/2025
DI1G26;02/02/2026;95113.24;23/09/2025
DI1H26;02/03/2026;94184.16;23/09/2025
DI1J26;01/04/2026;93070.11;23/09/2025
DI1K26;04/05/2026;92077.81;23/09/2025
DI1M26;01/06/2026;91124.12;23/09/2025
DI1N26;01/07/2026;90142.0;23/09/2025
DI1Q26;03/08/2026;89095.91;23/09/2025
DI1U26;01/09/2026;88173.26;23/09/2025
DI1V26;01/10/2026;87274.49;23/09/2025
DI1Z26;01/12/2026;85617.2;23/09/2025
DI1F27;04/01/2027;84732.04;23/09/2025
DI1J27;01/04/2027;82381.16;23/09/2025
DI1N27;01/07/2027;80039.46;23/09/2025
DI1Q27;02/08/2027;79233.14;23/09/2025
DI1V27;01/10/2027;77673.01;23/09/2025
DI1F28;03/01/2028;75493.49;23/09/2025
DI1J28;03/04/2028;73307.39;23/09/2025
DI1N28;03/07/2028;71180.97;23/09/2025
DI1V28;02/10/2028;68974.94;23/09/2025
DI1F29;02/01/2029;66990.01;23/09/2025
DI1J29;02/04/2029;64980.17;23/09/2025
DI1N29;02/07/2029;62909.6;23/09/2025
DI1V29;01/10/2029;60940.19;23/09/2025
DI1F30;02/01/2030;59077.58;23/09/2025
DI1J30;01/04/2030;57294.73;23/09/2025
DI1N30;01/07/2030;55502.5;23/09/2025
DI1V30;01/10/2030;53676.93;23/09/2025
DI1F31;02/01/2031;51955.58;23/09/2025
DI1F32;02/01/2032;45622.3;23/09/2025
DI1F33;03/01/2033;40177.27;23/09/2025
DI1F34;02/01/2034;35462.51;23/09/2025
DI1F35;02/01/2035;31330.56;23/09/2025
DI1F36;02/01/2036;27751.45;23/09/2025
DI1F37;02/01/2037;24530.37;23/09/2025
DI1F38;04/01/2038;21816.74;23/09/2025
DI1F39;03/01/2039;19357.81;23/09/2025
DI1F40;02/01/2040;17145.42;23/09/2025
DI1V25;01/10/2025;99724.77;24/09/2025
DI1X25;03/11/2025;98468.51;24/09/2025
DI1Z25;01/12/2025;97442.82;24/09/2025
DI1F26;02/01/2026;96268.87;24/09/2025
DI1G26;02/02/2026;95164.14;24/09/2025
DI1H26;02/03/2026;94234.19;24/09/2025
DI1J26;01/04/2026;93116.13;24/09/2025
DI1K26;04/05/2026;92121.47;24/09/2025
DI1M26;01/06/2026;91162.94;24/09/2025
DI1N26;01/07/2026;90180.59;24/09/2025
DI1Q26;03/08/2026;89128.57;24/09/2025
DI1U26;01/09/2026;88203.04;24/09/2025
DI1V26;01/10/2026;87299.77;24/09/2025
DI1Z26;01/12/2026;85637.29;24/09/2025
DI1F27;04/01/2027;84747.91;24/09/2025
DI1J27;01/04/2027;82383.1;24/09/2025
DI1N27;01/07/2027;80032.9;24/09/2025
DI1Q27;02/08/2027;79224.15;24/09/2025
DI1V27;01/10/2027;77656.71;24/09/2025
DI1F28;03/01/2028;75463.0;24/09/2025
DI1J28;03/04/2028;73267.01;24/09/2025
DI1N28;03/07/2028;71138.01;24/09/2025
DI1V28;02/10/2028;68926.36;24/09/2025
DI1F29;02/01/2029;66944.14;24/09/2025
DI1J29;02/04/2029;64922.05;24/09/2025
DI1N29;02/07/2029;62861.73;24/09/2025
DI1V29;01/10/2029;60884.36;24/09/2025
DI1F30;02/01/2030;59025.1;24/09/2025
DI1J30;01/04/2030;57237.09;24/09/2025
DI1N30;01/07/2030;55451.4;24/09/2025
DI1V30;01/10/2030;53616.27;24/09/2025
DI1F31;02/01/2031;51902.28;24/09/2025
DI1F32;02/01/2032;45587.47;24/09/2025
DI1F33;03/01/2033;40158.96;24/09/2025
DI1F34;02/01/2034;35433.96;24/09/2025
DI1F35;02/01/2035;31313.15;24/09/2025
DI1F36;02/01/2036;27727.86;24/09/2025
DI1F37;02/01/2037;24515.91;24/09/2025
DI1F38;04/01/2038;21794.7;24/09/2025
DI1F39;03/01/2039;19335.83;24/09/2025
DI1F40;02/01/2040;17123.83;24/09/2025
DI1V25;01/10/2025;99779.75;25/09/2025
DI1X25;03/11/2025;98522.61;25/09/2025
DI1Z25;01/12/2025;97496.69;25/09/2025
DI1F26;02/01/2026;96321.94;25/09/2025
DI1G26;02/02/2026;95215.1;25/09/2025
DI1H26;02/03/2026;94283.58;25/09/2025
DI1J26;01/04/2026;93166.4;25/09/2025
DI1K26;04/05/2026;92169.03;25/09/2025
DI1M26;01/06/2026;91207.24;25/09/2025
DI1N26;01/07/2026;90215.16;25/09/2025
DI1Q26;03/08/2026;89160.06;25/09/2025
DI1U26;01/09/2026;88227.97;25/09/2025
DI1V26;01/10/2026;87313.64;25/09/2025
DI1Z26;01/12/2026;85639.11;25/09/2025
DI1F27;04/01/2027;84738.73;25/09/2025
DI1J27;01/04/2027;82348.47;25/09/2025
DI1N27;01/07/2027;79970.04;25/09/2025
DI1Q27;02/08/2027;79152.76;25/09/2025
DI1V27;01/10/2027;77565.28;25/09/2025
DI1F28;03/01/2028;75357.83;25/09/2025
DI1J28;03/04/2028;73154.13;25/09/2025
DI1N28;03/07/2028;71016.07;25/09/2025
DI1V28;02/10/2028;68801.48;25/09/2025
DI1F29;02/01/2029;66820.14;25/09/2025
DI1J29;02/04/2029;64798.48;25/09/2025
DI1N29;02/07/2029;62721.09;25/09/2025
DI1V29;01/10/2029;60751.84;25/09/2025
DI1F30;02/01/2030;58884.94;25/09/2025
DI1J30;01/04/2030;57100.84;25/09/2025
DI1N30;01/07/2030;55308.42;25/09/2025
DI1V30;01/10/2030;53483.03;25/09/2025
DI1F31;02/01/2031;51768.01;25/09/2025
DI1F32;02/01/2032;45460.37;25/09/2025
DI1F33;03/01/2033;40033.5;25/09/2025
DI1F34;02/01/2034;35336.28;25/09/2025
DI1F35;02/01/2035;31224.77;25/09/2025
DI1F36;02/01/2036;27642.15;25/09/2025
DI1F37;02/01/2037;24445.9;25/09/2025
DI1F38;04/01/2038;21730.61;25/09/2025
DI1F39;03/01/2039;19273.49;25/09/2025
DI1F40;02/01/2040;17063.8;25/09/2025
DI1V25;01/10/2025;99834.77;26/09/2025
DI1X25;03/11/2025;98576.85;26/09/2025
DI1Z25;01/12/2025;97549.84;26/09/2025
DI1F26;02/01/2026;96374.81;26/09/2025
DI1G26;02/02/2026;95269.02;26/09/2025
DI1H26;02/03/2026;94337.88;26/09/2025
DI1J26;01/04/2026;93220.42;26/09/2025
DI1K26;04/05/2026;92223.26;26/09/2025
DI1M26;01/06/2026;91262.76;26/09/2025
DI1N26;01/07/2026;90276.47;26/09/2025
DI1Q26;03/08/2026;89220.55;26/09/2025
DI1U26;01/09/2026;88288.76;26/09/2025
DI1V26;01/10/2026;87380.9;26/09/2025
DI1Z26;01/12/2026;85707.78;26/09/2025
DI1F27;04/01/2027;84810.98;26/09/2025
DI1J27;01/04/2027;82425.46;26/09/2025
DI1N27;01/07/2027;80049.93;26/09/2025
DI1Q27;02/08/2027;79233.65;26/09/2025
DI1V27;01/10/2027;77648.08;26/09/2025
DI1F28;03/01/2028;75444.77;26/09/2025
DI1J28;03/04/2028;73240.46;26/09/2025
DI1N28;03/07/2028;71108.0;26/09/2025
DI1V28;02/10/2028;68884.7;26/09/2025
DI1F29;02/01/2029;66902.82;26/09/2025
DI1J29;02/04/2029;64876.32;26/09/2025
DI1N29;02/07/2029;62805.9;26/09/2025
DI1V29;01/10/2029;60809.76;26/09/2025
DI1F30;02/01/2030;58936.18;26/09/2025
DI1J30;01/04/2030;57142.76;26/09/2025
DI1N30;01/07/2030;55345.19;26/09/2025
DI1V30;01/10/2030;53509.72;26/09/2025
DI1F31;02/01/2031;51777.2;26/09/2025
DI1F32;02/01/2032;45450.81;26/09/2025
DI1F33;03/01/2033;40005.24;26/09/2025
DI1F34;02/01/2034;35300.31;26/09/2025
DI1F35;02/01/2035;31177.17;26/09/2025
DI1F36;02/01/2036;27606.35;26/09/2025
DI1F37;02/01/2037;24402.65;26/09/2025
DI1F38;04/01/2038;21692.4;26/09/2025
DI1F39;03/01/2039;19233.77;26/09/2025
DI1F40;02/01/2040;17025.32;26/09/2025
DI1V25;01/10/2025;99889.82;29/09/2025
DI1X25;03/11/2025;98631.3;29/09/2025
DI1Z25;01/12/2025;97603.92;29/09/2025
DI1F26;02/01/2026;96427.94;29/09/2025
DI1G26;02/02/2026;95321.5;29/09/2025
DI1H26;02/03/2026;94389.09;29/09/2025
DI1J26;01/04/2026;93269.11;29/09/2025
DI1K26;04/05/2026;92270.44;29/09/2025
DI1M26;01/06/2026;91307.16;29/09/2025
DI1N26;01/07/2026;90316.53;29/09/2025
DI1Q26;03/08/2026;89255.52;29/09/2025
DI1U26;01/09/2026;88325.31;29/09/2025
DI1V26;01/10/2026;87415.8;29/09/2025
DI1Z26;01/12/2026;85735.28;29/09/2025
DI1F27;04/01/2027;84836.61;29/09/2025
DI1J27;01/04/2027;82439.82;29/09/2025
DI1N27;01/07/2027;80059.9;29/09/2025
DI1Q27;02/08/2027;79238.0;29/09/2025
DI1V27;01/10/2027;77648.82;29/09/2025
DI1F28;03/01/2028;75428.45;29/09/2025
DI1J28;03/04/2028;73218.58;29/09/2025
DI1N28;03/07/2028;71074.33;29/09/2025
DI1V28;02/10/2028;68845.93;29/09/2025
DI1F29;02/01/2029;66861.41;29/09/2025
DI1J29;02/04/2029;64828.84;29/09/2025
DI1N29;02/07/2029;62754.51;29/09/2025
DI1V29;01/10/2029;60756.73;29/09/2025
DI1F30;02/01/2030;58869.01;29/09/2025
DI1J30;01/04/2030;57076.81;29/09/2025
DI1N30;01/07/2030;55274.06;29/09/2025
DI1V30;01/10/2030;53442.71;29/09/2025
DI1F31;02/01/2031;51698.38;29/09/2025
DI1F32;02/01/2032;45376.64;29/09/2025
DI1F33;03/01/2033;39908.51;29/09/2025
DI1F34;02/01/2034;35185.43;29/09/2025
DI1F35;02/01/2035;31069.25;29/09/2025
DI1F36;02/01/2036;27498.98;29/09/2025
DI1F37;02/01/2037;24304.32;29/09/2025
DI1F38;04/01/2038;21589.28;29/09/2025
DI1F39;03/01/2039;19134.04;29/09/2025
DI1F40;02/01/2040;16929.71;29/09/2025
DI1V25;01/10/2025;99944.9;30/09/2025
DI1X25;03/11/2025;98685.6;30/09/2025
DI1Z25;01/12/2025;97657.74;30/09/2025
DI1F26;02/01/2026;96481.31;30/09/2025
DI1G26;02/02/2026;95372.6;30/09/2025
DI1H26;02/03/2026;94439.99;30/09/2025
DI1J26;01/04/2026;93321.51;30/09/2025
DI1K26;04/05/2026;92322.35;30/09/2025
DI1M26;01/06/2026;91359.52;30/09/2025
DI1N26;01/07/2026;90369.57;30/09/2025
DI1Q26;03/08/2026;89311.41;30/09/2025
DI1U26;01/09/2026;88378.25;30/09/2025
DI1V26;01/10/2026;87470.7;30/09/2025
DI1Z26;01/12/2026;85789.91;30/09/2025
DI1F27;04/01/2027;84892.96;30/09/2025
DI1J27;01/04/2027;82503.79;30/09/2025
DI1N27;01/07/2027;80126.23;30/09/2025
DI1Q27;02/08/2027;79309.89;30/09/2025
DI1V27;01/10/2027;77727.44;30/09/2025
DI1F28;03/01/2028;75518.3;30/09/2025
DI1J28;03/04/2028;73317.75;30/09/2025
DI1N28;03/07/2028;71188.52;30/09/2025
DI1V28;02/10/2028;68974.59;30/09/2025
DI1F29;02/01/2029;66999.38;30/09/2025
DI1J29;02/04/2029;64978.24;30/09/2025
DI1N29;02/07/2029;62894.98;30/09/2025
DI1V29;01/10/2029;60904.26;30/09/2025
DI1F30;02/01/2030;59036.48;30/09/2025
DI1J30;01/04/2030;57231.13;30/09/2025
DI1N30;01/07/2030;55430.27;30/09/2025
DI1V30;01/10/2030;53588.96;30/09/2025
DI1F31;02/01/2031;51867.16;30/09/2025
DI1F32;02/01/2032;45509.0;30/09/2025
DI1F33;03/01/2033;40045.54;30/09/2025
DI1F34;02/01/2034;35312.83;30/09/2025
DI1F35;02/01/2035;31180.73;30/09/2025
DI1F36;02/01/2036;27599.34;30/09/2025
DI1F37;02/01/2037;24383.74;30/09/2025
DI1F38;04/01/2038;21679.05;30/09/2025
DI1F39;03/01/2039;19217.11;30/09/2025
DI1F40;02/01/2040;17008.15;30/09/2025
DI1V25;01/10/2025;100000.0;01/10/2025
DI1X25;03/11/2025;98739.79;01/10/2025
DI1Z25;01/12/2025;97711.3;01/10/2025
DI1F26;02/01/2026;96534.5;01/10/2025
DI1G26;02/02/2026;95425.44;01/10/2025
DI1H26;02/03/2026;94492.96;01/10/2025
DI1J26;01/04/2026;93372.72;01/10/2025
DI1K26;04/05/2026;92368.71;01/10/2025
DI1M26;01/06/2026;91407.18;01/10/2025
DI1N26;01/07/2026;90416.77;01/10/2025
DI1Q26;03/08/2026;89356.91;01/10/2025
DI1U26;01/09/2026;88420.59;01/10/2025
DI1V26;01/10/2026;87511.08;01/10/2025
DI1Z26;01/12/2026;85824.53;01/10/2025
DI1F27;04/01/2027;84924.3;01/10/2025
DI1J27;01/04/2027;82523.69;01/10/2025
DI1N27;01/07/2027;80135.14;01/10/2025
DI1Q27;02/08/2027;79313.14;01/10/2025
DI1V27;01/10/2027;77724.24;01/10/2025
DI1F28;03/01/2028;75499.18;01/10/2025
DI1J28;03/04/2028;73291.19;01/10/2025
DI1N28;03/07/2028;71155.0;01/10/2025
DI1V28;02/10/2028;68925.03;01/10/2025
DI1F29;02/01/2029;66961.85;01/10/2025
DI1J29;02/04/2029;64942.73;01/10/2025
DI1N29;02/07/2029;62864.26;01/10/2025
DI1V29;01/10/2029;60870.45;01/10/2025
DI1F30;02/01/2030;59008.76;01/10/2025
DI1J30;01/04/2030;57207.88;01/10/2025
DI1N30;01/07/2030;55395.86;01/10/2025
DI1V30;01/10/2030;53578.18;01/10/2025
DI1F31;02/01/2031;51854.95;01/10/2025
DI1F32;02/01/2032;45529.4;01/10/2025
DI1F33;03/01/2033;40080.97;01/10/2025
DI1F34;02/01/2034;35356.15;01/10/2025
DI1F35;02/01/2035;31246.98;01/10/2025
DI1F36;02/01/2036;27655.33;01/10/2025
DI1F37;02/01/2037;24453.74;01/10/2025
DI1F38;04/01/2038;21736.48;01/10/2025
DI1F39;03/01/2039;19260.2;01/10/2025
DI1F40;02/01/2040;17033.61;01/10/2025
DI1X25;03/11/2025;98794.32;02/10/2025
DI1Z25;01/12/2025;97765.18;02/10/2025
DI1F26;02/01/2026;96587.71;02/10/2025
DI1G26;02/02/2026;95479.13;02/10/2025
DI1H26;02/03/2026;94543.28;02/10/2025
DI1J26;01/04/2026;93420.75;02/10/2025
DI1K26;04/05/2026;92416.07;02/10/2025
DI1M26;01/06/2026;91453.33;02/10/2025
DI1N26;01/07/2026;90459.38;02/10/2025
DI1Q26;03/08/2026;89396.01;02/10/2025
DI1U26;01/09/2026;88456.67;02/10/2025
DI1V26;01/10/2026;87540.13;02/10/2025
DI1Z26;01/12/2026;85846.26;02/10/2025
DI1F27;04/01/2027;84937.31;02/10/2025
DI1J27;01/04/2027;82520.19;02/10/2025
DI1N27;01/07/2027;80110.14;02/10/2025
DI1Q27;02/08/2027;79279.86;02/10/2025
DI1V27;01/10/2027;77671.0;02/10/2025
DI1F28;03/01/2028;75422.33;02/10/2025
DI1J28;03/04/2028;73183.02;02/10/2025
DI1N28;03/07/2028;71015.73;02/10/2025
DI1V28;02/10/2028;68774.44;02/10/2025
DI1F29;02/01/2029;66778.36;02/10/2025
DI1J29;02/04/2029;64735.24;02/10/2025
DI1N29;02/07/2029;62646.87;02/10/2025
DI1V29;01/10/2029;60639.34;02/10/2025
DI1F30;02/01/2030;58762.85;02/10/2025
DI1J30;01/04/2030;56947.53;02/10/2025
DI1N30;01/07/2030;55146.71;02/10/2025
DI1V30;01/10/2030;53306.06;02/10/2025
DI1F31;02/01/2031;51572.43;02/10/2025
DI1F32;02/01/2032;45205.14;02/10/2025
DI1F33;03/01/2033;39738.99;02/10/2025
DI1F34;02/01/2034;35015.55;02/10/2025
DI1F35;02/01/2035;30893.13;02/10/2025
DI1F36;02/01/2036;27311.97;02/10/2025
DI1F37;02/01/2037;24138.03;02/10/2025
DI1F38;04/01/2038;21418.58;02/10/2025
DI1F39;03/01/2039;18956.95;02/10/2025
DI1F40;02/01/2040;16738.35;02/10/2025
DI1X25;03/11/2025;98848.59;03/10/2025
DI1Z25;01/12/2025;97819.22;03/10/2025
DI1F26;02/01/2026;96640.75;03/10/2025
DI1G26;02/02/2026;95530.36;03/10/2025
DI1H26;02/03/2026;94592.99;03/10/2025
DI1J26;01/04/2026;93465.68;03/10/2025
DI1K26;04/05/2026;92460.76;03/10/2025
DI1M26;01/06/2026;91492.85;03/10/2025
DI1N26;01/07/2026;90495.17;03/10/2025
DI1Q26;03/08/2026;89428.81;03/10/2025
DI1U26;01/09/2026;88485.88;03/10/2025
DI1V26;01/10/2026;87567.82;03/10/2025
DI1Z26;01/12/2026;85863.85;03/10/2025
DI1F27;04/01/2027;84953.27;03/10/2025
DI1J27;01/04/2027;82519.09;03/10/2025
DI1N27;01/07/2027;80086.69;03/10/2025
DI1Q27;02/08/2027;79250.74;03/10/2025
DI1V27;01/10/2027;77626.34;03/10/2025
DI1F28;03/01/2028;75363.8;03/10/2025
DI1J28;03/04/2028;73112.34;03/10/2025
DI1N28;03/07/2028;70936.95;03/10/2025
DI1V28;02/10/2028;68689.66;03/10/2025
DI1F29;02/01/2029;66694.31;03/10/2025
DI1J29;02/04/2029;64657.1;03/10/2025
DI1N29;02/07/2029;62557.53;03/10/2025
DI1V29;01/10/2029;60549.14;03/10/2025
DI1F30;02/01/2030;58668.38;03/10/2025
DI1J30;01/04/2030;56862.48;03/10/2025
DI1N30;01/07/2030;55058.34;03/10/2025
DI1V30;01/10/2030;53219.07;03/10/2025
DI1F31;02/01/2031;51487.52;03/10/2025
DI1F32;02/01/2032;45144.26;03/10/2025
DI1F33;03/01/2033;39676.14;03/10/2025
DI1F34;02/01/2034;34947.52;03/10/2025
DI1F35;02/01/2035;30843.95;03/10/2025
DI1F36;02/01/2036;27267.15;03/10/2025
DI1F37;02/01/2037;24076.67;03/10/2025
DI1F38;04/01/2038;21342.27;03/10/2025
DI1F39;03/01/2039;18883.07;03/10/2025
DI1F40;02/01/2040;16667.55;03/10/2025
DI1X25;03/11/2025;98903.33;06/10/2025
DI1Z25;01/12/2025;97873.29;06/10/2025
DI1F26;02/01/2026;96694.23;06/10/2025
DI1G26;02/02/2026;95583.0;06/10/2025
DI1H26;02/03/2026;94646.37;06/10/2025
DI1J26;01/04/2026;93520.6;06/10/2025
DI1K26;04/05/2026;92516.45;06/10/2025
DI1M26;01/06/2026;91550.46;06/10/2025
DI1N26;01/07/2026;90556.35;06/10/2025
DI1Q26;03/08/2026;89493.06;06/10/2025
DI1U26;01/09/2026;88553.57;06/10/2025
DI1V26;01/10/2026;87637.9;06/10/2025
DI1Z26;01/12/2026;85945.26;06/10/2025
DI1F27;04/01/2027;85036.33;06/10/2025
DI1J27;01/04/2027;82611.86;06/10/2025
DI1N27;01/07/2027;80194.29;06/10/2025
DI1Q27;02/08/2027;79356.68;06/10/2025
DI1V27;01/10/2027;77736.02;06/10/2025
DI1F28;03/01/2028;75480.16;06/10/2025
DI1J28;03/04/2028;73238.46;06/10/2025
DI1N28;03/07/2028;71079.71;06/10/2025
DI1V28;02/10/2028;68846.64;06/10/2025
DI1F29;02/01/2029;66850.57;06/10/2025
DI1J29;02/04/2029;64815.63;06/10/2025
DI1N29;02/07/2029;62723.9;06/10/2025
DI1V29;01/10/2029;60714.92;06/10/2025
DI1F30;02/01/2030;58834.88;06/10/2025
DI1J30;01/04/2030;57015.91;06/10/2025
DI1N30;01/07/2030;55199.95;06/10/2025
DI1V30;01/10/2030;53359.79;06/10/2025
DI1F31;02/01/2031;51615.07;06/10/2025
DI1F32;02/01/2032;45236.25;06/10/2025
DI1F33;03/01/2033;39746.66;06/10/2025
DI1F34;02/01/2034;34993.05;06/10/2025
DI1F35;02/01/2035;30849.67;06/10/2025
DI1F36;02/01/2036;27273.66;06/10/2025
DI1F37;02/01/2037;24077.0;06/10/2025
DI1F38;04/01/2038;21380.49;06/10/2025
DI1F39;03/01/2039;18907.9;06/10/2025
DI1F40;02/01/2040;16688.4;06/10/2025
DI1X25;03/11/2025;98957.87;07/10/2025
DI1Z25;01/12/2025;97927.25;07/10/2025
DI1F26;02/01/2026;96747.53;07/10/2025
DI1G26;02/02/2026;95635.67;07/10/2025
DI1H26;02/03/2026;94696.85;07/10/2025
DI1J26;01/04/2026;93569.61;07/10/2025
DI1K26;04/05/2026;92559.92;07/10/2025
DI1M26;01/06/2026;91591.19;07/10/2025
DI1N26;01/07/2026;90588.9;07/10/2025
DI1Q26;03/08/2026;89519.68;07/10/2025
DI1U26;01/09/2026;88573.94;07/10/2025
DI1V26;01/10/2026;87650.73;07/10/2025
DI1Z26;01/12/2026;85948.46;07/10/2025
DI1F27;04/01/2027;85035.1;07/10/2025
DI1J27;01/04/2027;82596.11;07/10/2025
DI1N27;01/07/2027;80157.82;07/10/2025
DI1Q27;02/08/2027;79320.31;07/10/2025
DI1V27;01/10/2027;77690.34;07/10/2025
DI1F28;03/01/2028;75420.5;07/10/2025
DI1J28;03/04/2028;73145.8;07/10/2025
DI1N28;03/07/2028;70968.94;07/10/2025
DI1V28;02/10/2028;68713.53;07/10/2025
DI1F29;02/01/2029;66698.81;07/10/2025
DI1J29;02/04/2029;64647.17;07/10/2025
DI1N29;02/07/2029;62532.73;07/10/2025
DI1V29;01/10/2029;60513.07;07/10/2025
DI1F30;02/01/2030;58619.13;07/10/2025
DI1J30;01/04/2030;56786.58;07/10/2025
DI1N30;01/07/2030;54968.77;07/10/2025
DI1V30;01/10/2030;53113.17;07/10/2025
DI1F31;02/01/2031;51363.31;07/10/2025
DI1F32;02/01/2032;44949.65;07/10/2025
DI1F33;03/01/2033;39448.7;07/10/2025
DI1F34;02/01/2034;34682.12;07/10/2025
DI1F35;02/01/2035;30548.3;07/10/2025
DI1F36;02/01/2036;26977.07;07/10/2025
DI1F37;02/01/2037;23783.47;07/10/2025
DI1F38;04/01/2038;21084.48;07/10/2025
DI1F39;03/01/2039;18613.19;07/10/2025
DI1F40;02/01/2040;16408.1;07/10/2025
DI1X25;03/11/2025;99012.45;08/10/2025
DI1Z25;01/12/2025;97981.24;08/10/2025
DI1F26;02/01/2026;96800.86;08/10/2025
DI1G26;02/02/2026;95688.38;08/10/2025
DI1H26;02/03/2026;94751.55;08/10/2025
DI1J26;01/04/2026;93623.35;08/10/2025
DI1K26;04/05/2026;92617.41;08/10/2025
DI1M26;01/06/2026;91646.24;08/10/2025
DI1N26;01/07/2026;90649.46;08/10/2025
DI1Q26;03/08/2026;89580.07;08/10/2025
DI1U26;01/09/2026;88636.71;08/10/2025
DI1V26;01/10/2026;87718.48;08/10/2025
DI1Z26;01/12/2026;86016.9;08/10/2025
DI1F27;04/01/2027;85109.8;08/10/2025
DI1J27;01/04/2027;82672.82;08/10/2025
DI1N27;01/07/2027;80237.46;08/10/2025
DI1Q27;02/08/2027;79402.21;08/10/2025
DI1V27;01/10/2027;77776.95;08/10/2025
DI1F28;03/01/2028;75507.18;08/10/2025
DI1J28;03/04/2028;73238.26;08/10/2025
DI1N28;03/07/2028;71052.04;08/10/2025
DI1V28;02/10/2028;68792.93;08/10/2025
DI1F29;02/01/2029;66771.82;08/10/2025
DI1J29;02/04/2029;64711.05;08/10/2025
DI1N29;02/07/2029;62602.93;08/10/2025
DI1V29;01/10/2029;60575.18;08/10/2025
DI1F30;02/01/2030;58681.23;08/10/2025
DI1J30;01/04/2030;56846.38;08/10/2025
DI1N30;01/07/2030;55030.63;08/10/2025
DI1V30;01/10/2030;53174.81;08/10/2025
DI1F31;02/01/2031;51429.36;08/10/2025
DI1F32;02/01/2032;45043.71;08/10/2025
DI1F33;03/01/2033;39553.84;08/10/2025
DI1F34;02/01/2034;34807.44;08/10/2025
DI1F35;02/01/2035;30670.09;08/10/2025
DI1F36;02/01/2036;27092.31;08/10/2025
DI1F37;02/01/2037;23898.63;08/10/2025
DI1F38;04/01/2038;21185.61;08/10/2025
DI1F39;03/01/2039;18713.36;08/10/2025
DI1F40;02/01/2040;16508.64;08/10/2025
DI1X25;03/11/2025;99067.12;09/10/2025
DI1Z25;01/12/2025;98035.38;09/10/2025
DI1F26;02/01/2026;96854.22;09/10/2025
DI1G26;02/02/2026;95742.41;09/10/2025
DI1H26;02/03/2026;94805.91;09/10/2025
DI1J26;01/04/2026;93679.01;09/10/2025
DI1K26;04/05/2026;92676.18;09/10/2025
DI1M26;01/06/2026;91710.34;09/10/2025
DI1N26;01/07/2026;90718.99;09/10/2025
DI1Q26;03/08/2026;89656.77;09/10/2025
DI1U26;01/09/2026;88720.07;09/10/2025
DI1V26;01/10/2026;87807.76;09/10/2025
DI1Z26;01/12/2026;86121.91;09/10/2025
DI1F27;04/01/2027;85221.69;09/10/2025
DI1J27;01/04/2027;82810.85;09/10/2025
DI1N27;01/07/2027;80395.42;09/10/2025
DI1Q27;02/08/2027;79561.85;09/10/2025
DI1V27;01/10/2027;77949.73;09/10/2025
DI1F28;03/01/2028;75695.68;09/10/2025
DI1J28;03/04/2028;73439.14;09/10/2025
DI1N28;03/07/2028;71264.28;09/10/2025
DI1V28;02/10/2028;69010.9;09/10/2025
DI1F29;02/01/2029;66992.05;09/10/2025
DI1J29;02/04/2029;64940.2;09/10/2025
DI1N29;02/07/2029;62832.35;09/10/2025
DI1V29;01/10/2029;60799.81;09/10/2025
DI1F30;02/01/2030;58906.05;09/10/2025
DI1J30;01/04/2030;57072.9;09/10/2025
DI1N30;01/07/2030;55246.92;09/10/2025
DI1V30;01/10/2030;53391.71;09/10/2025
DI1F31;02/01/2031;51643.75;09/10/2025
DI1F32;02/01/2032;45216.55;09/10/2025
DI1F33;03/01/2033;39706.83;09/10/2025
DI1F34;02/01/2034;34943.21;09/10/2025
DI1F35;02/01/2035;30774.94;09/10/2025
DI1F36;02/01/2036;27208.01;09/10/2025
DI1F37;02/01/2037;24002.52;09/10/2025
DI1F38;04/01/2038;21284.93;09/10/2025
DI1F39;03/01/2039;18807.52;09/10/2025
DI1F40;02/01/2040;16597.38;09/10/2025
DI1X25;03/11/2025;99121.69;10/10/2025
DI1Z25;01/12/2025;98089.43;10/10/2025
DI1F26;02/01/2026;96908.57;10/10/2025
DI1G26;02/02/2026;95796.45;10/10/2025
DI1H26;02/03/2026;94861.2;10/10/2025
DI1J26;01/04/2026;93738.08;10/10/2025
DI1K26;04/05/2026;92734.42;10/10/2025
DI1M26;01/06/2026;91770.3;10/10/2025
DI1N26;01/07/2026;90785.54;10/10/2025
DI1Q26;03/08/2026;89724.47;10/10/2025
DI1U26;01/09/2026;88788.78;10/10/2025
DI1V26;01/10/2026;87876.71;10/10/2025
DI1Z26;01/12/2026;86192.61;10/10/2025
DI1F27;04/01/2027;85292.43;10/10/2025
DI1J27;01/04/2027;82869.27;10/10/2025
DI1N27;01/07/2027;80444.66;10/10/2025
DI1Q27;02/08/2027;79590.82;10/10/2025
DI1V27;01/10/2027;77972.8;10/10/2025
DI1F28;03/01/2028;75701.0;10/10/2025
DI1J28;03/04/2028;73405.53;10/10/2025
DI1N28;03/07/2028;71214.75;10/10/2025
DI1V28;02/10/2028;68924.71;10/10/2025
DI1F29;02/01/2029;66893.3;10/10/2025
DI1J29;02/04/2029;64811.3;10/10/2025
DI1N29;02/07/2029;62690.38;10/10/2025
DI1V29;01/10/2029;60638.35;10/10/2025
DI1F30;02/01/2030;58749.16;10/10/2025
DI1J30;01/04/2030;56890.6;10/10/2025
DI1N30;01/07/2030;55052.46;10/10/2025
DI1V30;01/10/2030;53182.6;10/10/2025
DI1F31;02/01/2031;51441.8;10/10/2025
DI1F32;02/01/2032;44984.55;10/10/2025
DI1F33;03/01/2033;39457.14;10/10/2025
DI1F34;02/01/2034;34683.16;10/10/2025
DI1F35;02/01/2035;30526.45;10/10/2025
DI1F36;02/01/2036;26939.07;10/10/2025
DI1F37;02/01/2037;23735.97;10/10/2025
DI1F38;04/01/2038;21028.87;10/10/2025
DI1F39;03/01/2039;18561.98;10/10/2025
DI1F40;02/01/2040;16363.73;10/10/2025
DI1X25;03/11/2025;99176.57;13/10/2025
DI1Z25;01/12/2025;98143.74;13/10/2025
DI1F26;02/01/2026;96961.78;13/10/2025
DI1G26;02/02/2026;95848.7;13/10/2025
DI1H26;02/03/2026;94913.04;13/10/2025
DI1J26;01/04/2026;93787.56;13/10/2025
DI1K26;04/05/2026;92784.69;13/10/2025
DI1M26;01/06/2026;91822.69;13/10/2025
DI1N26;01/07/2026;90828.98;13/10/2025
DI1Q26;03/08/2026;89765.14;13/10/2025
DI1U26;01/09/2026;88828.61;13/10/2025
DI1V26;01/10/2026;87917.33;13/10/2025
DI1X26;03/11/2026;87020.94;13/10/2025
DI1Z26;01/12/2026;86226.68;13/10/2025
DI1F27;04/01/2027;85327.73;13/10/2025
DI1J27;01/04/2027;82909.72;13/10/2025
DI1N27;01/07/2027;80481.87;13/10/2025
DI1Q27;02/08/2027;79643.64;13/10/2025
DI1V27;01/10/2027;78016.12;13/10/2025
DI1F28;03/01/2028;75749.15;13/10/2025
DI1J28;03/04/2028;73475.56;13/10/2025
DI1N28;03/07/2028;71274.01;13/10/2025
DI1V28;02/10/2028;69011.23;13/10/2025
DI1F29;02/01/2029;66964.38;13/10/2025
DI1J29;02/04/2029;64888.91;13/10/2025
DI1N29;02/07/2029;62774.84;13/10/2025
DI1V29;01/10/2029;60738.37;13/10/2025
DI1F30;02/01/2030;58824.25;13/10/2025
DI1J30;01/04/2030;56988.1;13/10/2025
DI1N30;01/07/2030;55150.56;13/10/2025
DI1V30;01/10/2030;53278.9;13/10/2025
DI1F31;02/01/2031;51512.55;13/10/2025
DI1F32;02/01/2032;45066.32;13/10/2025
DI1F33;03/01/2033;39514.78;13/10/2025
DI1F34;02/01/2034;34718.44;13/10/2025
DI1F35;02/01/2035;30561.81;13/10/2025
DI1F36;02/01/2036;26979.34;13/10/2025
DI1F37;02/01/2037;23771.41;13/10/2025
DI1F38;04/01/2038;21059.81;13/10/2025
DI1F39;03/01/2039;18588.6;13/10/2025
DI1F40;02/01/2040;16388.34;13/10/2025
DI1X25;03/11/2025;99231.11;14/10/2025
DI1Z25;01/12/2025;98197.84;14/10/2025
DI1F26;02/01/2026;97015.59;14/10/2025
DI1G26;02/02/2026;95901.99;14/10/2025
DI1H26;02/03/2026;94966.14;14/10/2025
DI1J26;01/04/2026;93840.49;14/10/2025
DI1K26;04/05/2026;92837.17;14/10/2025
DI1M26;01/06/2026;91874.59;14/10/2025
DI1N26;01/07/2026;90881.42;14/10/2025
DI1Q26;03/08/2026;89819.6;14/10/2025
DI1U26;01/09/2026;88885.56;14/10/2025
DI1V26;01/10/2026;87972.8;14/10/2025
DI1X26;03/11/2026;87078.71;14/10/2025
DI1Z26;01/12/2026;86288.77;14/10/2025
DI1F27;04/01/2027;85385.68;14/10/2025
DI1J27;01/04/2027;82974.42;14/10/2025
DI1N27;01/07/2027;80552.73;14/10/2025
DI1Q27;02/08/2027;79713.94;14/10/2025
DI1V27;01/10/2027;78094.36;14/10/2025
DI1F28;03/01/2028;75834.12;14/10/2025
DI1J28;03/04/2028;73564.66;14/10/2025
DI1N28;03/07/2028;71372.25;14/10/2025
DI1V28;02/10/2028;69106.72;14/10/2025
DI1F29;02/01/2029;67069.39;14/10/2025
DI1J29;02/04/2029;65003.85;14/10/2025
DI1N29;02/07/2029;62873.57;14/10/2025
DI1V29;01/10/2029;60842.66;14/10/2025
DI1F30;02/01/2030;58940.54;14/10/2025
DI1J30;01/04/2030;57096.77;14/10/2025
DI1N30;01/07/2030;55255.55;14/10/2025
DI1V30;01/10/2030;53384.54;14/10/2025
DI1F31;02/01/2031;51623.29;14/10/2025
DI1F32;02/01/2032;45180.04;14/10/2025
DI1F33;03/01/2033;39622.41;14/10/2025
DI1F34;02/01/2034;34826.17;14/10/2025
DI1F35;02/01/2035;30656.33;14/10/2025
DI1F36;02/01/2036;27063.05;14/10/2025
DI1F37;02/01/2037;23851.25;14/10/2025
DI1F38;04/01/2038;21135.87;14/10/2025
DI1F39;03/01/2039;18660.47;14/10/2025
DI1F40;02/01/2040;16455.88;14/10/2025
DI1X25;03/11/2025;99285.97;15/10/2025
DI1Z25;01/12/2025;98251.97;15/10/2025
DI1F26;02/01/2026;97068.68;15/10/2025
DI1G26;02/02/2026;95953.56;15/10/2025
DI1H26;02/03/2026;95013.75;15/10/2025
DI1J26;01/04/2026;93885.22;15/10/2025
DI1K26;04/05/2026;92877.08;15/10/2025
DI1M26;01/06/2026;91910.21;15/10/2025
DI1N26;01/07/2026;90912.8;15/10/2025
DI1Q26;03/08/2026;89846.14;15/10/2025
DI1U26;01/09/2026;88906.5;15/10/2025
DI1V26;01/10/2026;87989.94;15/10/2025
DI1X26;03/11/2026;87092.81;15/10/2025
DI1Z26;01/12/2026;86299.32;15/10/2025
DI1F27;04/01/2027;85395.84;15/10/2025
DI1J27;01/04/2027;82981.26;15/10/2025
DI1N27;01/07/2027;80567.17;15/10/2025
DI1Q27;02/08/2027;79736.72;15/10/2025
DI1V27;01/10/2027;78126.91;15/10/2025
DI1F28;03/01/2028;75879.28;15/10/2025
DI1J28;03/04/2028;73634.62;15/10/2025
DI1N28;03/07/2028;71456.9;15/10/2025
DI1V28;02/10/2028;69209.39;15/10/2025
DI1F29;02/01/2029;67200.82;15/10/2025
DI1J29;02/04/2029;65142.45;15/10/2025
DI1N29;02/07/2029;63043.8;15/10/2025
DI1V29;01/10/2029;61020.93;15/10/2025
DI1F30;02/01/2030;59135.13;15/10/2025
DI1J30;01/04/2030;57303.5;15/10/2025
DI1N30;01/07/2030;55476.62;15/10/2025
DI1V30;01/10/2030;53615.62;15/10/2025
DI1F31;02/01/2031;51868.6;15/10/2025
DI1F32;02/01/2032;45434.34;15/10/2025
DI1F33;03/01/2033;39893.46;15/10/2025
DI1F34;02/01/2034;35092.6;15/10/2025
DI1F35;02/01/2035;30919.81;15/10/2025
DI1F36;02/01/2036;27324.29;15/10/2025
DI1F37;02/01/2037;24093.78;15/10/2025
DI1F38;04/01/2038;21387.32;15/10/2025
DI1F39;03/01/2039;18891.32;15/10/2025
DI1F40;02/01/2040;16672.31;15/10/2025
DI1X25;03/11/2025;99340.67;16/10/2025
DI1Z25;01/12/2025;98306.03;16/10/2025
DI1F26;02/01/2026;97122.0;16/10/2025
DI1G26;02/02/2026;96008.39;16/10/2025
DI1H26;02/03/2026;95066.93;16/10/2025
DI1J26;01/04/2026;93938.6;16/10/2025
DI1K26;04/05/2026;92932.66;16/10/2025
DI1M26;01/06/2026;91961.72;16/10/2025
DI1N26;01/07/2026;90964.22;16/10/2025
DI1Q26;03/08/2026;89898.82;16/10/2025
DI1U26;01/09/2026;88958.08;16/10/2025
DI1V26;01/10/2026;88041.07;16/10/2025
DI1X26;03/11/2026;87144.29;16/10/2025
DI1Z26;01/12/2026;86349.63;16/10/2025
DI1F27;04/01/2027;85444.83;16/10/2025
DI1J27;01/04/2027;83032.3;16/10/2025
DI1N27;01/07/2027;80622.4;16/10/2025
DI1Q27;02/08/2027;79789.5;16/10/2025
DI1V27;01/10/2027;78176.91;16/10/2025
DI1F28;03/01/2028;75928.85;16/10/2025
DI1J28;03/04/2028;73669.56;16/10/2025
DI1N28;03/07/2028;71480.46;16/10/2025
DI1V28;02/10/2028;69225.76;16/10/2025
DI1F29;02/01/2029;67198.31;16/10/2025
DI1J29;02/04/2029;65131.55;16/10/2025
DI1N29;02/07/2029;63020.11;16/10/2025
DI1V29;01/10/2029;60985.92;16/10/2025
DI1F30;02/01/2030;59075.67;16/10/2025
DI1J30;01/04/2030;57238.72;16/10/2025
DI1N30;01/07/2030;55397.59;16/10/2025
DI1V30;01/10/2030;53542.77;16/10/2025
DI1F31;02/01/2031;51786.25;16/10/2025
DI1F32;02/01/2032;45336.71;16/10/2025
DI1F33;03/01/2033;39778.13;16/10/2025
DI1F34;02/01/2034;34984.67;16/10/2025
DI1F35;02/01/2035;30816.34;16/10/2025
DI1F36;02/01/2036;27226.28;16/10/2025
DI1F37;02/01/2037;23999.9;16/10/2025
DI1F38;04/01/2038;21300.09;16/10/2025
DI1F39;03/01/2039;18809.32;16/10/2025
DI1F40;02/01/2040;16593.81;16/10/2025
DI1X25;03/11/2025;99395.52;17/10/2025
DI1Z25;01/12/2025;98360.12;17/10/2025
DI1F26;02/01/2026;97175.53;17/10/2025
DI1G26;02/02/2026;96061.01;17/10/2025
DI1H26;02/03/2026;95120.12;17/10/2025
DI1J26;01/04/2026;93989.77;17/10/2025
DI1K26;04/05/2026;92981.8;17/10/2025
DI1M26;01/06/2026;92010.8;17/10/2025
DI1N26;01/07/2026;91013.46;17/10/2025
DI1Q26;03/08/2026;89943.49;17/10/2025
DI1U26;01/09/2026;89006.3;17/10/2025
DI1V26;01/10/2026;88090.0;17/10/2025
DI1X26;03/11/2026;87194.19;17/10/2025
DI1Z26;01/12/2026;86403.29;17/10/2025
DI1F27;04/01/2027;85498.31;17/10/2025
DI1J27;01/04/2027;83086.46;17/10/2025
DI1N27;01/07/2027;80674.02;17/10/2025
DI1Q27;02/08/2027;79839.76;17/10/2025
DI1V27;01/10/2027;78224.22;17/10/2025
DI1F28;03/01/2028;75969.61;17/10/2025
DI1J28;03/04/2028;73706.12;17/10/2025
DI1N28;03/07/2028;71507.46;17/10/2025
DI1V28;02/10/2028;69238.6;17/10/2025
DI1F29;02/01/2029;67201.54;17/10/2025
DI1J29;02/04/2029;65120.76;17/10/2025
DI1N29;02/07/2029;63010.82;17/10/2025
DI1V29;01/10/2029;60959.52;17/10/2025
DI1F30;02/01/2030;59053.28;17/10/2025
DI1J30;01/04/2030;57211.94;17/10/2025
DI1N30;01/07/2030;55371.04;17/10/2025
DI1V30;01/10/2030;53502.61;17/10/2025
DI1F31;02/01/2031;51741.83;17/10/2025
DI1F32;02/01/2032;45283.65;17/10/2025
DI1F33;03/01/2033;39730.82;17/10/2025
DI1F34;02/01/2034;34924.79;17/10/2025
DI1F35;02/01/2035;30755.35;17/10/2025
DI1F36;02/01/2036;27152.92;17/10/2025
DI1F37;02/01/2037;23922.91;17/10/2025
DI1F38;04/01/2038;21222.38;17/10/2025
DI1F39;03/01/2039;18734.26;17/10/2025
DI1F40;02/01/2040;16521.93;17/10/2025
DI1X25;03/11/2025;99450.15;20/10/2025
DI1Z25;01/12/2025;98414.25;20/10/2025
DI1F26;02/01/2026;97228.91;20/10/2025
DI1G26;02/02/2026;96112.23;20/10/2025
DI1H26;02/03/2026;95170.95;20/10/2025
DI1J26;01/04/2026;94041.7;20/10/2025
DI1K26;04/05/2026;93032.69;20/10/2025
DI1M26;01/06/2026;92061.37;20/10/2025
DI1N26;01/07/2026;91068.19;20/10/2025
DI1Q26;03/08/2026;90004.12;20/10/2025
DI1U26;01/09/2026;89067.94;20/10/2025
DI1V26;01/10/2026;88158.6;20/10/2025
DI1X26;03/11/2026;87266.86;20/10/2025
DI1Z26;01/12/2026;86474.47;20/10/2025
DI1F27;04/01/2027;85583.93;20/10/2025
DI1J27;01/04/2027;83189.67;20/10/2025
DI1N27;01/07/2027;80797.24;20/10/2025
DI1Q27;02/08/2027;79970.83;20/10/2025
DI1V27;01/10/2027;78366.45;20/10/2025
DI1F28;03/01/2028;76129.26;20/10/2025
DI1J28;03/04/2028;73879.23;20/10/2025
DI1N28;03/07/2028;71702.15;20/10/2025
DI1V28;02/10/2028;69438.17;20/10/2025
DI1F29;02/01/2029;67417.71;20/10/2025
DI1J29;02/04/2029;65353.65;20/10/2025
DI1N29;02/07/2029;63234.06;20/10/2025
DI1V29;01/10/2029;61201.07;20/10/2025
DI1F30;02/01/2030;59295.59;20/10/2025
DI1J30;01/04/2030;57447.56;20/10/2025
DI1N30;01/07/2030;55596.63;20/10/2025
DI1V30;01/10/2030;53733.7;20/10/2025
DI1F31;02/01/2031;51980.11;20/10/2025
DI1F32;02/01/2032;45506.01;20/10/2025
DI1F33;03/01/2033;39924.19;20/10/2025
DI1F34;02/01/2034;35115.98;20/10/2025
DI1F35;02/01/2035;30929.75;20/10/2025
DI1F36;02/01/2036;27326.96;20/10/2025
DI1F37;02/01/2037;24092.65;20/10/2025
DI1F38;04/01/2038;21383.17;20/10/2025
DI1F39;03/01/2039;18884.96;20/10/2025
DI1F40;02/01/2040;16664.33;20/10/2025
DI1X25;03/11/2025;99504.97;21/10/2025
DI1Z25;01/12/2025;98468.6;21/10/2025
DI1F26;02/01/2026;97282.67;21/10/2025
DI1G26;02/02/2026;96166.36;21/10/2025
DI1H26;02/03/2026;95223.3;21/10/2025
DI1J26;01/04/2026;94095.11;21/10/2025
DI1K26;04/05/2026;93089.08;21/10/2025
DI1M26;01/06/2026;92117.74;21/10/2025
DI1N26;01/07/2026;91124.51;21/10/2025
DI1Q26;03/08/2026;90065.89;21/10/2025
DI1U26;01/09/2026;89131.5;21/10/2025
DI1V26;01/10/2026;88226.36;21/10/2025
DI1X26;03/11/2026;87339.39;21/10/2025
DI1Z26;01/12/2026;86554.71;21/10/2025
DI1F27;04/01/2027;85664.91;21/10/2025
DI1J27;01/04/2027;83281.23;21/10/2025
DI1N27;01/07/2027;80888.08;21/10/2025
DI1Q27;02/08/2027;80061.96;21/10/2025
DI1V27;01/10/2027;78463.08;21/10/2025
DI1F28;03/01/2028;76233.03;21/10/2025
DI1J28;03/04/2028;73985.58;21/10/2025
DI1N28;03/07/2028;71808.71;21/10/2025
DI1V28;02/10/2028;69542.57;21/10/2025
DI1F29;02/01/2029;67517.04;21/10/2025
DI1J29;02/04/2029;65456.86;21/10/2025
DI1N29;02/07/2029;63343.14;21/10/2025
DI1V29;01/10/2029;61311.9;21/10/2025
DI1F30;02/01/2030;59405.66;21/10/2025
DI1J30;01/04/2030;57558.79;21/10/2025
DI1N30;01/07/2030;55715.64;21/10/2025
DI1V30;01/10/2030;53849.07;21/10/2025
DI1F31;02/01/2031;52093.75;21/10/2025
DI1F32;02/01/2032;45620.45;21/10/2025
DI1F33;03/01/2033;40047.73;21/10/2025
DI1F34;02/01/2034;35219.62;21/10/2025
DI1F35;02/01/2035;31025.19;21/10/2025
DI1F36;02/01/2036;27426.22;21/10/2025
DI1F37;02/01/2037;24175.8;21/10/2025
DI1F38;04/01/2038;21448.82;21/10/2025
DI1F39;03/01/2039;18955.67;21/10/2025
DI1F40;02/01/2040;16730.84;21/10/2025
DI1X25;03/11/2025;99559.93;22/10/2025
DI1Z25;01/12/2025;98522.89;22/10/2025
DI1F26;02/01/2026;97335.96;22/10/2025
DI1G26;02/02/2026;96218.39;22/10/2025
DI1H26;02/03/2026;95277.71;22/10/2025
DI1J26;01/04/2026;94148.86;22/10/2025
DI1K26;04/05/2026;93144.59;22/10/2025
DI1M26;01/06/2026;92180.75;22/10/2025
DI1N26;01/07/2026;91191.58;22/10/2025
DI1Q26;03/08/2026;90135.44;22/10/2025
DI1U26;01/09/2026;89206.27;22/10/2025
DI1V26;01/10/2026;88299.78;22/10/2025
DI1X26;03/11/2026;87417.25;22/10/2025
DI1Z26;01/12/2026;86636.46;22/10/2025
DI1F27;04/01/2027;85747.52;22/10/2025
DI1J27;01/04/2027;83368.47;22/10/2025
DI1N27;01/07/2027;80984.76;22/10/2025
DI1Q27;02/08/2027;80162.92;22/10/2025
DI1V27;01/10/2027;78572.99;22/10/2025
DI1F28;03/01/2028;76344.07;22/10/2025
DI1J28;03/04/2028;74103.02;22/10/2025
DI1N28;03/07/2028;71930.54;22/10/2025
DI1V28;02/10/2028;69677.56;22/10/2025
DI1F29;02/01/2029;67656.08;22/10/2025
DI1J29;02/04/2029;65599.55;22/10/2025
DI1N29;02/07/2029;63485.04;22/10/2025
DI1V29;01/10/2029;61463.08;22/10/2025
DI1F30;02/01/2030;59561.62;22/10/2025
DI1J30;01/04/2030;57714.84;22/10/2025
DI1N30;01/07/2030;55871.35;22/10/2025
DI1V30;01/10/2030;54008.9;22/10/2025
DI1F31;02/01/2031;52250.2;22/10/2025
DI1F32;02/01/2032;45799.54;22/10/2025
DI1F33;03/01/2033;40219.66;22/10/2025
DI1F34;02/01/2034;35389.43;22/10/2025
DI1F35;02/01/2035;31193.48;22/10/2025
DI1F36;02/01/2036;27582.27;22/10/2025
DI1F37;02/01/2037;24330.59;22/10/2025
DI1F38;04/01/2038;21597.45;22/10/2025
DI1F39;03/01/2039;19097.09;22/10/2025
DI1F40;02/01/2040;16864.54;22/10/2025
DI1X25;03/11/2025;99614.86;23/10/2025
DI1Z25;01/12/2025;98577.03;23/10/2025
DI1F26;02/01/2026;97389.77;23/10/2025
DI1G26;02/02/2026;96271.16;23/10/2025
DI1H26;02/03/2026;95329.53;23/10/2025
DI1J26;01/04/2026;94199.77;23/10/2025
DI1K26;04/05/2026;93195.07;23/10/2025
DI1M26;01/06/2026;92231.28;23/10/2025
DI1N26;01/07/2026;91243.46;23/10/2025
DI1Q26;03/08/2026;90185.52;23/10/2025
DI1U26;01/09/2026;89255.0;23/10/2025
DI1V26;01/10/2026;88350.68;23/10/2025
DI1X26;03/11/2026;87466.9;23/10/2025
DI1Z26;01/12/2026;86684.82;23/10/2025
DI1F27;04/01/2027;85797.99;23/10/2025
DI1J27;01/04/2027;83421.24;23/10/2025
DI1N27;01/07/2027;81044.39;23/10/2025
DI1Q27;02/08/2027;80224.03;23/10/2025
DI1V27;01/10/2027;78640.03;23/10/2025
DI1F28;03/01/2028;76419.78;23/10/2025
DI1J28;03/04/2028;74183.83;23/10/2025
DI1N28;03/07/2028;72018.37;23/10/2025
DI1V28;02/10/2028;69762.13;23/10/2025
DI1F29;02/01/2029;67736.52;23/10/2025
DI1J29;02/04/2029;65677.17;23/10/2025
DI1N29;02/07/2029;63567.59;23/10/2025
DI1V29;01/10/2029;61533.76;23/10/2025
DI1F30;02/01/2030;59621.67;23/10/2025
DI1J30;01/04/2030;57781.54;23/10/2025
DI1N30;01/07/2030;55935.76;23/10/2025
DI1V30;01/10/2030;54066.19;23/10/2025
DI1F31;02/01/2031;52311.94;23/10/2025
DI1F32;02/01/2032;45839.99;23/10/2025
DI1F33;03/01/2033;40257.72;23/10/2025
DI1F34;02/01/2034;35425.11;23/10/2025
DI1F35;02/01/2035;31224.33;23/10/2025
DI1F36;02/01/2036;27615.87;23/10/2025
DI1F37;02/01/2037;24357.17;23/10/2025
DI1F38;04/01/2038;21619.83;23/10/2025
DI1F39;03/01/2039;19117.7;23/10/2025
DI1F40;02/01/2040;16883.48;23/10/2025
DI1X25;03/11/2025;99669.83;24/10/2025
DI1Z25;01/12/2025;98631.47;24/10/2025
DI1F26;02/01/2026;97444.56;24/10/2025
DI1G26;02/02/2026;96326.46;24/10/2025
DI1H26;02/03/2026;95383.93;24/10/2025
DI1J26;01/04/2026;94256.7;24/10/2025
DI1K26;04/05/2026;93254.67;24/10/2025
DI1M26;01/06/2026;92293.64;24/10/2025
DI1N26;01/07/2026;91308.69;24/10/2025
DI1Q26;03/08/2026;90256.64;24/10/2025
DI1U26;01/09/2026;89330.17;24/10/2025
DI1V26;01/10/2026;88430.33;24/10/2025
DI1X26;03/11/2026;87552.27;24/10/2025
DI1Z26;01/12/2026;86777.88;24/10/2025
DI1F27;04/01/2027;85893.64;24/10/2025
DI1J27;01/04/2027;83527.97;24/10/2025
DI1N27;01/07/2027;81162.27;24/10/2025
DI1Q27;02/08/2027;80352.07;24/10/2025
DI1V27;01/10/2027;78776.46;24/10/2025
DI1F28;03/01/2028;76565.93;24/10/2025
DI1J28;03/04/2028;74344.13;24/10/2025
DI1N28;03/07/2028;72191.14;24/10/2025
DI1V28;02/10/2028;69947.66;24/10/2025
DI1F29;02/01/2029;67934.36;24/10/2025
DI1J29;02/04/2029;65887.23;24/10/2025
DI1N29;02/07/2029;63783.62;24/10/2025
DI1V29;01/10/2029;61766.01;24/10/2025
DI1F30;02/01/2030;59869.84;24/10/2025
DI1J30;01/04/2030;58032.2;24/10/2025
DI1N30;01/07/2030;56192.79;24/10/2025
DI1V30;01/10/2030;54329.53;24/10/2025
DI1F31;02/01/2031;52578.43;24/10/2025
DI1F32;02/01/2032;46117.01;24/10/2025
DI1F33;03/01/2033;40529.74;24/10/2025
DI1F34;02/01/2034;35682.65;24/10/2025
DI1F35;02/01/2035;31474.42;24/10/2025
DI1F36;02/01/2036;27847.23;24/10/2025
DI1F37;02/01/2037;24575.55;24/10/2025
DI1F38;04/01/2038;21848.71;24/10/2025
DI1F39;03/01/2039;19327.15;24/10/2025
DI1F40;02/01/2040;17084.08;24/10/2025
DI1X25;03/11/2025;99724.78;27/10/2025
DI1Z25;01/12/2025;98685.85;27/10/2025
DI1F26;02/01/2026;97497.47;27/10/2025
DI1G26;02/02/2026;96379.05;27/10/2025
DI1H26;02/03/2026;95435.81;27/10/2025
DI1J26;01/04/2026;94306.94;27/10/2025
DI1K26;04/05/2026;93301.05;27/10/2025
DI1M26;01/06/2026;92341.79;27/10/2025
DI1N26;01/07/2026;91356.23;27/10/2025
DI1Q26;03/08/2026;90303.05;27/10/2025
DI1U26;01/09/2026;89378.16;27/10/2025
DI1V26;01/10/2026;88478.96;27/10/2025
DI1X26;03/11/2026;87601.02;27/10/2025
DI1Z26;01/12/2026;86828.58;27/10/2025
DI1F27;04/01/2027;85942.19;27/10/2025
DI1J27;01/04/2027;83574.36;27/10/2025
DI1N27;01/07/2027;81214.59;27/10/2025
DI1Q27;02/08/2027;80404.32;27/10/2025
DI1V27;01/10/2027;78833.98;27/10/2025
DI1F28;03/01/2028;76613.59;27/10/2025
DI1J28;03/04/2028;74393.0;27/10/2025
DI1N28;03/07/2028;72246.6;27/10/2025
DI1V28;02/10/2028;70008.74;27/10/2025
DI1F29;02/01/2029;67997.73;27/10/2025
DI1J29;02/04/2029;65952.99;27/10/2025
DI1N29;02/07/2029;63851.84;27/10/2025
DI1V29;01/10/2029;61836.75;27/10/2025
DI1F30;02/01/2030;59943.09;27/10/2025
DI1J30;01/04/2030;58112.49;27/10/2025
DI1N30;01/07/2030;56282.61;27/10/2025
DI1V30;01/10/2030;54415.1;27/10/2025
DI1F31;02/01/2031;52671.37;27/10/2025
DI1F32;02/01/2032;46210.06;27/10/2025
DI1F33;03/01/2033;40634.36;27/10/2025
DI1F34;02/01/2034;35805.67;27/10/2025
DI1F35;02/01/2035;31589.09;27/10/2025
DI1F36;02/01/2036;27978.1;27/10/2025
DI1F37;02/01/2037;24701.32;27/10/2025
DI1F38;04/01/2038;21920.35;27/10/2025
DI1F39;03/01/2039;19444.3;27/10/2025
DI1F40;02/01/2040;17188.48;27/10/2025
DI1X25;03/11/2025;99779.74;28/10/2025
DI1Z25;01/12/2025;98740.1;28/10/2025
DI1F26;02/01/2026;97551.05;28/10/2025
DI1G26;02/02/2026;96431.02;28/10/2025
DI1H26;02/03/2026;95487.72;28/10/2025
DI1J26;01/04/2026;94356.54;28/10/2025
DI1K26;04/05/2026;93352.01;28/10/2025
DI1M26;01/06/2026;92389.98;28/10/2025
DI1N26;01/07/2026;91401.71;28/10/2025
DI1Q26;03/08/2026;90347.11;28/10/2025
DI1U26;01/09/2026;89418.96;28/10/2025
DI1V26;01/10/2026;88514.74;28/10/2025
DI1X26;03/11/2026;87634.34;28/10/2025
DI1Z26;01/12/2026;86852.12;28/10/2025
DI1F27;04/01/2027;85966.95;28/10/2025
DI1J27;01/04/2027;83590.76;28/10/2025
DI1N27;01/07/2027;81213.53;28/10/2025
DI1Q27;02/08/2027;80397.21;28/10/2025
DI1V27;01/10/2027;78815.54;28/10/2025
DI1F28;03/01/2028;76583.59;28/10/2025
DI1J28;03/04/2028;74351.35;28/10/2025
DI1N28;03/07/2028;72201.92;28/10/2025
DI1V28;02/10/2028;69941.9;28/10/2025
DI1F29;02/01/2029;67928.58;28/10/2025
DI1J29;02/04/2029;65872.49;28/10/2025
DI1N29;02/07/2029;63761.94;28/10/2025
DI1V29;01/10/2029;61733.08;28/10/2025
DI1F30;02/01/2030;59823.72;28/10/2025
DI1J30;01/04/2030;57992.91;28/10/2025
DI1N30;01/07/2030;56147.41;28/10/2025
DI1V30;01/10/2030;54280.25;28/10/2025
DI1F31;02/01/2031;52518.67;28/10/2025
DI1F32;02/01/2032;46048.47;28/10/2025
DI1F33;03/01/2033;40478.71;28/10/2025
DI1F34;02/01/2034;35652.06;28/10/2025
DI1F35;02/01/2035;31437.86;28/10/2025
DI1F36;02/01/2036;27823.12;28/10/2025
DI1F37;02/01/2037;24559.29;28/10/2025
DI1F38;04/01/2038;21791.35;28/10/2025
DI1F39;03/01/2039;19319.61;28/10/2025
DI1F40;02/01/2040;17069.24;28/10/2025
DI1X25;03/11/2025;99834.79;29/10/2025
DI1Z25;01/12/2025;98794.47;29/10/2025
DI1F26;02/01/2026;97604.96;29/10/2025
DI1G26;02/02/2026;96483.48;29/10/2025
DI1H26;02/03/2026;95540.22;29/10/2025
DI1J26;01/04/2026;94409.64;29/10/2025
DI1K26;04/05/2026;93403.79;29/10/2025
DI1M26;01/06/2026;92441.48;29/10/2025
DI1N26;01/07/2026;91454.61;29/10/2025
DI1Q26;03/08/2026;90398.95;29/10/2025
DI1U26;01/09/2026;89470.28;29/10/2025
DI1V26;01/10/2026;88566.99;29/10/2025
DI1X26;03/11/2026;87686.22;29/10/2025
DI1Z26;01/12/2026;86905.34;29/10/2025
DI1F27;04/01/2027;86013.81;29/10/2025
DI1J27;01/04/2027;83632.07;29/10/2025
DI1N27;01/07/2027;81237.51;29/10/2025
DI1Q27;02/08/2027;80419.91;29/10/2025
DI1V27;01/10/2027;78826.58;29/10/2025
DI1F28;03/01/2028;76574.32;29/10/2025
DI1J28;03/04/2028;74325.83;29/10/2025
DI1N28;03/07/2028;72162.61;29/10/2025
DI1V28;02/10/2028;69895.2;29/10/2025
DI1F29;02/01/2029;67876.78;29/10/2025
DI1J29;02/04/2029;65810.11;29/10/2025
DI1N29;02/07/2029;63697.02;29/10/2025
DI1V29;01/10/2029;61661.69;29/10/2025
DI1F30;02/01/2030;59746.35;29/10/2025
DI1J30;01/04/2030;57905.21;29/10/2025
DI1N30;01/07/2030;56049.44;29/10/2025
DI1V30;01/10/2030;54174.07;29/10/2025
DI1F31;02/01/2031;52409.46;29/10/2025
DI1F32;02/01/2032;45929.94;29/10/2025
DI1F33;03/01/2033;40344.22;29/10/2025
DI1F34;02/01/2034;35507.0;29/10/2025
DI1F35;02/01/2035;31282.58;29/10/2025
DI1F36;02/01/2036;27666.77;29/10/2025
DI1F37;02/01/2037;24396.78;29/10/2025
DI1F38;04/01/2038;21670.21;29/10/2025
DI1F39;03/01/2039;19175.95;29/10/2025
DI1F40;02/01/2040;16932.03;29/10/2025
DI1X25;03/11/2025;99889.79;30/10/2025
DI1Z25;01/12/2025;98849.02;30/10/2025
DI1F26;02/01/2026;97658.61;30/10/2025
DI1G26;02/02/2026;96535.78;30/10/2025
DI1H26;02/03/2026;95590.04;30/10/2025
DI1J26;01/04/2026;94453.91;30/10/2025
DI1K26;04/05/2026;93444.38;30/10/2025
DI1M26;01/06/2026;92476.38;30/10/2025
DI1N26;01/07/2026;91480.3;30/10/2025
DI1Q26;03/08/2026;90414.82;30/10/2025
DI1U26;01/09/2026;89477.44;30/10/2025
DI1V26;01/10/2026;88562.58;30/10/2025
DI1X26;03/11/2026;87669.94;30/10/2025
DI1Z26;01/12/2026;86878.47;30/10/2025
DI1F27;04/01/2027;85975.78;30/10/2025
DI1J27;01/04/2027;83568.58;30/10/2025
DI1N27;01/07/2027;81160.22;30/10/2025
DI1Q27;02/08/2027;80335.76;30/10/2025
DI1V27;01/10/2027;78741.07;30/10/2025
DI1F28;03/01/2028;76474.95;30/10/2025
DI1J28;03/04/2028;74216.92;30/10/2025
DI1N28;03/07/2028;72042.64;30/10/2025
DI1V28;02/10/2028;69775.42;30/10/2025
DI1F29;02/01/2029;67748.2;30/10/2025
DI1J29;02/04/2029;65677.42;30/10/2025
DI1N29;02/07/2029;63565.15;30/10/2025
DI1V29;01/10/2029;61523.1;30/10/2025
DI1F30;02/01/2030;59606.35;30/10/2025
DI1J30;01/04/2030;57768.91;30/10/2025
DI1N30;01/07/2030;55913.23;30/10/2025
DI1V30;01/10/2030;54042.82;30/10/2025
DI1F31;02/01/2031;52288.94;30/10/2025
DI1F32;02/01/2032;45814.44;30/10/2025
DI1F33;03/01/2033;40220.53;30/10/2025
DI1F34;02/01/2034;35375.43;30/10/2025
DI1F35;02/01/2035;31160.75;30/10/2025
DI1F36;02/01/2036;27548.22;30/10/2025
DI1F37;02/01/2037;24268.75;30/10/2025
DI1F38;04/01/2038;21538.42;30/10/2025
DI1F39;03/01/2039;19042.32;30/10/2025
DI1F40;02/01/2040;16812.77;30/10/2025
DI1X25;03/11/2025;99944.9;31/10/2025
DI1Z25;01/12/2025;98903.39;31/10/2025
DI1F26;02/01/2026;97712.43;31/10/2025
DI1G26;02/02/2026;96589.18;31/10/2025
DI1H26;02/03/2026;95644.51;31/10/2025
DI1J26;01/04/2026;94509.78;31/10/2025
DI1K26;04/05/2026;93503.05;31/10/2025
DI1M26;01/06/2026;92537.62;31/10/2025
DI1N26;01/07/2026;91546.84;31/10/2025
DI1Q26;03/08/2026;90489.69;31/10/2025
DI1U26;01/09/2026;89554.79;31/10/2025
DI1V26;01/10/2026;88646.73;31/10/2025
DI1X26;03/11/2026;87763.98;31/10/2025
DI1Z26;01/12/2026;86979.11;31/10/2025
DI1F27;04/01/2027;86086.6;31/10/2025
DI1J27;01/04/2027;83705.52;31/10/2025
DI1N27;01/07/2027;81321.06;31/10/2025
DI1Q27;02/08/2027;80503.66;31/10/2025
DI1V27;01/10/2027;78927.11;31/10/2025
DI1F28;03/01/2028;76681.56;31/10/2025
DI1J28;03/04/2028;74441.18;31/10/2025
DI1N28;03/07/2028;72292.24;31/10/2025
DI1V28;02/10/2028;70031.76;31/10/2025
DI1F29;02/01/2029;68026.15;31/10/2025
DI1J29;02/04/2029;65969.16;31/10/2025
DI1N29;02/07/2029;63857.93;31/10/2025
DI1V29;01/10/2029;61836.93;31/10/2025
DI1F30;02/01/2030;59936.28;31/10/2025
DI1J30;01/04/2030;58094.59;31/10/2025
DI1N30;01/07/2030;56242.37;31/10/2025
DI1V30;01/10/2030;54377.5;31/10/2025
DI1F31;02/01/2031;52620.92;31/10/2025
DI1F32;02/01/2032;46135.23;31/10/2025
DI1F33;03/01/2033;40547.47;31/10/2025
DI1F34;02/01/2034;35703.39;31/10/2025
DI1F35;02/01/2035;31467.74;31/10/2025
DI1F36;02/01/2036;27845.28;31/10/2025
DI1F37;02/01/2037;24562.63;31/10/2025
DI1F38;04/01/2038;21800.82;31/10/2025
DI1F39;03/01/2039;19303.93;31/10/2025
DI1F40;02/01/2040;17060.84;31/10/2025
DI1X25;03/11/2025;100000.0;03/11/2025
DI1Z25;01/12/2025;98957.94;03/11/2025
DI1F26;02/01/2026;97766.01;03/11/2025
DI1G26;02/02/2026;96642.4;03/11/2025
DI1H26;02/03/2026;95696.31;03/11/2025
DI1J26;01/04/2026;94558.94;03/11/2025
DI1K26;04/05/2026;93548.6;03/11/2025
DI1M26;01/06/2026;92583.27;03/11/2025
DI1N26;01/07/2026;91584.78;03/11/2025
DI1Q26;03/08/2026;90521.13;03/11/2025
DI1U26;01/09/2026;89584.92;03/11/2025
DI1V26;01/10/2026;88675.13;03/11/2025
DI1X26;03/11/2026;87783.95;03/11/2025
DI1Z26;01/12/2026;86995.81;03/11/2025
DI1F27;04/01/2027;86098.73;03/11/2025
DI1J27;01/04/2027;83702.92;03/11/2025
DI1N27;01/07/2027;81319.38;03/11/2025
DI1Q27;02/08/2027;80503.25;03/11/2025
DI1V27;01/10/2027;78923.81;03/11/2025
DI1F28;03/01/2028;76681.3;03/11/2025
DI1J28;03/04/2028;74439.64;03/11/2025
DI1N28;03/07/2028;72290.34;03/11/2025
DI1V28;02/10/2028;70037.27;03/11/2025
DI1F29;02/01/2029;68012.24;03/11/2025
DI1J29;02/04/2029;65946.33;03/11/2025
DI1N29;02/07/2029;63840.2;03/11/2025
DI1V29;01/10/2029;61803.8;03/11/2025
DI1F30;02/01/2030;59893.88;03/11/2025
DI1J30;01/04/2030;58049.47;03/11/2025
DI1N30;01/07/2030;56192.49;03/11/2025
DI1V30;01/10/2030;54318.08;03/11/2025
DI1F31;02/01/2031;52554.47;03/11/2025
DI1F32;02/01/2032;46061.41;03/11/2025
DI1F33;03/01/2033;40466.24;03/11/2025
DI1F34;02/01/2034;35601.58;03/11/2025
DI1F35;02/01/2035;31372.81;03/11/2025
DI1F36;02/01/2036;27745.65;03/11/2025
DI1F37;02/01/2037;24459.98;03/11/2025
DI1F38;04/01/2038;21723.66;03/11/2025
DI1F39;03/01/2039;19207.0;03/11/2025
DI1F40;02/01/2040;16965.89;03/11/2025
DI1Z25;01/12/2025;99012.57;04/11/2025
DI1F26;02/01/2026;97820.17;04/11/2025
DI1G26;02/02/2026;96695.65;04/11/2025
DI1H26;02/03/2026;95748.95;04/11/2025
DI1J26;01/04/2026;94613.79;04/11/2025
DI1K26;04/05/2026;93604.06;04/11/2025
DI1M26;01/06/2026;92638.05;04/11/2025
DI1N26;01/07/2026;91641.38;04/11/2025
DI1Q26;03/08/2026;90579.49;04/11/2025
DI1U26;01/09/2026;89643.43;04/11/2025
DI1V26;01/10/2026;88734.48;04/11/2025
DI1X26;03/11/2026;87845.05;04/11/2025
DI1Z26;01/12/2026;87058.04;04/11/2025
DI1F27;04/01/2027;86162.26;04/11/2025
DI1J27;01/04/2027;83768.95;04/11/2025
DI1N27;01/07/2027;81381.22;04/11/2025
DI1Q27;02/08/2027;80561.75;04/11/2025
DI1V27;01/10/2027;78981.37;04/11/2025
DI1F28;03/01/2028;76727.66;04/11/2025
DI1J28;03/04/2028;74476.03;04/11/2025
DI1N28;03/07/2028;72312.14;04/11/2025
DI1V28;02/10/2028;70053.6;04/11/2025
DI1F29;02/01/2029;68015.39;04/11/2025
DI1J29;02/04/2029;65945.25;04/11/2025
DI1N29;02/07/2029;63830.76;04/11/2025
DI1V29;01/10/2029;61783.5;04/11/2025
DI1F30;02/01/2030;59864.71;04/11/2025
DI1J30;01/04/2030;58009.01;04/11/2025
DI1N30;01/07/2030;56145.1;04/11/2025
DI1V30;01/10/2030;54272.85;04/11/2025
DI1F31;02/01/2031;52497.74;04/11/2025
DI1F32;02/01/2032;45970.53;04/11/2025
DI1F33;03/01/2033;40354.98;04/11/2025
DI1F34;02/01/2034;35469.83;04/11/2025
DI1F35;02/01/2035;31235.77;04/11/2025
DI1F36;02/01/2036;27599.93;04/11/2025
DI1F37;02/01/2037;24310.38;04/11/2025
DI1F38;04/01/2038;21568.72;04/11/2025
DI1F39;03/01/2039;19071.08;04/11/2025
DI1F40;02/01/2040;16844.4;04/11/2025
DI1Z25;01/12/2025;99067.46;05/11/2025
DI1F26;02/01/2026;97874.6;05/11/2025
DI1G26;02/02/2026;96750.14;05/11/2025
DI1H26;02/03/2026;95803.68;05/11/2025
DI1J26;01/04/2026;94668.94;05/11/2025
DI1K26;04/05/2026;93661.03;05/11/2025
DI1M26;01/06/2026;92693.69;05/11/2025
DI1N26;01/07/2026;91700.49;05/11/2025
DI1Q26;03/08/2026;90641.25;05/11/2025
DI1U26;01/09/2026;89705.06;05/11/2025
DI1V26;01/10/2026;88796.56;05/11/2025
DI1X26;03/11/2026;87908.34;05/11/2025
DI1Z26;01/12/2026;87124.22;05/11/2025
DI1F27;04/01/2027;86229.18;05/11/2025
DI1J27;01/04/2027;83841.02;05/11/2025
DI1N27;01/07/2027;81454.71;05/11/2025
DI1Q27;02/08/2027;80639.76;05/11/2025
DI1V27;01/10/2027;79057.36;05/11/2025
DI1F28;03/01/2028;76811.76;05/11/2025
DI1J28;03/04/2028;74562.82;05/11/2025
DI1N28;03/07/2028;72411.45;05/11/2025
DI1V28;02/10/2028;70168.36;05/11/2025
DI1F29;02/01/2029;68137.04;05/11/2025
DI1J29;02/04/2029;66069.9;05/11/2025
DI1N29;02/07/2029;63962.22;05/11/2025
DI1V29;01/10/2029;61921.82;05/11/2025
DI1F30;02/01/2030;60007.5;05/11/2025
DI1J30;01/04/2030;58160.57;05/11/2025
DI1N30;01/07/2030;56298.56;05/11/2025
DI1V30;01/10/2030;54428.14;05/11/2025
DI1F31;02/01/2031;52656.73;05/11/2025
DI1F32;02/01/2032;46122.64;05/11/2025
DI1F33;03/01/2033;40517.23;05/11/2025
DI1F34;02/01/2034;35640.1;05/11/2025
DI1F35;02/01/2035;31386.96;05/11/2025
DI1F36;02/01/2036;27746.55;05/11/2025
DI1F37;02/01/2037;24448.81;05/11/2025
DI1F38;04/01/2038;21733.9;05/11/2025
DI1F39;03/01/2039;19197.48;05/11/2025
DI1F40;02/01/2040;16949.22;05/11/2025
DI1Z25;01/12/2025;99122.02;06/11/2025
DI1F26;02/01/2026;97927.89;06/11/2025
DI1G26;02/02/2026;96802.24;06/11/2025
DI1H26;02/03/2026;95852.77;06/11/2025
DI1J26;01/04/2026;94715.31;06/11/2025
DI1K26;04/05/2026;93705.22;06/11/2025
DI1M26;01/06/2026;92734.12;06/11/2025
DI1N26;01/07/2026;91735.11;06/11/2025
DI1Q26;03/08/2026;90672.97;06/11/2025
DI1U26;01/09/2026;89732.91;06/11/2025
DI1V26;01/10/2026;88821.03;06/11/2025
DI1X26;03/11/2026;87929.39;06/11/2025
DI1Z26;01/12/2026;87140.43;06/11/2025
DI1F27;04/01/2027;86241.63;06/11/2025
DI1J27;01/04/2027;83849.95;06/11/2025
DI1N27;01/07/2027;81460.31;06/11/2025
DI1Q27;02/08/2027;80644.47;06/11/2025
DI1V27;01/10/2027;79068.76;06/11/2025
DI1F28;03/01/2028;76818.91;06/11/2025
DI1J28;03/04/2028;74574.01;06/11/2025
DI1N28;03/07/2028;72419.79;06/11/2025
DI1V28;02/10/2028;70172.16;06/11/2025
DI1F29;02/01/2029;68134.55;06/11/2025
DI1J29;02/04/2029;66062.93;06/11/2025
DI1N29;02/07/2029;63946.65;06/11/2025
DI1V29;01/10/2029;61901.53;06/11/2025
DI1F30;02/01/2030;59978.33;06/11/2025
DI1J30;01/04/2030;58133.49;06/11/2025
DI1N30;01/07/2030;56264.84;06/11/2025
DI1V30;01/10/2030;54389.87;06/11/2025
DI1F31;02/01/2031;52614.19;06/11/2025
DI1F32;02/01/2032;46093.72;06/11/2025
DI1F33;03/01/2033;40456.56;06/11/2025
DI1F34;02/01/2034;35581.87;06/11/2025
DI1F35;02/01/2035;31335.09;06/11/2025
DI1F36;02/01/2036;27696.6;06/11/2025
DI1F37;02/01/2037;24387.28;06/11/2025
DI1F38;04/01/2038;21636.42;06/11/2025
DI1F39;03/01/2039;19162.93;06/11/2025
DI1F40;02/01/2040;16922.02;06/11/2025
DI1Z25;01/12/2025;99176.57;07/11/2025
DI1F26;02/01/2026;97981.87;07/11/2025
DI1G26;02/02/2026;96855.39;07/11/2025
DI1H26;02/03/2026;95906.52;07/11/2025
DI1J26;01/04/2026;94766.95;07/11/2025
DI1K26;04/05/2026;93753.75;07/11/2025
DI1M26;01/06/2026;92782.25;07/11/2025
DI1N26;01/07/2026;91783.57;07/11/2025
DI1Q26;03/08/2026;90718.64;07/11/2025
DI1U26;01/09/2026;89778.05;07/11/2025
DI1V26;01/10/2026;88867.15;07/11/2025
DI1X26;03/11/2026;87975.38;07/11/2025
DI1Z26;01/12/2026;87189.71;07/11/2025
DI1F27;04/01/2027;86286.98;07/11/2025
DI1J27;01/04/2027;83891.51;07/11/2025
DI1N27;01/07/2027;81503.39;07/11/2025
DI1Q27;02/08/2027;80690.73;07/11/2025
DI1V27;01/10/2027;79113.12;07/11/2025
DI1F28;03/01/2028;76875.4;07/11/2025
DI1J28;03/04/2028;74627.71;07/11/2025
DI1N28;03/07/2028;72483.68;07/11/2025
DI1V28;02/10/2028;70240.36;07/11/2025
DI1F29;02/01/2029;68205.38;07/11/2025
DI1J29;02/04/2029;66136.48;07/11/2025
DI1N29;02/07/2029;64014.8;07/11/2025
DI1V29;01/10/2029;61976.39;07/11/2025
DI1F30;02/01/2030;60057.99;07/11/2025
DI1J30;01/04/2030;58209.14;07/11/2025
DI1N30;01/07/2030;56347.55;07/11/2025
DI1V30;01/10/2030;54468.22;07/11/2025
DI1F31;02/01/2031;52694.97;07/11/2025
DI1F32;02/01/2032;46166.54;07/11/2025
DI1F33;03/01/2033;40537.81;07/11/2025
DI1F34;02/01/2034;35663.39;07/11/2025
DI1F35;02/01/2035;31416.21;07/11/2025
DI1F36;02/01/2036;27774.58;07/11/2025
DI1F37;02/01/2037;24466.33;07/11/2025
DI1F38;04/01/2038;21744.16;07/11/2025
DI1F39;03/01/2039;19234.43;07/11/2025
DI1F40;02/01/2040;16991.45;07/11/2025
DI1Z25;01/12/2025;99231.25;10/11/2025
DI1F26;02/01/2026;98035.87;10/11/2025
DI1G26;02/02/2026;96908.76;10/11/2025
DI1H26;02/03/2026;95959.78;10/11/2025
DI1J26;01/04/2026;94819.89;10/11/2025
DI1K26;04/05/2026;93808.81;10/11/2025
DI1M26;01/06/2026;92839.23;10/11/2025
DI1N26;01/07/2026;91841.62;10/11/2025
DI1Q26;03/08/2026;90778.6;10/11/2025
DI1U26;01/09/2026;89841.5;10/11/2025
DI1V26;01/10/2026;88933.97;10/11/2025
DI1X26;03/11/2026;88043.81;10/11/2025
DI1Z26;01/12/2026;87258.96;10/11/2025
DI1F27;04/01/2027;86364.94;10/11/2025
DI1J27;01/04/2027;83986.72;10/11/2025
DI1N27;01/07/2027;81616.38;10/11/2025
DI1Q27;02/08/2027;80809.95;10/11/2025
DI1V27;01/10/2027;79248.08;10/11/2025
DI1F28;03/01/2028;77021.62;10/11/2025
DI1J28;03/04/2028;74788.25;10/11/2025
DI1N28;03/07/2028;72660.29;10/11/2025
DI1V28;02/10/2028;70428.39;10/11/2025
DI1F29;02/01/2029;68398.48;10/11/2025
DI1J29;02/04/2029;66337.79;10/11/2025
DI1N29;02/07/2029;64234.18;10/11/2025
DI1V29;01/10/2029;62197.41;10/11/2025
DI1F30;02/01/2030;60285.97;10/11/2025
DI1J30;01/04/2030;58443.72;10/11/2025
DI1N30;01/07/2030;56588.25;10/11/2025
DI1V30;01/10/2030;54714.99;10/11/2025
DI1F31;02/01/2031;52942.3;10/11/2025
DI1F32;02/01/2032;46418.76;10/11/2025
DI1F33;03/01/2033;40792.31;10/11/2025
DI1F34;02/01/2034;35913.69;10/11/2025
DI1F35;02/01/2035;31656.58;10/11/2025
DI1F36;02/01/2036;28008.8;10/11/2025
DI1F37;02/01/2037;24684.86;10/11/2025
DI1F38;04/01/2038;21924.55;10/11/2025
DI1F39;03/01/2039;19446.73;10/11/2025
DI1F40;02/01/2040;17192.74;10/11/2025
DI1Z25;01/12/2025;99286.05;11/11/2025
DI1F26;02/01/2026;98090.62;11/11/2025
DI1G26;02/02/2026;96963.66;11/11/2025
DI1H26;02/03/2026;96021.64;11/11/2025
DI1J26;01/04/2026;94892.06;11/11/2025
DI1K26;04/05/2026;93891.33;11/11/2025
DI1M26;01/06/2026;92931.16;11/11/2025
DI1N26;01/07/2026;91947.13;11/11/2025
DI1Q26;03/08/2026;90896.94;11/11/2025
DI1U26;01/09/2026;89972.67;11/11/2025
DI1V26;01/10/2026;89077.67;11/11/2025
DI1X26;03/11/2026;88204.61;11/11/2025
DI1Z26;01/12/2026;87432.63;11/11/2025
DI1F27;04/01/2027;86554.17;11/11/2025
DI1J27;01/04/2027;84207.26;11/11/2025
DI1N27;01/07/2027;81859.85;11/11/2025
DI1Q27;02/08/2027;81058.16;11/11/2025
DI1V27;01/10/2027;79506.62;11/11/2025
DI1F28;03/01/2028;77289.72;11/11/2025
DI1J28;03/04/2028;75067.07;11/11/2025
DI1N28;03/07/2028;72943.41;11/11/2025
DI1V28;02/10/2028;70711.81;11/11/2025
DI1F29;02/01/2029;68688.19;11/11/2025
DI1J29;02/04/2029;66636.22;11/11/2025
DI1N29;02/07/2029;64534.2;11/11/2025
DI1V29;01/10/2029;62491.38;11/11/2025
DI1F30;02/01/2030;60576.01;11/11/2025
DI1J30;01/04/2030;58733.09;11/11/2025
DI1N30;01/07/2030;56875.84;11/11/2025
DI1V30;01/10/2030;55000.38;11/11/2025
DI1F31;02/01/2031;53224.16;11/11/2025
DI1F32;02/01/2032;46689.82;11/11/2025
DI1F33;03/01/2033;41048.33;11/11/2025
DI1F34;02/01/2034;36150.23;11/11/2025
DI1F35;02/01/2035;31878.37;11/11/2025
DI1F36;02/01/2036;28222.45;11/11/2025
DI1F37;02/01/2037;24888.35;11/11/2025
DI1F38;04/01/2038;22134.68;11/11/2025
DI1F39;03/01/2039;19634.24;11/11/2025
DI1F40;02/01/2040;17370.59;11/11/2025
DI1Z25;01/12/2025;99340.71;12/11/2025
DI1F26;02/01/2026;98144.55;12/11/2025
DI1G26;02/02/2026;97017.06;12/11/2025
DI1H26;02/03/2026;96071.67;12/11/2025
DI1J26;01/04/2026;94941.09;12/11/2025
DI1K26;04/05/2026;93940.49;12/11/2025
DI1M26;01/06/2026;92979.53;12/11/2025
DI1N26;01/07/2026;91994.32;12/11/2025
DI1Q26;03/08/2026;90944.59;12/11/2025
DI1U26;01/09/2026;90020.6;12/11/2025
DI1V26;01/10/2026;89127.52;12/11/2025
DI1X26;03/11/2026;88255.39;12/11/2025
DI1Z26;01/12/2026;87483.82;12/11/2025
DI1F27;04/01/2027;86608.46;12/11/2025
DI1J27;01/04/2027;84267.55;12/11/2025
DI1N27;01/07/2027;81919.94;12/11/2025
DI1Q27;02/08/2027;81118.55;12/11/2025
DI1V27;01/10/2027;79570.26;12/11/2025
DI1F28;03/01/2028;77364.7;12/11/2025
DI1J28;03/04/2028;75148.83;12/11/2025
DI1N28;03/07/2028;73025.65;12/11/2025
DI1V28;02/10/2028;70797.83;12/11/2025
DI1F29;02/01/2029;68770.31;12/11/2025
DI1J29;02/04/2029;66711.76;12/11/2025
DI1N29;02/07/2029;64614.72;12/11/2025
DI1V29;01/10/2029;62570.66;12/11/2025
DI1F30;02/01/2030;60664.71;12/11/2025
DI1J30;01/04/2030;58809.01;12/11/2025
DI1N30;01/07/2030;56945.13;12/11/2025
DI1V30;01/10/2030;55072.08;12/11/2025
DI1F31;02/01/2031;53293.45;12/11/2025
DI1F32;02/01/2032;46745.63;12/11/2025
DI1F33;03/01/2033;41107.33;12/11/2025
DI1F34;02/01/2034;36196.66;12/11/2025
DI1F35;02/01/2035;31922.38;12/11/2025
DI1F36;02/01/2036;28261.59;12/11/2025
DI1F37;02/01/2037;24925.07;12/11/2025
DI1F38;04/01/2038;22157.45;12/11/2025
DI1F39;03/01/2039;19664.34;12/11/2025
DI1F40;02/01/2040;17398.58;12/11/2025
DI1Z25;01/12/2025;99395.6;13/11/2025
DI1F26;02/01/2026;98198.29;13/11/2025
DI1G26;02/02/2026;97069.77;13/11/2025
DI1H26;02/03/2026;96122.51;13/11/2025
DI1J26;01/04/2026;94989.9;13/11/2025
DI1K26;04/05/2026;93990.09;13/11/2025
DI1M26;01/06/2026;93032.27;13/11/2025
DI1N26;01/07/2026;92045.52;13/11/2025
DI1Q26;03/08/2026;90995.64;13/11/2025
DI1U26;01/09/2026;90073.54;13/11/2025
DI1V26;01/10/2026;89178.73;13/11/2025
DI1X26;03/11/2026;88307.64;13/11/2025
DI1Z26;01/12/2026;87537.39;13/11/2025
DI1F27;04/01/2027;86661.0;13/11/2025
DI1J27;01/04/2027;84318.69;13/11/2025
DI1N27;01/07/2027;81978.81;13/11/2025
DI1Q27;02/08/2027;81175.24;13/11/2025
DI1V27;01/10/2027;79623.33;13/11/2025
DI1F28;03/01/2028;77412.04;13/11/2025
DI1J28;03/04/2028;75195.83;13/11/2025
DI1N28;03/07/2028;73067.3;13/11/2025
DI1V28;02/10/2028;70840.69;13/11/2025
DI1F29;02/01/2029;68812.69;13/11/2025
DI1J29;02/04/2029;66753.68;13/11/2025
DI1N29;02/07/2029;64647.93;13/11/2025
DI1V29;01/10/2029;62603.05;13/11/2025
DI1F30;02/01/2030;60689.73;13/11/2025
DI1J30;01/04/2030;58826.34;13/11/2025
DI1N30;01/07/2030;56963.7;13/11/2025
DI1V30;01/10/2030;55075.45;13/11/2025
DI1F31;02/01/2031;53300.43;13/11/2025
DI1F32;02/01/2032;46721.08;13/11/2025
DI1F33;03/01/2033;41048.16;13/11/2025
DI1F34;02/01/2034;36109.04;13/11/2025
DI1F35;02/01/2035;31823.65;13/11/2025
DI1F36;02/01/2036;28153.1;13/11/2025
DI1F37;02/01/2037;24799.26;13/11/2025
DI1F38;04/01/2038;22027.52;13/11/2025
DI1F39;03/01/2039;19520.66;13/11/2025
DI1F40;02/01/2040;17261.11;13/11/2025
DI1Z25;01/12/2025;99450.39;14/11/2025
DI1F26;02/01/2026;98252.51;14/11/2025
DI1G26;02/02/2026;97123.6;14/11/2025
DI1H26;02/03/2026;96177.68;14/11/2025
DI1J26;01/04/2026;95047.05;14/11/2025
DI1K26;04/05/2026;94047.82;14/11/2025
DI1M26;01/06/2026;93087.57;14/11/2025
DI1N26;01/07/2026;92105.58;14/11/2025
DI1Q26;03/08/2026;91057.88;14/11/2025
DI1U26;01/09/2026;90139.49;14/11/2025
DI1V26;01/10/2026;89244.22;14/11/2025
DI1X26;03/11/2026;88373.91;14/11/2025
DI1Z26;01/12/2026;87604.37;14/11/2025
DI1F27;04/01/2027;86729.69;14/11/2025
DI1J27;01/04/2027;84382.91;14/11/2025
DI1N27;01/07/2027;82032.99;14/11/2025
DI1Q27;02/08/2027;81227.04;14/11/2025
DI1V27;01/10/2027;79665.88;14/11/2025
DI1F28;03/01/2028;77441.99;14/11/2025
DI1J28;03/04/2028;75208.19;14/11/2025
DI1N28;03/07/2028;73081.97;14/11/2025
DI1V28;02/10/2028;70840.47;14/11/2025
DI1F29;02/01/2029;68824.86;14/11/2025
DI1J29;02/04/2029;66765.99;14/11/2025
DI1N29;02/07/2029;64662.66;14/11/2025
DI1V29;01/10/2029;62607.76;14/11/2025
DI1F30;02/01/2030;60703.81;14/11/2025
DI1J30;01/04/2030;58852.71;14/11/2025
DI1N30;01/07/2030;56979.99;14/11/2025
DI1V30;01/10/2030;55102.41;14/11/2025
DI1F31;02/01/2031;53321.8;14/11/2025
DI1F32;02/01/2032;46746.77;14/11/2025
DI1F33;03/01/2033;41086.59;14/11/2025
DI1F34;02/01/2034;36147.69;14/11/2025
DI1F35;02/01/2035;31887.97;14/11/2025
DI1F36;02/01/2036;28199.65;14/11/2025
DI1F37;02/01/2037;24847.97;14/11/2025
DI1F38;04/01/2038;22061.92;14/11/2025
DI1F39;03/01/2039;19568.6;14/11/2025
DI1F40;02/01/2040;17306.09;14/11/2025
DI1Z25;01/12/2025;99505.12;17/11/2025
DI1F26;02/01/2026;98306.45;17/11/2025
DI1G26;02/02/2026;97176.05;17/11/2025
DI1H26;02/03/2026;96227.47;17/11/2025
DI1J26;01/04/2026;95095.95;17/11/2025
DI1K26;04/05/2026;94094.53;17/11/2025
DI1M26;01/06/2026;93132.19;17/11/2025
DI1N26;01/07/2026;92147.44;17/11/2025
DI1Q26;03/08/2026;91096.06;17/11/2025
DI1U26;01/09/2026;90171.94;17/11/2025
DI1V26;01/10/2026;89275.7;17/11/2025
DI1X26;03/11/2026;88401.76;17/11/2025
DI1Z26;01/12/2026;87627.06;17/11/2025
DI1F27;04/01/2027;86747.34;17/11/2025
DI1J27;01/04/2027;84383.76;17/11/2025
DI1N27;01/07/2027;82015.25;17/11/2025
DI1Q27;02/08/2027;81201.29;17/11/2025
DI1V27;01/10/2027;79625.96;17/11/2025
DI1F28;03/01/2028;77383.84;17/11/2025
DI1J28;03/04/2028;75140.57;17/11/2025
DI1N28;03/07/2028;72994.07;17/11/2025
DI1V28;02/10/2028;70750.87;17/11/2025
DI1F29;02/01/2029;68701.48;17/11/2025
DI1J29;02/04/2029;66638.52;17/11/2025
DI1N29;02/07/2029;64533.98;17/11/2025
DI1V29;01/10/2029;62472.37;17/11/2025
DI1F30;02/01/2030;60549.44;17/11/2025
DI1J30;01/04/2030;58699.35;17/11/2025
DI1N30;01/07/2030;56830.88;17/11/2025
DI1V30;01/10/2030;54948.51;17/11/2025
DI1F31;02/01/2031;53156.84;17/11/2025
DI1F32;02/01/2032;46602.2;17/11/2025
DI1F33;03/01/2033;40950.84;17/11/2025
DI1F34;02/01/2034;36034.71;17/11/2025
DI1F35;02/01/2035;31776.81;17/11/2025
DI1F36;02/01/2036;28091.57;17/11/2025
DI1F37;02/01/2037;24761.29;17/11/2025
DI1F38;04/01/2038;22019.07;17/11/2025
DI1F39;03/01/2039;19506.39;17/11/2025
DI1F40;02/01/2040;17231.27;17/11/2025
DI1Z25;01/12/2025;99560.04;18/11/2025
DI1F26;02/01/2026;98360.53;18/11/2025
DI1G26;02/02/2026;97229.6;18/11/2025
DI1H26;02/03/2026;96280.8;18/11/2025
DI1J26;01/04/2026;95148.24;18/11/2025
DI1K26;04/05/2026;94147.13;18/11/2025
DI1M26;01/06/2026;93186.2;18/11/2025
DI1N26;01/07/2026;92198.65;18/11/2025
DI1Q26;03/08/2026;91148.22;18/11/2025
DI1U26;01/09/2026;90224.84;18/11/2025
DI1V26;01/10/2026;89326.89;18/11/2025
DI1X26;03/11/2026;88454.7;18/11/2025
DI1Z26;01/12/2026;87679.79;18/11/2025
DI1F27;04/01/2027;86798.16;18/11/2025
DI1J27;01/04/2027;84438.93;18/11/2025
DI1N27;01/07/2027;82074.11;18/11/2025
DI1Q27;02/08/2027;81265.26;18/11/2025
DI1V27;01/10/2027;79692.16;18/11/2025
DI1F28;03/01/2028;77452.94;18/11/2025
DI1J28;03/04/2028;75212.78;18/11/2025
DI1N28;03/07/2028;73059.39;18/11/2025
DI1V28;02/10/2028;70813.52;18/11/2025
DI1F29;02/01/2029;68781.61;18/11/2025
DI1J29;02/04/2029;66704.15;18/11/2025
DI1N29;02/07/2029;64573.47;18/11/2025
DI1V29;01/10/2029;62532.45;18/11/2025
DI1F30;02/01/2030;60611.76;18/11/2025
DI1J30;01/04/2030;58752.74;18/11/2025
DI1N30;01/07/2030;56879.42;18/11/2025
DI1V30;01/10/2030;54991.96;18/11/2025
DI1F31;02/01/2031;53202.16;18/11/2025
DI1F32;02/01/2032;46642.92;18/11/2025
DI1F33;03/01/2033;40989.23;18/11/2025
DI1F34;02/01/2034;36081.01;18/11/2025
DI1F35;02/01/2035;31815.62;18/11/2025
DI1F36;02/01/2036;28143.01;18/11/2025
DI1F37;02/01/2037;24805.09;18/11/2025
DI1F38;04/01/2038;22067.5;18/11/2025
DI1F39;03/01/2039;19545.29;18/11/2025
DI1F40;02/01/2040;17267.6;18/11/2025
DI1Z25;01/12/2025;99614.98;19/11/2025
DI1F26;02/01/2026;98414.74;19/11/2025
DI1G26;02/02/2026;97283.34;19/11/2025
DI1H26;02/03/2026;96333.25;19/11/2025
DI1J26;01/04/2026;95199.37;19/11/2025
DI1K26;04/05/2026;94196.51;19/11/2025
DI1M26;01/06/2026;93234.32;19/11/2025
DI1N26;01/07/2026;92247.45;19/11/2025
DI1Q26;03/08/2026;91197.05;19/11/2025
DI1U26;01/09/2026;90271.59;19/11/2025
DI1V26;01/10/2026;89374.03;19/11/2025
DI1X26;03/11/2026;88501.04;19/11/2025
DI1Z26;01/12/2026;87726.23;19/11/2025
DI1F27;04/01/2027;86847.28;19/11/2025
DI1J27;01/04/2027;84485.07;19/11/2025
DI1N27;01/07/2027;82120.22;19/11/2025
DI1Q27;02/08/2027;81311.06;19/11/2025
DI1V27;01/10/2027;79742.65;19/11/2025
DI1F28;03/01/2028;77504.7;19/11/2025
DI1J28;03/04/2028;75259.89;19/11/2025
DI1N28;03/07/2028;73107.89;19/11/2025
DI1V28;02/10/2028;70861.86;19/11/2025
DI1F29;02/01/2029;68818.46;19/11/2025
DI1J29;02/04/2029;66752.07;19/11/2025
DI1N29;02/07/2029;64631.37;19/11/2025
DI1V29;01/10/2029;62573.45;19/11/2025
DI1F30;02/01/2030;60650.05;19/11/2025
DI1J30;01/04/2030;58794.92;19/11/2025
DI1N30;01/07/2030;56921.1;19/11/2025
DI1V30;01/10/2030;55040.11;19/11/2025
DI1F31;02/01/2031;53252.26;19/11/2025
DI1F32;02/01/2032;46693.66;19/11/2025
DI1F33;03/01/2033;41035.32;19/11/2025
DI1F34;02/01/2034;36119.63;19/11/2025
DI1F35;02/01/2035;31846.82;19/11/2025
DI1F36;02/01/2036;28179.54;19/11/2025
DI1F37;02/01/2037;24827.18;19/11/2025
DI1F38;04/01/2038;22036.37;19/11/2025
DI1F39;03/01/2039;19514.6;19/11/2025
DI1F40;02/01/2040;17237.75;19/11/2025
DI1Z25;01/12/2025;99669.95;21/11/2025
DI1F26;02/01/2026;98468.89;21/11/2025
DI1G26;02/02/2026;97336.95;21/11/2025
DI1H26;02/03/2026;96386.19;21/11/2025
DI1J26;01/04/2026;95248.2;21/11/2025
DI1K26;04/05/2026;94244.17;21/11/2025
DI1M26;01/06/2026;93281.66;21/11/2025
DI1N26;01/07/2026;92293.88;21/11/2025
DI1Q26;03/08/2026;91240.98;21/11/2025
DI1U26;01/09/2026;90319.59;21/11/2025
DI1V26;01/10/2026;89418.52;21/11/2025
DI1X26;03/11/2026;88543.76;21/11/2025
DI1Z26;01/12/2026;87773.45;21/11/2025
DI1F27;04/01/2027;86893.03;21/11/2025
DI1J27;01/04/2027;84532.21;21/11/2025
DI1N27;01/07/2027;82165.18;21/11/2025
DI1Q27;02/08/2027;81352.04;21/11/2025
DI1V27;01/10/2027;79773.58;21/11/2025
DI1F28;03/01/2028;77530.53;21/11/2025
DI1J28;03/04/2028;75281.95;21/11/2025
DI1N28;03/07/2028;73132.91;21/11/2025
DI1V28;02/10/2028;70885.2;21/11/2025
DI1F29;02/01/2029;68849.69;21/11/2025
DI1J29;02/04/2029;66786.24;21/11/2025
DI1N29;02/07/2029;64672.91;21/11/2025
DI1V29;01/10/2029;62622.93;21/11/2025
DI1F30;02/01/2030;60708.0;21/11/2025
DI1J30;01/04/2030;58857.28;21/11/2025
DI1N30;01/07/2030;56994.9;21/11/2025
DI1V30;01/10/2030;55111.72;21/11/2025
DI1F31;02/01/2031;53342.95;21/11/2025
DI1F32;02/01/2032;46794.5;21/11/2025
DI1F33;03/01/2033;41150.61;21/11/2025
DI1F34;02/01/2034;36222.6;21/11/2025
DI1F35;02/01/2035;31969.7;21/11/2025
DI1F36;02/01/2036;28283.6;21/11/2025
DI1F37;02/01/2037;24938.93;21/11/2025
DI1F38;04/01/2038;22195.23;21/11/2025
DI1F39;03/01/2039;19666.18;21/11/2025
DI1F40;02/01/2040;17381.27;21/11/2025
DI1Z25;01/12/2025;99724.89;24/11/2025
DI1F26;02/01/2026;98523.16;24/11/2025
DI1G26;02/02/2026;97390.42;24/11/2025
DI1H26;02/03/2026;96440.91;24/11/2025
DI1J26;01/04/2026;95305.24;24/11/2025
DI1K26;04/05/2026;94303.89;24/11/2025
DI1M26;01/06/2026;93343.96;24/11/2025
DI1N26;01/07/2026;92361.85;24/11/2025
DI1Q26;03/08/2026;91313.88;24/11/2025
DI1U26;01/09/2026;90396.73;24/11/2025
DI1V26;01/10/2026;89506.38;24/11/2025
DI1X26;03/11/2026;88636.6;24/11/2025
DI1Z26;01/12/2026;87872.08;24/11/2025
DI1F27;04/01/2027;87001.68;24/11/2025
DI1J27;01/04/2027;84664.95;24/11/2025
DI1N27;01/07/2027;82312.62;24/11/2025
DI1Q27;02/08/2027;81504.96;24/11/2025
DI1V27;01/10/2027;79942.54;24/11/2025
DI1F28;03/01/2028;77706.01;24/11/2025
DI1J28;03/04/2028;75466.75;24/11/2025
DI1N28;03/07/2028;73320.65;24/11/2025
DI1V28;02/10/2028;71074.6;24/11/2025
DI1F29;02/01/2029;69040.68;24/11/2025
DI1J29;02/04/2029;66975.74;24/11/2025
DI1N29;02/07/2029;64872.05;24/11/2025
DI1V29;01/10/2029;62820.99;24/11/2025
DI1F30;02/01/2030;60901.58;24/11/2025
DI1J30;01/04/2030;59054.46;24/11/2025
DI1N30;01/07/2030;57190.59;24/11/2025
DI1V30;01/10/2030;55312.66;24/11/2025
DI1F31;02/01/2031;53541.42;24/11/2025
DI1F32;02/01/2032;46978.37;24/11/2025
DI1F33;03/01/2033;41315.05;24/11/2025
DI1F34;02/01/2034;36387.83;24/11/2025
DI1F35;02/01/2035;32105.8;24/11/2025
DI1F36;02/01/2036;28433.25;24/11/2025
DI1F37;02/01/2037;25051.15;24/11/2025
DI1F38;04/01/2038;22293.61;24/11/2025
DI1F39;03/01/2039;19800.71;24/11/2025
DI1F40;02/01/2040;17508.64;24/11/2025
DI1Z25;01/12/2025;99779.79;25/11/2025
DI1F26;02/01/2026;98577.74;25/11/2025
DI1G26;02/02/2026;97444.72;25/11/2025
DI1H26;02/03/2026;96494.75;25/11/2025
DI1J26;01/04/2026;95360.2;25/11/2025
DI1K26;04/05/2026;94360.01;25/11/2025
DI1M26;01/06/2026;93402.84;25/11/2025
DI1N26;01/07/2026;92420.61;25/11/2025
DI1Q26;03/08/2026;91376.24;25/11/2025
DI1U26;01/09/2026;90461.55;25/11/2025
DI1V26;01/10/2026;89575.36;25/11/2025
DI1X26;03/11/2026;88711.78;25/11/2025
DI1Z26;01/12/2026;87950.21;25/11/2025
DI1F27;04/01/2027;87085.75;25/11/2025
DI1J27;01/04/2027;84761.61;25/11/2025
DI1N27;01/07/2027;82429.9;25/11/2025
DI1Q27;02/08/2027;81626.4;25/11/2025
DI1V27;01/10/2027;80067.07;25/11/2025
DI1F28;03/01/2028;77836.78;25/11/2025
DI1J28;03/04/2028;75604.58;25/11/2025
DI1N28;03/07/2028;73461.42;25/11/2025
DI1V28;02/10/2028;71221.2;25/11/2025
DI1F29;02/01/2029;69190.43;25/11/2025
DI1J29;02/04/2029;67126.05;25/11/2025
DI1N29;02/07/2029;65016.08;25/11/2025
DI1V29;01/10/2029;62966.18;25/11/2025
DI1F30;02/01/2030;61040.67;25/11/2025
DI1J30;01/04/2030;59184.44;25/11/2025
DI1N30;01/07/2030;57322.13;25/11/2025
DI1V30;01/10/2030;55436.26;25/11/2025
DI1F31;02/01/2031;53644.36;25/11/2025
DI1F32;02/01/2032;47082.15;25/11/2025
DI1F33;03/01/2033;41407.74;25/11/2025
DI1F34;02/01/2034;36483.65;25/11/2025
DI1F35;02/01/2035;32196.17;25/11/2025
DI1F36;02/01/2036;28517.96;25/11/2025
DI1F37;02/01/2037;25139.36;25/11/2025
DI1F38;04/01/2038;22352.03;25/11/2025
DI1F39;03/01/2039;19874.35;25/11/2025
DI1F40;02/01/2040;17578.08;25/11/2025
DI1Z25;01/12/2025;99834.82;26/11/2025
DI1F26;02/01/2026;98632.06;26/11/2025
DI1G26;02/02/2026;97498.09;26/11/2025
DI1H26;02/03/2026;96547.31;26/11/2025
DI1J26;01/04/2026;95410.59;26/11/2025
DI1K26;04/05/2026;94408.1;26/11/2025
DI1M26;01/06/2026;93447.74;26/11/2025
DI1N26;01/07/2026;92462.29;26/11/2025
DI1Q26;03/08/2026;91416.35;26/11/2025
DI1U26;01/09/2026;90497.97;26/11/2025
DI1V26;01/10/2026;89610.42;26/11/2025
DI1X26;03/11/2026;88748.55;26/11/2025
DI1Z26;01/12/2026;87984.02;26/11/2025
DI1F27;04/01/2027;87117.87;26/11/2025
DI1J27;01/04/2027;84797.49;26/11/2025
DI1N27;01/07/2027;82464.18;26/11/2025
DI1Q27;02/08/2027;81659.86;26/11/2025
DI1V27;01/10/2027;80100.32;26/11/2025
DI1F28;03/01/2028;77875.31;26/11/2025
DI1J28;03/04/2028;75651.44;26/11/2025
DI1N28;03/07/2028;73529.89;26/11/2025
DI1V28;02/10/2028;71298.01;26/11/2025
DI1F29;02/01/2029;69279.9;26/11/2025
DI1J29;02/04/2029;67225.15;26/11/2025
DI1N29;02/07/2029;65131.46;26/11/2025
DI1V29;01/10/2029;63090.19;26/11/2025
DI1F30;02/01/2030;61186.5;26/11/2025
DI1J30;01/04/2030;59352.95;26/11/2025
DI1N30;01/07/2030;57497.77;26/11/2025
DI1V30;01/10/2030;55623.85;26/11/2025
DI1F31;02/01/2031;53850.87;26/11/2025
DI1F32;02/01/2032;47294.75;26/11/2025
DI1F33;03/01/2033;41656.0;26/11/2025
DI1F34;02/01/2034;36728.17;26/11/2025
DI1F35;02/01/2035;32449.38;26/11/2025
DI1F36;02/01/2036;28757.7;26/11/2025
DI1F37;02/01/2037;25383.05;26/11/2025
DI1F38;04/01/2038;22601.68;26/11/2025
DI1F39;03/01/2039;20097.9;26/11/2025
DI1F40;02/01/2040;17790.37;26/11/2025
DI1Z25;01/12/2025;99889.84;27/11/2025
DI1F26;02/01/2026;98686.26;27/11/2025
DI1G26;02/02/2026;97551.2;27/11/2025
DI1H26;02/03/2026;96598.85;27/11/2025
DI1J26;01/04/2026;95459.36;27/11/2025
DI1K26;04/05/2026;94454.9;27/11/2025
DI1M26;01/06/2026;93493.16;27/11/2025
DI1N26;01/07/2026;92506.91;27/11/2025
DI1Q26;03/08/2026;91458.72;27/11/2025
DI1U26;01/09/2026;90539.3;27/11/2025
DI1V26;01/10/2026;89648.89;27/11/2025
DI1X26;03/11/2026;88781.1;27/11/2025
DI1Z26;01/12/2026;88014.85;27/11/2025
DI1F27;04/01/2027;87145.92;27/11/2025
DI1J27;01/04/2027;84814.63;27/11/2025
DI1N27;01/07/2027;82475.57;27/11/2025
DI1Q27;02/08/2027;81670.57;27/11/2025
DI1V27;01/10/2027;80111.53;27/11/2025
DI1F28;03/01/2028;77883.68;27/11/2025
DI1J28;03/04/2028;75660.77;27/11/2025
DI1N28;03/07/2028;73536.2;27/11/2025
DI1V28;02/10/2028;71315.75;27/11/2025
DI1F29;02/01/2029;69307.15;27/11/2025
DI1J29;02/04/2029;67265.06;27/11/2025
DI1N29;02/07/2029;65181.09;27/11/2025
DI1V29;01/10/2029;63152.41;27/11/2025
DI1F30;02/01/2030;61262.09;27/11/2025
DI1J30;01/04/2030;59417.69;27/11/2025
DI1N30;01/07/2030;57576.46;27/11/2025
DI1V30;01/10/2030;55714.7;27/11/2025
DI1F31;02/01/2031;53942.1;27/11/2025
DI1F32;02/01/2032;47386.34;27/11/2025
DI1F33;03/01/2033;41780.5;27/11/2025
DI1F34;02/01/2034;36869.26;27/11/2025
DI1F35;02/01/2035;32600.35;27/11/2025
DI1F36;02/01/2036;28896.93;27/11/2025
DI1F37;02/01/2037;25517.03;27/11/2025
DI1F38;04/01/2038;22750.04;27/11/2025
DI1F39;03/01/2039;20209.75;27/11/2025
DI1F40;02/01/2040;17896.31;27/11/2025
DI1Z25;01/12/2025;99944.9;28/11/2025
DI1F26;02/01/2026;98740.73;28/11/2025
DI1G26;02/02/2026;97605.26;28/11/2025
DI1H26;02/03/2026;96652.34;28/11/2025
DI1J26;01/04/2026;95511.28;28/11/2025
DI1K26;04/05/2026;94504.54;28/11/2025
DI1M26;01/06/2026;93539.88;28/11/2025
DI1N26;01/07/2026;92550.23;28/11/2025
DI1Q26;03/08/2026;91495.3;28/11/2025
DI1U26;01/09/2026;90571.19;28/11/2025
DI1V26;01/10/2026;89674.34;28/11/2025
DI1X26;03/11/2026;88803.75;28/11/2025
DI1Z26;01/12/2026;88031.2;28/11/2025
DI1F27;04/01/2027;87160.85;28/11/2025
DI1J27;01/04/2027;84820.08;28/11/2025
DI1N27;01/07/2027;82473.39;28/11/2025
DI1Q27;02/08/2027;81665.88;28/11/2025
DI1V27;01/10/2027;80104.73;28/11/2025
DI1F28;03/01/2028;77877.84;28/11/2025
DI1J28;03/04/2028;75656.14;28/11/2025
DI1N28;03/07/2028;73535.9;28/11/2025
DI1V28;02/10/2028;71317.48;28/11/2025
DI1F29;02/01/2029;69317.49;28/11/2025
DI1J29;02/04/2029;67277.38;28/11/2025
DI1N29;02/07/2029;65204.02;28/11/2025
DI1V29;01/10/2029;63176.26;28/11/2025
DI1F30;02/01/2030;61284.9;28/11/2025
DI1J30;01/04/2030;59459.84;28/11/2025
DI1N30;01/07/2030;57622.76;28/11/2025
DI1V30;01/10/2030;55765.32;28/11/2025
DI1F31;02/01/2031;54009.26;28/11/2025
DI1F32;02/01/2032;47505.97;28/11/2025
DI1F33;03/01/2033;41887.03;28/11/2025
DI1F34;02/01/2034;36976.65;28/11/2025
DI1F35;02/01/2035;32704.98;28/11/2025
DI1F36;02/01/2036;29011.11;28/11/2025
DI1F37;02/01/2037;25636.7;28/11/2025
DI1F38;04/01/2038;22872.61;28/11/2025
DI1F39;03/01/2039;20326.87;28/11/2025
DI1F40;02/01/2040;18007.32;28/11/2025
DI1Z25;01/12/2025;100000.0;01/12/2025
DI1F26;02/01/2026;98794.85;01/12/2025
DI1G26;02/02/2026;97658.9;01/12/2025
DI1H26;02/03/2026;96705.03;01/12/2025
DI1J26;01/04/2026;95561.6;01/12/2025
DI1K26;04/05/2026;94551.87;01/12/2025
DI1M26;01/06/2026;93584.68;01/12/2025
DI1N26;01/07/2026;92590.4;01/12/2025
DI1Q26;03/08/2026;91532.04;01/12/2025
DI1U26;01/09/2026;90605.04;01/12/2025
DI1V26;01/10/2026;89703.92;01/12/2025
DI1X26;03/11/2026;88831.61;01/12/2025
DI1Z26;01/12/2026;88053.14;01/12/2025
DI1F27;04/01/2027;87173.53;01/12/2025
DI1J27;01/04/2027;84822.82;01/12/2025
DI1N27;01/07/2027;82462.32;01/12/2025
DI1Q27;02/08/2027;81651.88;01/12/2025
DI1V27;01/10/2027;80091.69;01/12/2025
DI1F28;03/01/2028;77853.59;01/12/2025
DI1J28;03/04/2028;75628.3;01/12/2025
DI1N28;03/07/2028;73500.62;01/12/2025
DI1V28;02/10/2028;71287.23;01/12/2025
DI1F29;02/01/2029;69284.69;01/12/2025
DI1J29;02/04/2029;67252.38;01/12/2025
DI1N29;02/07/2029;65177.77;01/12/2025
DI1V29;01/10/2029;63146.92;01/12/2025
DI1F30;02/01/2030;61252.85;01/12/2025
DI1J30;01/04/2030;59436.53;01/12/2025
DI1N30;01/07/2030;57602.0;01/12/2025
DI1V30;01/10/2030;55744.93;01/12/2025
DI1F31;02/01/2031;53982.39;01/12/2025
DI1F32;02/01/2032;47501.25;01/12/2025
DI1F33;03/01/2033;41884.08;01/12/2025
DI1F34;02/01/2034;36986.92;01/12/2025
DI1F35;02/01/2035;32723.66;01/12/2025
DI1F36;02/01/2036;29025.34;01/12/2025
DI1F37;02/01/2037;25646.78;01/12/2025
DI1F38;04/01/2038;22852.2;01/12/2025
DI1F39;03/01/2039;20329.74;01/12/2025
DI1F40;02/01/2040;18009.39;01/12/2025
DI1F26;02/01/2026;98849.38;02/12/2025
DI1G26;02/02/2026;97712.71;02/12/2025
DI1H26;02/03/2026;96758.96;02/12/2025
DI1J26;01/04/2026;95617.41;02/12/2025
DI1K26;04/05/2026;94608.32;02/12/2025
DI1M26;01/06/2026;93641.87;02/12/2025
DI1N26;01/07/2026;92649.57;02/12/2025
DI1Q26;03/08/2026;91591.64;02/12/2025
DI1U26;01/09/2026;90666.75;02/12/2025
DI1V26;01/10/2026;89766.17;02/12/2025
DI1X26;03/11/2026;88892.97;02/12/2025
DI1Z26;01/12/2026;88117.97;02/12/2025
DI1F27;04/01/2027;87243.21;02/12/2025
DI1J27;01/04/2027;84904.25;02/12/2025
DI1N27;01/07/2027;82560.73;02/12/2025
DI1Q27;02/08/2027;81758.35;02/12/2025
DI1V27;01/10/2027;80205.27;02/12/2025
DI1F28;03/01/2028;77992.35;02/12/2025
DI1J28;03/04/2028;75781.16;02/12/2025
DI1N28;03/07/2028;73669.36;02/12/2025
DI1V28;02/10/2028;71465.56;02/12/2025
DI1F29;02/01/2029;69469.89;02/12/2025
DI1J29;02/04/2029;67445.87;02/12/2025
DI1N29;02/07/2029;65385.42;02/12/2025
DI1V29;01/10/2029;63362.53;02/12/2025
DI1F30;02/01/2030;61475.69;02/12/2025
DI1J30;01/04/2030;59659.49;02/12/2025
DI1N30;01/07/2030;57835.9;02/12/2025
DI1V30;01/10/2030;55985.22;02/12/2025
DI1F31;02/01/2031;54235.57;02/12/2025
DI1F32;02/01/2032;47773.93;02/12/2025
DI1F33;03/01/2033;42174.14;02/12/2025
DI1F34;02/01/2034;37292.74;02/12/2025
DI1F35;02/01/2035;33033.42;02/12/2025
DI1F36;02/01/2036;29336.6;02/12/2025
DI1F37;02/01/2037;25950.82;02/12/2025
DI1F38;04/01/2038;23144.21;02/12/2025
DI1F39;03/01/2039;20622.35;02/12/2025
DI1F40;02/01/2040;18287.94;02/12/2025
DI1F26;02/01/2026;98904.08;03/12/2025
DI1G26;02/02/2026;97766.7;03/12/2025
DI1H26;02/03/2026;96812.31;03/12/2025
DI1J26;01/04/2026;95669.68;03/12/2025
DI1K26;04/05/2026;94661.39;03/12/2025
DI1M26;01/06/2026;93691.52;03/12/2025
DI1N26;01/07/2026;92698.13;03/12/2025
DI1Q26;03/08/2026;91639.06;03/12/2025
DI1U26;01/09/2026;90711.33;03/12/2025
DI1V26;01/10/2026;89810.18;03/12/2025
DI1X26;03/11/2026;88933.73;03/12/2025
DI1Z26;01/12/2026;88156.85;03/12/2025
DI1F27;04/01/2027;87277.47;03/12/2025
DI1J27;01/04/2027;84933.64;03/12/2025
DI1N27;01/07/2027;82587.36;03/12/2025
DI1Q27;02/08/2027;81786.15;03/12/2025
DI1V27;01/10/2027;80231.02;03/12/2025
DI1F28;03/01/2028;78018.15;03/12/2025
DI1J28;03/04/2028;75800.03;03/12/2025
DI1N28;03/07/2028;73682.55;03/12/2025
DI1V28;02/10/2028;71472.7;03/12/2025
DI1F29;02/01/2029;69468.98;03/12/2025
DI1J29;02/04/2029;67442.44;03/12/2025
DI1N29;02/07/2029;65371.37;03/12/2025
DI1V29;01/10/2029;63356.51;03/12/2025
DI1F30;02/01/2030;61469.88;03/12/2025
DI1J30;01/04/2030;59654.12;03/12/2025
DI1N30;01/07/2030;57831.2;03/12/2025
DI1V30;01/10/2030;55986.02;03/12/2025
DI1F31;02/01/2031;54239.93;03/12/2025
DI1F32;02/01/2032;47784.36;03/12/2025
DI1F33;03/01/2033;42202.55;03/12/2025
DI1F34;02/01/2034;37334.77;03/12/2025
DI1F35;02/01/2035;33073.25;03/12/2025
DI1F36;02/01/2036;29384.66;03/12/2025
DI1F37;02/01/2037;25991.27;03/12/2025
DI1F38;04/01/2038;23212.05;03/12/2025
DI1F39;03/01/2039;20653.67;03/12/2025
DI1F40;02/01/2040;18317.17;03/12/2025
DI1F26;02/01/2026;98958.59;04/12/2025
DI1G26;02/02/2026;97820.71;04/12/2025
DI1H26;02/03/2026;96867.42;04/12/2025
DI1J26;01/04/2026;95725.69;04/12/2025
DI1K26;04/05/2026;94717.09;04/12/2025
DI1M26;01/06/2026;93750.57;04/12/2025
DI1N26;01/07/2026;92758.08;04/12/2025
DI1Q26;03/08/2026;91702.19;04/12/2025
DI1U26;01/09/2026;90777.58;04/12/2025
DI1V26;01/10/2026;89881.32;04/12/2025
DI1X26;03/11/2026;89006.96;04/12/2025
DI1Z26;01/12/2026;88235.17;04/12/2025
DI1F27;04/01/2027;87360.07;04/12/2025
DI1J27;01/04/2027;85029.52;04/12/2025
DI1N27;01/07/2027;82692.34;04/12/2025
DI1Q27;02/08/2027;81892.37;04/12/2025
DI1V27;01/10/2027;80345.65;04/12/2025
DI1F28;03/01/2028;78136.71;04/12/2025
DI1J28;03/04/2028;75921.59;04/12/2025
DI1N28;03/07/2028;73809.38;04/12/2025
DI1V28;02/10/2028;71593.91;04/12/2025
DI1F29;02/01/2029;69597.76;04/12/2025
DI1J29;02/04/2029;67565.05;04/12/2025
DI1N29;02/07/2029;65496.96;04/12/2025
DI1V29;01/10/2029;63482.7;04/12/2025
DI1F30;02/01/2030;61600.5;04/12/2025
DI1J30;01/04/2030;59786.82;04/12/2025
DI1N30;01/07/2030;57961.04;04/12/2025
DI1V30;01/10/2030;56112.71;04/12/2025
DI1F31;02/01/2031;54370.18;04/12/2025
DI1F32;02/01/2032;47919.98;04/12/2025
DI1F33;03/01/2033;42338.83;04/12/2025
DI1F34;02/01/2034;37464.54;04/12/2025
DI1F35;02/01/2035;33210.94;04/12/2025
DI1F36;02/01/2036;29518.86;04/12/2025
DI1F37;02/01/2037;26135.92;04/12/2025
DI1F38;04/01/2038;23314.69;04/12/2025
DI1F39;03/01/2039;20775.66;04/12/2025
DI1F40;02/01/2040;18474.17;04/12/2025
DI1F26;02/01/2026;99012.88;05/12/2025
DI1G26;02/02/2026;97874.34;05/12/2025
DI1H26;02/03/2026;96916.01;05/12/2025
DI1J26;01/04/2026;95764.11;05/12/2025
DI1K26;04/05/2026;94745.79;05/12/2025
DI1M26;01/06/2026;93760.02;05/12/2025
DI1N26;01/07/2026;92749.0;05/12/2025
DI1Q26;03/08/2026;91667.1;05/12/2025
DI1U26;01/09/2026;90709.57;05/12/2025
DI1V26;01/10/2026;89788.15;05/12/2025
DI1X26;03/11/2026;88881.74;05/12/2025
DI1Z26;01/12/2026;88073.7;05/12/2025
DI1F27;04/01/2027;87161.75;05/12/2025
DI1J27;01/04/2027;84719.09;05/12/2025
DI1N27;01/07/2027;82253.41;05/12/2025
DI1Q27;02/08/2027;81419.94;05/12/2025
DI1V27;01/10/2027;79776.92;05/12/2025
DI1F28;03/01/2028;77442.01;05/12/2025
DI1J28;03/04/2028;75127.86;05/12/2025
DI1N28;03/07/2028;72912.21;05/12/2025
DI1V28;02/10/2028;70625.55;05/12/2025
DI1F29;02/01/2029;68542.9;05/12/2025
DI1J29;02/04/2029;66456.04;05/12/2025
DI1N29;02/07/2029;64326.88;05/12/2025
DI1V29;01/10/2029;62259.8;05/12/2025
DI1F30;02/01/2030;60324.48;05/12/2025
DI1J30;01/04/2030;58473.37;05/12/2025
DI1N30;01/07/2030;56616.38;05/12/2025
DI1V30;01/10/2030;54735.11;05/12/2025
DI1F31;02/01/2031;52967.87;05/12/2025
DI1F32;02/01/2032;46461.22;05/12/2025
DI1F33;03/01/2033;40867.46;05/12/2025
DI1F34;02/01/2034;36017.52;05/12/2025
DI1F35;02/01/2035;31782.55;05/12/2025
DI1F36;02/01/2036;28111.43;05/12/2025
DI1F37;02/01/2037;24766.64;05/12/2025
DI1F38;04/01/2038;21985.01;05/12/2025
DI1F39;03/01/2039;19494.08;05/12/2025
DI1F40;02/01/2040;17249.18;05/12/2025
DI1F26;02/01/2026;99066.94;08/12/2025
DI1G26;02/02/2026;97927.63;08/12/2025
DI1H26;02/03/2026;96970.6;08/12/2025
DI1J26;01/04/2026;95820.46;08/12/2025
DI1K26;04/05/2026;94803.89;08/12/2025
DI1M26;01/06/2026;93821.92;08/12/2025
DI1N26;01/07/2026;92811.4;08/12/2025
DI1Q26;03/08/2026;91736.66;08/12/2025
DI1U26;01/09/2026;90790.54;08/12/2025
DI1V26;01/10/2026;89872.31;08/12/2025
DI1X26;03/11/2026;88976.18;08/12/2025
DI1Z26;01/12/2026;88177.81;08/12/2025
DI1F27;04/01/2027;87278.63;08/12/2025
DI1J27;01/04/2027;84858.66;08/12/2025
DI1N27;01/07/2027;82417.94;08/12/2025
DI1Q27;02/08/2027;81582.57;08/12/2025
DI1V27;01/10/2027;79956.31;08/12/2025
DI1F28;03/01/2028;77637.69;08/12/2025
DI1J28;03/04/2028;75319.42;08/12/2025
DI1N28;03/07/2028;73108.98;08/12/2025
DI1V28;02/10/2028;70817.73;08/12/2025
DI1F29;02/01/2029;68735.07;08/12/2025
DI1J29;02/04/2029;66650.78;08/12/2025
DI1N29;02/07/2029;64529.39;08/12/2025
DI1V29;01/10/2029;62461.47;08/12/2025
DI1F30;02/01/2030;60524.05;08/12/2025
DI1J30;01/04/2030;58687.77;08/12/2025
DI1N30;01/07/2030;56829.82;08/12/2025
DI1V30;01/10/2030;54961.13;08/12/2025
DI1F31;02/01/2031;53180.19;08/12/2025
DI1F32;02/01/2032;46682.42;08/12/2025
DI1F33;03/01/2033;41083.34;08/12/2025
DI1F34;02/01/2034;36245.06;08/12/2025
DI1F35;02/01/2035;32006.08;08/12/2025
DI1F36;02/01/2036;28329.37;08/12/2025
DI1F37;02/01/2037;24976.77;08/12/2025
DI1F38;04/01/2038;22187.43;08/12/2025
DI1F39;03/01/2039;19687.78;08/12/2025
DI1F40;02/01/2040;17433.16;08/12/2025
DI1F26;02/01/2026;99121.58;09/12/2025
DI1G26;02/02/2026;97981.24;09/12/2025
DI1H26;02/03/2026;97022.78;09/12/2025
DI1J26;01/04/2026;95872.16;09/12/2025
DI1K26;04/05/2026;94855.84;09/12/2025
DI1M26;01/06/2026;93874.54;09/12/2025
DI1N26;01/07/2026;92863.89;09/12/2025
DI1Q26;03/08/2026;91791.67;09/12/2025
DI1U26;01/09/2026;90846.52;09/12/2025
DI1V26;01/10/2026;89930.79;09/12/2025
DI1X26;03/11/2026;89036.96;09/12/2025
DI1Z26;01/12/2026;88241.22;09/12/2025
DI1F27;04/01/2027;87345.9;09/12/2025
DI1J27;01/04/2027;84927.46;09/12/2025
DI1N27;01/07/2027;82486.93;09/12/2025
DI1Q27;02/08/2027;81651.12;09/12/2025
DI1V27;01/10/2027;80023.66;09/12/2025
DI1F28;03/01/2028;77692.59;09/12/2025
DI1J28;03/04/2028;75382.26;09/12/2025
DI1N28;03/07/2028;73151.28;09/12/2025
DI1V28;02/10/2028;70850.65;09/12/2025
DI1F29;02/01/2029;68754.02;09/12/2025
DI1J29;02/04/2029;66664.24;09/12/2025
DI1N29;02/07/2029;64521.03;09/12/2025
DI1V29;01/10/2029;62448.57;09/12/2025
DI1F30;02/01/2030;60496.05;09/12/2025
DI1J30;01/04/2030;58652.87;09/12/2025
DI1N30;01/07/2030;56785.76;09/12/2025
DI1V30;01/10/2030;54907.58;09/12/2025
DI1F31;02/01/2031;53124.36;09/12/2025
DI1F32;02/01/2032;46606.87;09/12/2025
DI1F33;03/01/2033;40994.85;09/12/2025
DI1F34;02/01/2034;36143.11;09/12/2025
DI1F35;02/01/2035;31903.04;09/12/2025
DI1F36;02/01/2036;28241.46;09/12/2025
DI1F37;02/01/2037;24904.69;09/12/2025
DI1F38;04/01/2038;22128.25;09/12/2025
DI1F39;03/01/2039;19580.67;09/12/2025
DI1F40;02/01/2040;17330.35;09/12/2025
DI1F26;02/01/2026;99176.21;10/12/2025
DI1G26;02/02/2026;98035.26;10/12/2025
DI1H26;02/03/2026;97076.11;10/12/2025
DI1J26;01/04/2026;95924.66;10/12/2025
DI1K26;04/05/2026;94905.61;10/12/2025
DI1M26;01/06/2026;93923.01;10/12/2025
DI1N26;01/07/2026;92911.51;10/12/2025
DI1Q26;03/08/2026;91834.9;10/12/2025
DI1U26;01/09/2026;90887.03;10/12/2025
DI1V26;01/10/2026;89969.6;10/12/2025
DI1X26;03/11/2026;89070.68;10/12/2025
DI1Z26;01/12/2026;88271.02;10/12/2025
DI1F27;04/01/2027;87368.77;10/12/2025
DI1J27;01/04/2027;84932.64;10/12/2025
DI1N27;01/07/2027;82469.75;10/12/2025
DI1Q27;02/08/2027;81621.32;10/12/2025
DI1V27;01/10/2027;79971.78;10/12/2025
DI1F28;03/01/2028;77611.37;10/12/2025
DI1J28;03/04/2028;75255.65;10/12/2025
DI1N28;03/07/2028;73015.02;10/12/2025
DI1V28;02/10/2028;70712.57;10/12/2025
DI1F29;02/01/2029;68589.33;10/12/2025
DI1J29;02/04/2029;66483.58;10/12/2025
DI1N29;02/07/2029;64340.63;10/12/2025
DI1V29;01/10/2029;62265.52;10/12/2025
DI1F30;02/01/2030;60297.1;10/12/2025
DI1J30;01/04/2030;58446.7;10/12/2025
DI1N30;01/07/2030;56575.43;10/12/2025
DI1V30;01/10/2030;54711.56;10/12/2025
DI1F31;02/01/2031;52907.16;10/12/2025
DI1F32;02/01/2032;46374.16;10/12/2025
DI1F33;03/01/2033;40752.91;10/12/2025
DI1F34;02/01/2034;35889.44;10/12/2025
DI1F35;02/01/2035;31654.78;10/12/2025
DI1F36;02/01/2036;27995.98;10/12/2025
DI1F37;02/01/2037;24677.2;10/12/2025
DI1F38;04/01/2038;21895.31;10/12/2025
DI1F39;03/01/2039;19356.63;10/12/2025
DI1F40;02/01/2040;17114.1;10/12/2025
DI1F26;02/01/2026;99231.11;11/12/2025
DI1G26;02/02/2026;98089.55;11/12/2025
DI1H26;02/03/2026;97128.58;11/12/2025
DI1J26;01/04/2026;95975.95;11/12/2025
DI1K26;04/05/2026;94956.06;11/12/2025
DI1M26;01/06/2026;93971.54;11/12/2025
DI1N26;01/07/2026;92960.07;11/12/2025
DI1Q26;03/08/2026;91882.29;11/12/2025
DI1U26;01/09/2026;90935.59;11/12/2025
DI1V26;01/10/2026;90014.81;11/12/2025
DI1X26;03/11/2026;89118.3;11/12/2025
DI1Z26;01/12/2026;88319.51;11/12/2025
DI1F27;04/01/2027;87418.29;11/12/2025
DI1J27;01/04/2027;85002.33;11/12/2025
DI1N27;01/07/2027;82567.71;11/12/2025
DI1Q27;02/08/2027;81726.06;11/12/2025
DI1V27;01/10/2027;80101.17;11/12/2025
DI1F28;03/01/2028;77761.62;11/12/2025
DI1J28;03/04/2028;75426.87;11/12/2025
DI1N28;03/07/2028;73204.76;11/12/2025
DI1V28;02/10/2028;70895.6;11/12/2025
DI1F29;02/01/2029;68799.42;11/12/2025
DI1J29;02/04/2029;66697.08;11/12/2025
DI1N29;02/07/2029;64566.69;11/12/2025
DI1V29;01/10/2029;62481.25;11/12/2025
DI1F30;02/01/2030;60530.39;11/12/2025
DI1J30;01/04/2030;58678.13;11/12/2025
DI1N30;01/07/2030;56783.74;11/12/2025
DI1V30;01/10/2030;54927.77;11/12/2025
DI1F31;02/01/2031;53149.32;11/12/2025
DI1F32;02/01/2032;46641.45;11/12/2025
DI1F33;03/01/2033;40998.21;11/12/2025
DI1F34;02/01/2034;36138.74;11/12/2025
DI1F35;02/01/2035;31899.81;11/12/2025
DI1F36;02/01/2036;28242.52;11/12/2025
DI1F37;02/01/2037;24910.41;11/12/2025
DI1F38;04/01/2038;22124.67;11/12/2025
DI1F39;03/01/2039;19582.29;11/12/2025
DI1F40;02/01/2040;17281.51;11/12/2025
DI1F26;02/01/2026;99285.88;12/12/2025
DI1G26;02/02/2026;98143.86;12/12/2025
DI1H26;02/03/2026;97183.56;12/12/2025
DI1J26;01/04/2026;96031.71;12/12/2025
DI1K26;04/05/2026;95014.92;12/12/2025
DI1M26;01/06/2026;94034.98;12/12/2025
DI1N26;01/07/2026;93028.27;12/12/2025
DI1Q26;03/08/2026;91960.47;12/12/2025
DI1U26;01/09/2026;91019.83;12/12/2025
DI1V26;01/10/2026;90111.45;12/12/2025
DI1X26;03/11/2026;89221.54;12/12/2025
DI1Z26;01/12/2026;88438.27;12/12/2025
DI1F27;04/01/2027;87546.21;12/12/2025
DI1J27;01/04/2027;85160.11;12/12/2025
DI1N27;01/07/2027;82752.58;12/12/2025
DI1Q27;02/08/2027;81927.64;12/12/2025
DI1V27;01/10/2027;80317.88;12/12/2025
DI1F28;03/01/2028;78004.49;12/12/2025
DI1J28;03/04/2028;75692.99;12/12/2025
DI1N28;03/07/2028;73488.29;12/12/2025
DI1V28;02/10/2028;71192.59;12/12/2025
DI1F29;02/01/2029;69111.3;12/12/2025
DI1J29;02/04/2029;67015.28;12/12/2025
DI1N29;02/07/2029;64881.83;12/12/2025
DI1V29;01/10/2029;62814.42;12/12/2025
DI1F30;02/01/2030;60878.47;12/12/2025
DI1J30;01/04/2030;59027.56;12/12/2025
DI1N30;01/07/2030;57162.53;12/12/2025
DI1V30;01/10/2030;55283.78;12/12/2025
DI1F31;02/01/2031;53515.26;12/12/2025
DI1F32;02/01/2032;46982.3;12/12/2025
DI1F33;03/01/2033;41354.6;12/12/2025
DI1F34;02/01/2034;36471.98;12/12/2025
DI1F35;02/01/2035;32225.78;12/12/2025
DI1F36;02/01/2036;28553.97;12/12/2025
DI1F37;02/01/2037;25211.67;12/12/2025
DI1F38;04/01/2038;22420.31;12/12/2025
DI1F39;03/01/2039;19853.75;12/12/2025
DI1F40;02/01/2040;17538.95;12/12/2025
DI1F26;02/01/2026;99340.67;15/12/2025
DI1G26;02/02/2026;98197.95;15/12/2025
DI1H26;02/03/2026;97237.48;15/12/2025
DI1J26;01/04/2026;96085.97;15/12/2025
DI1K26;04/05/2026;95069.07;15/12/2025
DI1M26;01/06/2026;94090.52;15/12/2025
DI1N26;01/07/2026;93085.43;15/12/2025
DI1Q26;03/08/2026;92014.78;15/12/2025
DI1U26;01/09/2026;91077.27;15/12/2025
DI1V26;01/10/2026;90165.87;15/12/2025
DI1X26;03/11/2026;89279.23;15/12/2025
DI1Z26;01/12/2026;88486.51;15/12/2025
DI1F27;04/01/2027;87600.24;15/12/2025
DI1J27;01/04/2027;85216.01;15/12/2025
DI1N27;01/07/2027;82812.23;15/12/2025
DI1Q27;02/08/2027;81981.78;15/12/2025
DI1V27;01/10/2027;80373.48;15/12/2025
DI1F28;03/01/2028;78057.71;15/12/2025
DI1J28;03/04/2028;75751.02;15/12/2025
DI1N28;03/07/2028;73553.42;15/12/2025
DI1V28;02/10/2028;71270.9;15/12/2025
DI1F29;02/01/2029;69198.4;15/12/2025
DI1J29;02/04/2029;67103.98;15/12/2025
DI1N29;02/07/2029;64986.08;15/12/2025
DI1V29;01/10/2029;62914.21;15/12/2025
DI1F30;02/01/2030;60979.55;15/12/2025
DI1J30;01/04/2030;59132.0;15/12/2025
DI1N30;01/07/2030;57272.49;15/12/2025
DI1V30;01/10/2030;55392.44;15/12/2025
DI1F31;02/01/2031;53629.36;15/12/2025
DI1F32;02/01/2032;47117.9;15/12/2025
DI1F33;03/01/2033;41498.12;15/12/2025
DI1F34;02/01/2034;36629.5;15/12/2025
DI1F35;02/01/2035;32385.25;15/12/2025
DI1F36;02/01/2036;28716.87;15/12/2025
DI1F37;02/01/2037;25363.85;15/12/2025
DI1F38;04/01/2038;22554.96;15/12/2025
DI1F39;03/01/2039;19982.13;15/12/2025
DI1F40;02/01/2040;17660.44;15/12/2025
DI1F26;02/01/2026;99395.45;16/12/2025
DI1G26;02/02/2026;98251.97;16/12/2025
DI1H26;02/03/2026;97290.07;16/12/2025
DI1J26;01/04/2026;96135.67;16/12/2025
DI1K26;04/05/2026;95115.32;16/12/2025
DI1M26;01/06/2026;94133.95;16/12/2025
DI1N26;01/07/2026;93121.91;16/12/2025
DI1Q26;03/08/2026;92046.62;16/12/2025
DI1U26;01/09/2026;91101.0;16/12/2025
DI1V26;01/10/2026;90187.92;16/12/2025
DI1X26;03/11/2026;89295.28;16/12/2025
DI1Z26;01/12/2026;88503.15;16/12/2025
DI1F27;04/01/2027;87611.28;16/12/2025
DI1J27;01/04/2027;85206.95;16/12/2025
DI1N27;01/07/2027;82783.97;16/12/2025
DI1Q27;02/08/2027;81949.71;16/12/2025
DI1V27;01/10/2027;80320.37;16/12/2025
DI1F28;03/01/2028;77984.86;16/12/2025
DI1J28;03/04/2028;75651.75;16/12/2025
DI1N28;03/07/2028;73429.93;16/12/2025
DI1V28;02/10/2028;71118.38;16/12/2025
DI1F29;02/01/2029;69018.28;16/12/2025
DI1J29;02/04/2029;66914.8;16/12/2025
DI1N29;02/07/2029;64770.55;16/12/2025
DI1V29;01/10/2029;62692.57;16/12/2025
DI1F30;02/01/2030;60749.18;16/12/2025
DI1J30;01/04/2030;58893.46;16/12/2025
DI1N30;01/07/2030;57028.9;16/12/2025
DI1V30;01/10/2030;55141.62;16/12/2025
DI1F31;02/01/2031;53356.05;16/12/2025
DI1F32;02/01/2032;46840.53;16/12/2025
DI1F33;03/01/2033;41227.75;16/12/2025
DI1F34;02/01/2034;36369.8;16/12/2025
DI1F35;02/01/2035;32140.77;16/12/2025
DI1F36;02/01/2036;28477.13;16/12/2025
DI1F37;02/01/2037;25129.58;16/12/2025
DI1F38;04/01/2038;22326.79;16/12/2025
DI1F39;03/01/2039;19762.37;16/12/2025
DI1F40;02/01/2040;17450.7;16/12/2025
DI1F26;02/01/2026;99450.32;17/12/2025
DI1G26;02/02/2026;98306.03;17/12/2025
DI1H26;02/03/2026;97340.9;17/12/2025
DI1J26;01/04/2026;96180.28;17/12/2025
DI1K26;04/05/2026;95148.54;17/12/2025
DI1M26;01/06/2026;94159.07;17/12/2025
DI1N26;01/07/2026;93135.59;17/12/2025
DI1Q26;03/08/2026;92049.48;17/12/2025
DI1U26;01/09/2026;91090.49;17/12/2025
DI1V26;01/10/2026;90161.44;17/12/2025
DI1X26;03/11/2026;89253.35;17/12/2025
DI1Z26;01/12/2026;88441.87;17/12/2025
DI1F27;04/01/2027;87534.77;17/12/2025
DI1J27;01/04/2027;85090.98;17/12/2025
DI1N27;01/07/2027;82619.02;17/12/2025
DI1Q27;02/08/2027;81767.52;17/12/2025
DI1V27;01/10/2027;80107.01;17/12/2025
DI1F28;03/01/2028;77724.75;17/12/2025
DI1J28;03/04/2028;75353.12;17/12/2025
DI1N28;03/07/2028;73095.79;17/12/2025
DI1V28;02/10/2028;70758.91;17/12/2025
DI1F29;02/01/2029;68629.52;17/12/2025
DI1J29;02/04/2029;66499.56;17/12/2025
DI1N29;02/07/2029;64337.72;17/12/2025
DI1V29;01/10/2029;62233.09;17/12/2025
DI1F30;02/01/2030;60260.96;17/12/2025
DI1J30;01/04/2030;58387.84;17/12/2025
DI1N30;01/07/2030;56514.07;17/12/2025
DI1V30;01/10/2030;54606.62;17/12/2025
DI1F31;02/01/2031;52810.1;17/12/2025
DI1F32;02/01/2032;46283.85;17/12/2025
DI1F33;03/01/2033;40665.87;17/12/2025
DI1F34;02/01/2034;35801.48;17/12/2025
DI1F35;02/01/2035;31585.19;17/12/2025
DI1F36;02/01/2036;27929.41;17/12/2025
DI1F37;02/01/2037;24618.11;17/12/2025
DI1F38;04/01/2038;21809.94;17/12/2025
DI1F39;03/01/2039;19248.75;17/12/2025
DI1F40;02/01/2040;16962.12;17/12/2025
DI1F26;02/01/2026;99505.06;18/12/2025
DI1G26;02/02/2026;98360.22;18/12/2025
DI1H26;02/03/2026;97394.94;18/12/2025
DI1J26;01/04/2026;96235.38;18/12/2025
DI1K26;04/05/2026;95203.52;18/12/2025
DI1M26;01/06/2026;94214.44;18/12/2025
DI1N26;01/07/2026;93194.24;18/12/2025
DI1Q26;03/08/2026;92104.59;18/12/2025
DI1U26;01/09/2026;91144.34;18/12/2025
DI1V26;01/10/2026;90212.54;18/12/2025
DI1X26;03/11/2026;89302.6;18/12/2025
DI1Z26;01/12/2026;88490.63;18/12/2025
DI1F27;04/01/2027;87577.41;18/12/2025
DI1J27;01/04/2027;85117.99;18/12/2025
DI1N27;01/07/2027;82627.28;18/12/2025
DI1Q27;02/08/2027;81775.97;18/12/2025
DI1V27;01/10/2027;80105.47;18/12/2025
DI1F28;03/01/2028;77722.96;18/12/2025
DI1J28;03/04/2028;75354.09;18/12/2025
DI1N28;03/07/2028;73097.88;18/12/2025
DI1V28;02/10/2028;70773.25;18/12/2025
DI1F29;02/01/2029;68654.51;18/12/2025
DI1J29;02/04/2029;66534.6;18/12/2025
DI1N29;02/07/2029;64359.98;18/12/2025
DI1V29;01/10/2029;62270.47;18/12/2025
DI1F30;02/01/2030;60308.24;18/12/2025
DI1J30;01/04/2030;58430.33;18/12/2025
DI1N30;01/07/2030;56544.85;18/12/2025
DI1V30;01/10/2030;54638.81;18/12/2025
DI1F31;02/01/2031;52850.82;18/12/2025
DI1F32;02/01/2032;46287.94;18/12/2025
DI1F33;03/01/2033;40669.12;18/12/2025
DI1F34;02/01/2034;35802.13;18/12/2025
DI1F35;02/01/2035;31558.92;18/12/2025
DI1F36;02/01/2036;27921.57;18/12/2025
DI1F37;02/01/2037;24590.24;18/12/2025
DI1F38;04/01/2038;21759.06;18/12/2025
DI1F39;03/01/2039;19238.72;18/12/2025
DI1F40;02/01/2040;16916.6;18/12/2025
DI1F26;02/01/2026;99559.93;19/12/2025
DI1G26;02/02/2026;98414.54;19/12/2025
DI1H26;02/03/2026;97448.83;19/12/2025
DI1J26;01/04/2026;96290.45;19/12/2025
DI1K26;04/05/2026;95259.63;19/12/2025
DI1M26;01/06/2026;94271.9;19/12/2025
DI1N26;01/07/2026;93254.06;19/12/2025
DI1Q26;03/08/2026;92166.51;19/12/2025
DI1U26;01/09/2026;91210.28;19/12/2025
DI1V26;01/10/2026;90286.28;19/12/2025
DI1X26;03/11/2026;89378.06;19/12/2025
DI1Z26;01/12/2026;88574.18;19/12/2025
DI1F27;04/01/2027;87668.79;19/12/2025
DI1J27;01/04/2027;85231.89;19/12/2025
DI1N27;01/07/2027;82766.56;19/12/2025
DI1Q27;02/08/2027;81919.34;19/12/2025
DI1V27;01/10/2027;80266.58;19/12/2025
DI1F28;03/01/2028;77898.62;19/12/2025
DI1J28;03/04/2028;75536.35;19/12/2025
DI1N28;03/07/2028;73296.24;19/12/2025
DI1V28;02/10/2028;70974.31;19/12/2025
DI1F29;02/01/2029;68867.12;19/12/2025
DI1J29;02/04/2029;66748.91;19/12/2025
DI1N29;02/07/2029;64586.82;19/12/2025
DI1V29;01/10/2029;62491.29;19/12/2025
DI1F30;02/01/2030;60534.0;19/12/2025
DI1J30;01/04/2030;58656.21;19/12/2025
DI1N30;01/07/2030;56776.76;19/12/2025
DI1V30;01/10/2030;54872.13;19/12/2025
DI1F31;02/01/2031;53082.36;19/12/2025
DI1F32;02/01/2032;46531.64;19/12/2025
DI1F33;03/01/2033;40887.95;19/12/2025
DI1F34;02/01/2034;36012.11;19/12/2025
DI1F35;02/01/2035;31772.43;19/12/2025
DI1F36;02/01/2036;28112.56;19/12/2025
DI1F37;02/01/2037;24762.26;19/12/2025
DI1F38;04/01/2038;21954.09;19/12/2025
DI1F39;03/01/2039;19400.46;19/12/2025
DI1F40;02/01/2040;17069.13;19/12/2025
DI1F26;02/01/2026;99614.88;22/12/2025
DI1G26;02/02/2026;98468.6;22/12/2025
DI1H26;02/03/2026;97501.19;22/12/2025
DI1J26;01/04/2026;96336.19;22/12/2025
DI1K26;04/05/2026;95301.76;22/12/2025
DI1M26;01/06/2026;94308.12;22/12/2025
DI1N26;01/07/2026;93285.41;22/12/2025
DI1Q26;03/08/2026;92193.3;22/12/2025
DI1U26;01/09/2026;91231.11;22/12/2025
DI1V26;01/10/2026;90299.49;22/12/2025
DI1X26;03/11/2026;89385.74;22/12/2025
DI1Z26;01/12/2026;88574.43;22/12/2025
DI1F27;04/01/2027;87659.69;22/12/2025
DI1J27;01/04/2027;85208.05;22/12/2025
DI1N27;01/07/2027;82717.77;22/12/2025
DI1Q27;02/08/2027;81862.26;22/12/2025
DI1V27;01/10/2027;80196.42;22/12/2025
DI1F28;03/01/2028;77801.35;22/12/2025
DI1J28;03/04/2028;75416.64;22/12/2025
DI1N28;03/07/2028;73155.74;22/12/2025
DI1V28;02/10/2028;70812.46;22/12/2025
DI1F29;02/01/2029;68688.26;22/12/2025
DI1J29;02/04/2029;66557.18;22/12/2025
DI1N29;02/07/2029;64392.71;22/12/2025
DI1V29;01/10/2029;62281.56;22/12/2025
DI1F30;02/01/2030;60318.07;22/12/2025
DI1J30;01/04/2030;58439.16;22/12/2025
DI1N30;01/07/2030;56548.53;22/12/2025
DI1V30;01/10/2030;54643.99;22/12/2025
DI1F31;02/01/2031;52846.45;22/12/2025
DI1F32;02/01/2032;46288.88;22/12/2025
DI1F33;03/01/2033;40645.73;22/12/2025
DI1F34;02/01/2034;35773.37;22/12/2025
DI1F35;02/01/2035;31538.89;22/12/2025
DI1F36;02/01/2036;27879.1;22/12/2025
DI1F37;02/01/2037;24546.5;22/12/2025
DI1F38;04/01/2038;21749.07;22/12/2025
DI1F39;03/01/2039;19203.4;22/12/2025
DI1F40;02/01/2040;16881.86;22/12/2025
DI1F26;02/01/2026;99669.73;23/12/2025
DI1G26;02/02/2026;98522.89;23/12/2025
DI1H26;02/03/2026;97554.84;23/12/2025
DI1J26;01/04/2026;96389.09;23/12/2025
DI1K26;04/05/2026;95353.61;23/12/2025
DI1M26;01/06/2026;94357.91;23/12/2025
DI1N26;01/07/2026;93332.79;23/12/2025
DI1Q26;03/08/2026;92242.13;23/12/2025
DI1U26;01/09/2026;91280.61;23/12/2025
DI1V26;01/10/2026;90347.0;23/12/2025
DI1X26;03/11/2026;89435.74;23/12/2025
DI1Z26;01/12/2026;88623.97;23/12/2025
DI1F27;04/01/2027;87710.26;23/12/2025
DI1J27;01/04/2027;85258.73;23/12/2025
DI1N27;01/07/2027;82782.17;23/12/2025
DI1Q27;02/08/2027;81929.5;23/12/2025
DI1V27;01/10/2027;80264.92;23/12/2025
DI1F28;03/01/2028;77875.76;23/12/2025
DI1J28;03/04/2028;75494.6;23/12/2025
DI1N28;03/07/2028;73243.7;23/12/2025
DI1V28;02/10/2028;70913.1;23/12/2025
DI1F29;02/01/2029;68785.97;23/12/2025
DI1J29;02/04/2029;66658.81;23/12/2025
DI1N29;02/07/2029;64498.22;23/12/2025
DI1V29;01/10/2029;62397.07;23/12/2025
DI1F30;02/01/2030;60431.04;23/12/2025
DI1J30;01/04/2030;58562.22;23/12/2025
DI1N30;01/07/2030;56670.7;23/12/2025
DI1V30;01/10/2030;54771.94;23/12/2025
DI1F31;02/01/2031;52968.39;23/12/2025
DI1F32;02/01/2032;46414.94;23/12/2025
DI1F33;03/01/2033;40776.49;23/12/2025
DI1F34;02/01/2034;35904.8;23/12/2025
DI1F35;02/01/2035;31662.1;23/12/2025
DI1F36;02/01/2036;28008.27;23/12/2025
DI1F37;02/01/2037;24668.1;23/12/2025
DI1F38;04/01/2038;21838.0;23/12/2025
DI1F39;03/01/2039;19296.45;23/12/2025
DI1F40;02/01/2040;16969.32;23/12/2025
DI1F26;02/01/2026;99779.75;26/12/2025
DI1G26;02/02/2026;98632.15;26/12/2025
DI1H26;02/03/2026;97663.83;26/12/2025
DI1J26;01/04/2026;96500.17;26/12/2025
DI1K26;04/05/2026;95465.81;26/12/2025
DI1M26;01/06/2026;94472.07;26/12/2025
DI1N26;01/07/2026;93450.19;26/12/2025
DI1Q26;03/08/2026;92362.8;26/12/2025
DI1U26;01/09/2026;91406.63;26/12/2025
DI1V26;01/10/2026;90479.33;26/12/2025
DI1X26;03/11/2026;89574.7;26/12/2025
DI1Z26;01/12/2026;88770.87;26/12/2025
DI1F27;04/01/2027;87865.6;26/12/2025
DI1J27;01/04/2027;85432.89;26/12/2025
DI1N27;01/07/2027;82973.01;26/12/2025
DI1Q27;02/08/2027;82120.98;26/12/2025
DI1V27;01/10/2027;80453.92;26/12/2025
DI1F28;03/01/2028;78093.36;26/12/2025
DI1J28;03/04/2028;75719.57;26/12/2025
DI1N28;03/07/2028;73466.37;26/12/2025
DI1V28;02/10/2028;71110.85;26/12/2025
DI1F29;02/01/2029;69019.53;26/12/2025
DI1J29;02/04/2029;66886.86;26/12/2025
DI1N29;02/07/2029;64731.17;26/12/2025
DI1V29;01/10/2029;62624.15;26/12/2025
DI1F30;02/01/2030;60661.44;26/12/2025
DI1J30;01/04/2030;58784.67;26/12/2025
DI1N30;01/07/2030;56895.32;26/12/2025
DI1V30;01/10/2030;54987.15;26/12/2025
DI1F31;02/01/2031;53189.45;26/12/2025
DI1F32;02/01/2032;46601.6;26/12/2025
DI1F33;03/01/2033;40943.46;26/12/2025
DI1F34;02/01/2034;36062.54;26/12/2025
DI1F35;02/01/2035;31806.89;26/12/2025
DI1F36;02/01/2036;28184.29;26/12/2025
DI1F37;02/01/2037;24809.97;26/12/2025
DI1F38;04/01/2038;22049.28;26/12/2025
DI1F39;03/01/2039;19406.33;26/12/2025
DI1F40;02/01/2040;17072.09;26/12/2025
DI1F26;02/01/2026;99834.77;29/12/2025
DI1G26;02/02/2026;98686.17;29/12/2025
DI1H26;02/03/2026;97715.97;29/12/2025
DI1J26;01/04/2026;96550.3;29/12/2025
DI1K26;04/05/2026;95513.5;29/12/2025
DI1M26;01/06/2026;94514.4;29/12/2025
DI1N26;01/07/2026;93487.89;29/12/2025
DI1Q26;03/08/2026;92396.41;29/12/2025
DI1U26;01/09/2026;91437.25;29/12/2025
DI1V26;01/10/2026;90506.41;29/12/2025
DI1X26;03/11/2026;89598.85;29/12/2025
DI1Z26;01/12/2026;88792.46;29/12/2025
DI1F27;04/01/2027;87884.27;29/12/2025
DI1J27;01/04/2027;85453.51;29/12/2025
DI1N27;01/07/2027;82995.68;29/12/2025
DI1Q27;02/08/2027;82151.35;29/12/2025
DI1V27;01/10/2027;80501.06;29/12/2025
DI1F28;03/01/2028;78139.95;29/12/2025
DI1J28;03/04/2028;75774.77;29/12/2025
DI1N28;03/07/2028;73542.87;29/12/2025
DI1V28;02/10/2028;71214.86;29/12/2025
DI1F29;02/01/2029;69106.3;29/12/2025
DI1J29;02/04/2029;66984.72;29/12/2025
DI1N29;02/07/2029;64820.89;29/12/2025
DI1V29;01/10/2029;62723.34;29/12/2025
DI1F30;02/01/2030;60761.87;29/12/2025
DI1J30;01/04/2030;58886.17;29/12/2025
DI1N30;01/07/2030;56977.55;29/12/2025
DI1V30;01/10/2030;55085.74;29/12/2025
DI1F31;02/01/2031;53286.17;29/12/2025
DI1F32;02/01/2032;46698.78;29/12/2025
DI1F33;03/01/2033;41032.14;29/12/2025
DI1F34;02/01/2034;36134.0;29/12/2025
DI1F35;02/01/2035;31868.18;29/12/2025
DI1F36;02/01/2036;28233.1;29/12/2025
DI1F37;02/01/2037;24858.41;29/12/2025
DI1F38;04/01/2038;22088.21;29/12/2025
DI1F39;03/01/2039;19478.1;29/12/2025
DI1F40;02/01/2040;17105.84;29/12/2025
DI1F26;02/01/2026;99889.83;30/12/2025
DI1G26;02/02/2026;98740.41;30/12/2025
DI1H26;02/03/2026;97769.61;30/12/2025
DI1J26;01/04/2026;96601.8;30/12/2025
DI1K26;04/05/2026;95560.23;30/12/2025
DI1M26;01/06/2026;94558.61;30/12/2025
DI1N26;01/07/2026;93530.63;30/12/2025
DI1Q26;03/08/2026;92436.37;30/12/2025
DI1U26;01/09/2026;91475.02;30/12/2025
DI1V26;01/10/2026;90540.25;30/12/2025
DI1X26;03/11/2026;89628.47;30/12/2025
DI1Z26;01/12/2026;88820.65;30/12/2025
DI1F27;04/01/2027;87909.32;30/12/2025
DI1J27;01/04/2027;85468.7;30/12/2025
DI1N27;01/07/2027;83002.16;30/12/2025
DI1Q27;02/08/2027;82153.29;30/12/2025
DI1V27;01/10/2027;80502.35;30/12/2025
DI1F28;03/01/2028;78148.01;30/12/2025
DI1J28;03/04/2028;75789.39;30/12/2025
DI1N28;03/07/2028;73559.54;30/12/2025
DI1V28;02/10/2028;71244.68;30/12/2025
DI1F29;02/01/2029;69147.59;30/12/2025
DI1J29;02/04/2029;67031.12;30/12/2025
DI1N29;02/07/2029;64882.81;30/12/2025
DI1V29;01/10/2029;62804.0;30/12/2025
DI1F30;02/01/2030;60841.06;30/12/2025
DI1J30;01/04/2030;58968.05;30/12/2025
DI1N30;01/07/2030;57082.22;30/12/2025
DI1V30;01/10/2030;55184.41;30/12/2025
DI1F31;02/01/2031;53392.32;30/12/2025
DI1F32;02/01/2032;46830.5;30/12/2025
DI1F33;03/01/2033;41171.41;30/12/2025
DI1F34;02/01/2034;36289.38;30/12/2025
DI1F35;02/01/2035;32017.67;30/12/2025
DI1F36;02/01/2036;28383.59;30/12/2025
DI1F37;02/01/2037;24998.25;30/12/2025
DI1F38;04/01/2038;22222.74;30/12/2025
DI1F39;03/01/2039;19608.08;30/12/2025
DI1F40;02/01/2040;17230.26;30/12/2025
DI1F26;02/01/2026;100000.0;02/01/2026
DI1G26;02/02/2026;98849.38;02/01/2026
DI1H26;02/03/2026;97878.56;02/01/2026
DI1J26;01/04/2026;96711.14;02/01/2026
DI1K26;04/05/2026;95672.63;02/01/2026
DI1M26;01/06/2026;94677.28;02/01/2026
DI1N26;01/07/2026;93656.13;02/01/2026
DI1Q26;03/08/2026;92568.38;02/01/2026
DI1U26;01/09/2026;91611.71;02/01/2026
DI1V26;01/10/2026;90688.57;02/01/2026
DI1X26;03/11/2026;89785.67;02/01/2026
DI1Z26;01/12/2026;88981.6;02/01/2026
DI1F27;04/01/2027;88082.22;02/01/2026
DI1J27;01/04/2027;85666.03;02/01/2026
DI1N27;01/07/2027;83219.22;02/01/2026
DI1Q27;02/08/2027;82379.19;02/01/2026
DI1V27;01/10/2027;80750.01;02/01/2026
DI1F28;03/01/2028;78407.53;02/01/2026
DI1J28;03/04/2028;76061.88;02/01/2026
DI1N28;03/07/2028;73859.42;02/01/2026
DI1V28;02/10/2028;71545.76;02/01/2026
DI1F29;02/01/2029;69474.02;02/01/2026
DI1J29;02/04/2029;67362.37;02/01/2026
DI1N29;02/07/2029;65241.53;02/01/2026
DI1V29;01/10/2029;63153.59;02/01/2026
DI1F30;02/01/2030;61225.79;02/01/2026
DI1J30;01/04/2030;59364.64;02/01/2026
DI1N30;01/07/2030;57485.39;02/01/2026
DI1V30;01/10/2030;55591.66;02/01/2026
DI1F31;02/01/2031;53799.81;02/01/2026
DI1J31;01/04/2031;52137.98;02/01/2026
DI1N31;01/07/2031;50524.75;02/01/2026
DI1V31;01/10/2031;48837.15;02/01/2026
DI1F32;02/01/2032;47255.75;02/01/2026
DI1F33;03/01/2033;41603.86;02/01/2026
DI1F34;02/01/2034;36707.28;02/01/2026
DI1F35;02/01/2035;32438.46;02/01/2026
DI1F36;02/01/2036;28779.91;02/01/2026
DI1F37;02/01/2037;25375.41;02/01/2026
DI1F38;04/01/2038;22522.59;02/01/2026
DI1F39;03/01/2039;19954.58;02/01/2026
DI1F40;02/01/2040;17557.04;02/01/2026
DI1G26;02/02/2026;98904.08;05/01/2026
DI1H26;02/03/2026;97932.13;05/01/2026
DI1J26;01/04/2026;96764.58;05/01/2026
DI1K26;04/05/2026;95726.22;05/01/2026
DI1M26;01/06/2026;94729.55;05/01/2026
DI1N26;01/07/2026;93704.09;05/01/2026
DI1Q26;03/08/2026;92614.46;05/01/2026
DI1U26;01/09/2026;91660.07;05/01/2026
DI1V26;01/10/2026;90732.46;05/01/2026
DI1X26;03/11/2026;89829.61;05/01/2026
DI1Z26;01/12/2026;89028.78;05/01/2026
DI1F27;04/01/2027;88129.41;05/01/2026
DI1J27;01/04/2027;85720.01;05/01/2026
DI1N27;01/07/2027;83284.14;05/01/2026
DI1Q27;02/08/2027;82451.54;05/01/2026
DI1V27;01/10/2027;80831.56;05/01/2026
DI1F28;03/01/2028;78511.69;05/01/2026
DI1J28;03/04/2028;76184.51;05/01/2026
DI1N28;03/07/2028;73982.65;05/01/2026
DI1V28;02/10/2028;71673.88;05/01/2026
DI1F29;02/01/2029;69595.41;05/01/2026
DI1J29;02/04/2029;67475.59;05/01/2026
DI1N29;02/07/2029;65341.34;05/01/2026
DI1V29;01/10/2029;63261.31;05/01/2026
DI1F30;02/01/2030;61307.28;05/01/2026
DI1J30;01/04/2030;59437.93;05/01/2026
DI1N30;01/07/2030;57547.65;05/01/2026
DI1V30;01/10/2030;55642.28;05/01/2026
DI1F31;02/01/2031;53840.63;05/01/2026
DI1J31;01/04/2031;52168.69;05/01/2026
DI1N31;01/07/2031;50545.06;05/01/2026
DI1V31;01/10/2031;48846.78;05/01/2026
DI1F32;02/01/2032;47254.55;05/01/2026
DI1F33;03/01/2033;41553.31;05/01/2026
DI1F34;02/01/2034;36628.0;05/01/2026
DI1F35;02/01/2035;32316.99;05/01/2026
DI1F36;02/01/2036;28623.47;05/01/2026
DI1F37;02/01/2037;25195.58;05/01/2026
DI1F38;04/01/2038;22370.97;05/01/2026
DI1F39;03/01/2039;19808.17;05/01/2026
DI1F40;02/01/2040;17417.72;05/01/2026
DI1G26;02/02/2026;98958.46;06/01/2026
DI1H26;02/03/2026;97985.62;06/01/2026
DI1J26;01/04/2026;96816.85;06/01/2026
DI1K26;04/05/2026;95777.19;06/01/2026
DI1M26;01/06/2026;94777.61;06/01/2026
DI1N26;01/07/2026;93751.35;06/01/2026
DI1Q26;03/08/2026;92661.98;06/01/2026
DI1U26;01/09/2026;91700.62;06/01/2026
DI1V26;01/10/2026;90772.32;06/01/2026
DI1X26;03/11/2026;89863.27;06/01/2026
DI1Z26;01/12/2026;89057.81;06/01/2026
DI1F27;04/01/2027;88153.81;06/01/2026
DI1J27;01/04/2027;85740.81;06/01/2026
DI1N27;01/07/2027;83310.09;06/01/2026
DI1Q27;02/08/2027;82482.96;06/01/2026
DI1V27;01/10/2027;80866.08;06/01/2026
DI1F28;03/01/2028;78560.75;06/01/2026
DI1J28;03/04/2028;76239.42;06/01/2026
DI1N28;03/07/2028;74044.33;06/01/2026
DI1V28;02/10/2028;71755.3;06/01/2026
DI1F29;02/01/2029;69669.33;06/01/2026
DI1J29;02/04/2029;67558.19;06/01/2026
DI1N29;02/07/2029;65421.18;06/01/2026
DI1V29;01/10/2029;63327.56;06/01/2026
DI1F30;02/01/2030;61373.79;06/01/2026
DI1J30;01/04/2030;59498.02;06/01/2026
DI1N30;01/07/2030;57607.66;06/01/2026
DI1V30;01/10/2030;55697.53;06/01/2026
DI1F31;02/01/2031;53895.58;06/01/2026
DI1J31;01/04/2031;52223.32;06/01/2026
DI1N31;01/07/2031;50575.09;06/01/2026
DI1V31;01/10/2031;48871.16;06/01/2026
DI1F32;02/01/2032;47273.21;06/01/2026
DI1F33;03/01/2033;41535.98;06/01/2026
DI1F34;02/01/2034;36584.85;06/01/2026
DI1F35;02/01/2035;32256.99;06/01/2026
DI1F36;02/01/2036;28507.94;06/01/2026
DI1F37;02/01/2037;25055.83;06/01/2026
DI1F38;04/01/2038;22260.27;06/01/2026
DI1F39;03/01/2039;19701.09;06/01/2026
DI1F40;02/01/2040;17315.7;06/01/2026
DI1G26;02/02/2026;99013.13;07/01/2026
DI1H26;02/03/2026;98040.63;07/01/2026
DI1J26;01/04/2026;96872.86;07/01/2026
DI1K26;04/05/2026;95834.68;07/01/2026
DI1M26;01/06/2026;94838.3;07/01/2026
DI1N26;01/07/2026;93814.93;07/01/2026
DI1Q26;03/08/2026;92726.91;07/01/2026
DI1U26;01/09/2026;91768.83;07/01/2026
DI1V26;01/10/2026;90843.09;07/01/2026
DI1X26;03/11/2026;89934.94;07/01/2026
DI1Z26;01/12/2026;89128.74;07/01/2026
DI1F27;04/01/2027;88230.63;07/01/2026
DI1J27;01/04/2027;85815.01;07/01/2026
DI1N27;01/07/2027;83378.17;07/01/2026
DI1Q27;02/08/2027;82544.99;07/01/2026
DI1V27;01/10/2027;80924.05;07/01/2026
DI1F28;03/01/2028;78604.31;07/01/2026
DI1J28;03/04/2028;76274.79;07/01/2026
DI1N28;03/07/2028;74072.03;07/01/2026
DI1V28;02/10/2028;71767.57;07/01/2026
DI1F29;02/01/2029;69681.21;07/01/2026
DI1J29;02/04/2029;67562.35;07/01/2026
DI1N29;02/07/2029;65403.22;07/01/2026
DI1V29;01/10/2029;63312.94;07/01/2026
DI1F30;02/01/2030;61344.02;07/01/2026
DI1J30;01/04/2030;59467.88;07/01/2026
DI1N30;01/07/2030;57570.7;07/01/2026
DI1V30;01/10/2030;55648.91;07/01/2026
DI1F31;02/01/2031;53823.59;07/01/2026
DI1J31;01/04/2031;52148.95;07/01/2026
DI1N31;01/07/2031;50503.47;07/01/2026
DI1V31;01/10/2031;48802.41;07/01/2026
DI1F32;02/01/2032;47185.45;07/01/2026
DI1F33;03/01/2033;41432.43;07/01/2026
DI1F34;02/01/2034;36457.58;07/01/2026
DI1F35;02/01/2035;32126.42;07/01/2026
DI1F36;02/01/2036;28373.22;07/01/2026
DI1F37;02/01/2037;24921.84;07/01/2026
DI1F38;04/01/2038;22110.78;07/01/2026
DI1F39;03/01/2039;19521.35;07/01/2026
DI1F40;02/01/2040;17205.96;07/01/2026
DI1F41;02/01/2041;15122.89;07/01/2026
DI1G26;02/02/2026;99067.7;08/01/2026
DI1H26;02/03/2026;98093.94;08/01/2026
DI1J26;01/04/2026;96925.94;08/01/2026
DI1K26;04/05/2026;95886.97;08/01/2026
DI1M26;01/06/2026;94886.41;08/01/2026
DI1N26;01/07/2026;93861.05;08/01/2026
DI1Q26;03/08/2026;92769.42;08/01/2026
DI1U26;01/09/2026;91807.9;08/01/2026
DI1V26;01/10/2026;90877.21;08/01/2026
DI1X26;03/11/2026;89966.15;08/01/2026
DI1Z26;01/12/2026;89157.91;08/01/2026
DI1F27;04/01/2027;88250.64;08/01/2026
DI1J27;01/04/2027;85828.61;08/01/2026
DI1N27;01/07/2027;83384.83;08/01/2026
DI1Q27;02/08/2027;82545.98;08/01/2026
DI1V27;01/10/2027;80925.41;08/01/2026
DI1F28;03/01/2028;78604.05;08/01/2026
DI1J28;03/04/2028;76272.74;08/01/2026
DI1N28;03/07/2028;74083.63;08/01/2026
DI1V28;02/10/2028;71785.09;08/01/2026
DI1F29;02/01/2029;69715.0;08/01/2026
DI1J29;02/04/2029;67600.96;08/01/2026
DI1N29;02/07/2029;65465.09;08/01/2026
DI1V29;01/10/2029;63377.11;08/01/2026
DI1F30;02/01/2030;61423.35;08/01/2026
DI1J30;01/04/2030;59549.96;08/01/2026
DI1N30;01/07/2030;57646.49;08/01/2026
DI1V30;01/10/2030;55743.38;08/01/2026
DI1F31;02/01/2031;53937.28;08/01/2026
DI1J31;01/04/2031;52263.27;08/01/2026
DI1N31;01/07/2031;50630.33;08/01/2026
DI1V31;01/10/2031;48915.04;08/01/2026
DI1F32;02/01/2032;47300.67;08/01/2026
DI1F33;03/01/2033;41557.34;08/01/2026
DI1F34;02/01/2034;36570.44;08/01/2026
DI1F35;02/01/2035;32256.48;08/01/2026
DI1F36;02/01/2036;28489.3;08/01/2026
DI1F37;02/01/2037;25049.72;08/01/2026
DI1F38;04/01/2038;22200.92;08/01/2026
DI1F39;03/01/2039;19617.92;08/01/2026
DI1F40;02/01/2040;17330.92;08/01/2026
DI1F41;02/01/2041;15272.06;08/01/2026
DI1G26;02/02/2026;99122.3;09/01/2026
DI1H26;02/03/2026;98146.62;09/01/2026
DI1J26;01/04/2026;96974.54;09/01/2026
DI1K26;04/05/2026;95931.72;09/01/2026
DI1M26;01/06/2026;94927.68;09/01/2026
DI1N26;01/07/2026;93896.99;09/01/2026
DI1Q26;03/08/2026;92801.23;09/01/2026
DI1U26;01/09/2026;91836.32;09/01/2026
DI1V26;01/10/2026;90901.14;09/01/2026
DI1X26;03/11/2026;89985.44;09/01/2026
DI1Z26;01/12/2026;89172.75;09/01/2026
DI1F27;04/01/2027;88262.61;09/01/2026
DI1J27;01/04/2027;85823.26;09/01/2026
DI1N27;01/07/2027;83367.04;09/01/2026
DI1Q27;02/08/2027;82525.81;09/01/2026
DI1V27;01/10/2027;80891.4;09/01/2026
DI1F28;03/01/2028;78561.63;09/01/2026
DI1J28;03/04/2028;76223.04;09/01/2026
DI1N28;03/07/2028;74013.22;09/01/2026
DI1V28;02/10/2028;71699.44;09/01/2026
DI1F29;02/01/2029;69625.21;09/01/2026
DI1J29;02/04/2029;67500.4;09/01/2026
DI1N29;02/07/2029;65359.74;09/01/2026
DI1V29;01/10/2029;63281.97;09/01/2026
DI1F30;02/01/2030;61327.55;09/01/2026
DI1J30;01/04/2030;59456.24;09/01/2026
DI1N30;01/07/2030;57566.91;09/01/2026
DI1V30;01/10/2030;55658.02;09/01/2026
DI1F31;02/01/2031;53851.33;09/01/2026
DI1J31;01/04/2031;52186.63;09/01/2026
DI1N31;01/07/2031;50549.1;09/01/2026
DI1V31;01/10/2031;48843.92;09/01/2026
DI1F32;02/01/2032;47232.79;09/01/2026
DI1F33;03/01/2033;41491.91;09/01/2026
DI1F34;02/01/2034;36530.08;09/01/2026
DI1F35;02/01/2035;32214.48;09/01/2026
DI1F36;02/01/2036;28441.52;09/01/2026
DI1F37;02/01/2037;24990.2;09/01/2026
DI1F38;04/01/2038;22165.54;09/01/2026
DI1F39;03/01/2039;19583.2;09/01/2026
DI1F40;02/01/2040;17297.2;09/01/2026
DI1F41;02/01/2041;15239.68;09/01/2026
DI1G26;02/02/2026;99176.82;12/01/2026
DI1H26;02/03/2026;98200.86;12/01/2026
DI1J26;01/04/2026;97029.6;12/01/2026
DI1K26;04/05/2026;95986.65;12/01/2026
DI1M26;01/06/2026;94983.54;12/01/2026
DI1N26;01/07/2026;93952.83;12/01/2026
DI1Q26;03/08/2026;92857.04;12/01/2026
DI1U26;01/09/2026;91893.08;12/01/2026
DI1V26;01/10/2026;90959.1;12/01/2026
DI1X26;03/11/2026;90043.63;12/01/2026
DI1Z26;01/12/2026;89234.6;12/01/2026
DI1F27;04/01/2027;88324.26;12/01/2026
DI1J27;01/04/2027;85896.46;12/01/2026
DI1N27;01/07/2027;83446.88;12/01/2026
DI1Q27;02/08/2027;82610.36;12/01/2026
DI1V27;01/10/2027;80982.51;12/01/2026
DI1F28;03/01/2028;78665.38;12/01/2026
DI1J28;03/04/2028;76339.23;12/01/2026
DI1N28;03/07/2028;74142.48;12/01/2026
DI1V28;02/10/2028;71846.1;12/01/2026
DI1F29;02/01/2029;69771.74;12/01/2026
DI1J29;02/04/2029;67666.75;12/01/2026
DI1N29;02/07/2029;65533.01;12/01/2026
DI1V29;01/10/2029;63451.58;12/01/2026
DI1F30;02/01/2030;61505.05;12/01/2026
DI1J30;01/04/2030;59632.75;12/01/2026
DI1N30;01/07/2030;57750.75;12/01/2026
DI1V30;01/10/2030;55849.31;12/01/2026
DI1F31;02/01/2031;54040.18;12/01/2026
DI1J31;01/04/2031;52372.59;12/01/2026
DI1N31;01/07/2031;50741.35;12/01/2026
DI1V31;01/10/2031;49037.51;12/01/2026
DI1F32;02/01/2032;47424.84;12/01/2026
DI1F33;03/01/2033;41690.69;12/01/2026
DI1F34;02/01/2034;36712.25;12/01/2026
DI1F35;02/01/2035;32393.09;12/01/2026
DI1F36;02/01/2036;28612.66;12/01/2026
DI1F37;02/01/2037;25157.0;12/01/2026
DI1F38;04/01/2038;22314.24;12/01/2026
DI1F39;03/01/2039;19724.8;12/01/2026
DI1F40;02/01/2040;17431.3;12/01/2026
DI1F41;02/01/2041;15365.76;12/01/2026
DI1G26;02/02/2026;99231.73;13/01/2026
DI1H26;02/03/2026;98255.56;13/01/2026
DI1J26;01/04/2026;97083.17;13/01/2026
DI1K26;04/05/2026;96039.09;13/01/2026
DI1M26;01/06/2026;95039.34;13/01/2026
DI1N26;01/07/2026;94010.11;13/01/2026
DI1Q26;03/08/2026;92916.79;13/01/2026
DI1U26;01/09/2026;91955.87;13/01/2026
DI1V26;01/10/2026;91025.54;13/01/2026
DI1X26;03/11/2026;90113.72;13/01/2026
DI1Z26;01/12/2026;89307.3;13/01/2026
DI1F27;04/01/2027;88401.49;13/01/2026
DI1J27;01/04/2027;85979.52;13/01/2026
DI1N27;01/07/2027;83540.49;13/01/2026
DI1Q27;02/08/2027;82706.01;13/01/2026
DI1V27;01/10/2027;81085.74;13/01/2026
DI1F28;03/01/2028;78773.13;13/01/2026
DI1J28;03/04/2028;76450.86;13/01/2026
DI1N28;03/07/2028;74245.94;13/01/2026
DI1V28;02/10/2028;71944.59;13/01/2026
DI1F29;02/01/2029;69867.38;13/01/2026
DI1J29;02/04/2029;67754.98;13/01/2026
DI1N29;02/07/2029;65604.81;13/01/2026
DI1V29;01/10/2029;63513.67;13/01/2026
DI1F30;02/01/2030;61554.45;13/01/2026
DI1J30;01/04/2030;59677.45;13/01/2026
DI1N30;01/07/2030;57785.98;13/01/2026
DI1V30;01/10/2030;55879.19;13/01/2026
DI1F31;02/01/2031;54062.24;13/01/2026
DI1J31;01/04/2031;52381.84;13/01/2026
DI1N31;01/07/2031;50742.34;13/01/2026
DI1V31;01/10/2031;49030.02;13/01/2026
DI1F32;02/01/2032;47401.41;13/01/2026
DI1F33;03/01/2033;41632.69;13/01/2026
DI1F34;02/01/2034;36617.99;13/01/2026
DI1F35;02/01/2035;32282.42;13/01/2026
DI1F36;02/01/2036;28507.44;13/01/2026
DI1F37;02/01/2037;25027.44;13/01/2026
DI1F38;04/01/2038;22183.18;13/01/2026
DI1F39;03/01/2039;19605.09;13/01/2026
DI1F40;02/01/2040;17320.91;13/01/2026
DI1F41;02/01/2041;15266.98;13/01/2026
DI1G26;02/02/2026;99286.23;14/01/2026
DI1H26;02/03/2026;98309.29;14/01/2026
DI1J26;01/04/2026;97134.45;14/01/2026
DI1K26;04/05/2026;96090.58;14/01/2026
DI1M26;01/06/2026;95086.51;14/01/2026
DI1N26;01/07/2026;94056.16;14/01/2026
DI1Q26;03/08/2026;92959.2;14/01/2026
DI1U26;01/09/2026;91993.78;14/01/2026
DI1V26;01/10/2026;91056.66;14/01/2026
DI1X26;03/11/2026;90140.31;14/01/2026
DI1Z26;01/12/2026;89327.99;14/01/2026
DI1F27;04/01/2027;88415.3;14/01/2026
DI1J27;01/04/2027;85972.74;14/01/2026
DI1N27;01/07/2027;83516.66;14/01/2026
DI1Q27;02/08/2027;82673.85;14/01/2026
DI1V27;01/10/2027;81038.65;14/01/2026
DI1F28;03/01/2028;78709.21;14/01/2026
DI1J28;03/04/2028;76370.09;14/01/2026
DI1N28;03/07/2028;74154.92;14/01/2026
DI1V28;02/10/2028;71850.58;14/01/2026
DI1F29;02/01/2029;69763.29;14/01/2026
DI1J29;02/04/2029;67648.88;14/01/2026
DI1N29;02/07/2029;65493.69;14/01/2026
DI1V29;01/10/2029;63408.35;14/01/2026
DI1F30;02/01/2030;61445.98;14/01/2026
DI1J30;01/04/2030;59579.45;14/01/2026
DI1N30;01/07/2030;57690.69;14/01/2026
DI1V30;01/10/2030;55786.94;14/01/2026
DI1F31;02/01/2031;53976.3;14/01/2026
DI1J31;01/04/2031;52302.83;14/01/2026
DI1N31;01/07/2031;50665.96;14/01/2026
DI1V31;01/10/2031;48954.0;14/01/2026
DI1F32;02/01/2032;47336.01;14/01/2026
DI1F33;03/01/2033;41574.88;14/01/2026
DI1F34;02/01/2034;36590.43;14/01/2026
DI1F35;02/01/2035;32235.42;14/01/2026
DI1F36;02/01/2036;28474.61;14/01/2026
DI1F37;02/01/2037;25001.65;14/01/2026
DI1F38;04/01/2038;22152.55;14/01/2026
DI1F39;03/01/2039;19563.79;14/01/2026
DI1F40;02/01/2040;17280.91;14/01/2026
DI1F41;02/01/2041;15228.68;14/01/2026
DI1G26;02/02/2026;99341.04;15/01/2026
DI1H26;02/03/2026;98363.28;15/01/2026
DI1J26;01/04/2026;97187.23;15/01/2026
DI1K26;04/05/2026;96142.85;15/01/2026
DI1M26;01/06/2026;95137.13;15/01/2026
DI1N26;01/07/2026;94103.78;15/01/2026
DI1Q26;03/08/2026;93004.36;15/01/2026
DI1U26;01/09/2026;92038.86;15/01/2026
DI1V26;01/10/2026;91098.13;15/01/2026
DI1X26;03/11/2026;90180.86;15/01/2026
DI1Z26;01/12/2026;89365.89;15/01/2026
DI1F27;04/01/2027;88450.86;15/01/2026
DI1J27;01/04/2027;86000.59;15/01/2026
DI1N27;01/07/2027;83528.26;15/01/2026
DI1Q27;02/08/2027;82682.26;15/01/2026
DI1V27;01/10/2027;81035.79;15/01/2026
DI1F28;03/01/2028;78691.9;15/01/2026
DI1J28;03/04/2028;76349.26;15/01/2026
DI1N28;03/07/2028;74133.28;15/01/2026
DI1V28;02/10/2028;71829.0;15/01/2026
DI1F29;02/01/2029;69737.53;15/01/2026
DI1J29;02/04/2029;67624.92;15/01/2026
DI1N29;02/07/2029;65464.33;15/01/2026
DI1V29;01/10/2029;63377.66;15/01/2026
DI1F30;02/01/2030;61412.42;15/01/2026
DI1J30;01/04/2030;59538.77;15/01/2026
DI1N30;01/07/2030;57651.89;15/01/2026
DI1V30;01/10/2030;55745.61;15/01/2026
DI1F31;02/01/2031;53925.83;15/01/2026
DI1J31;01/04/2031;52255.06;15/01/2026
DI1N31;01/07/2031;50611.59;15/01/2026
DI1V31;01/10/2031;48900.24;15/01/2026
DI1F32;02/01/2032;47275.79;15/01/2026
DI1F33;03/01/2033;41509.68;15/01/2026
DI1F34;02/01/2034;36509.47;15/01/2026
DI1F35;02/01/2035;32180.99;15/01/2026
DI1F36;02/01/2036;28402.26;15/01/2026
DI1F37;02/01/2037;24935.23;15/01/2026
DI1F38;04/01/2038;22061.89;15/01/2026
DI1F39;03/01/2039;19476.18;15/01/2026
DI1F40;02/01/2040;17196.86;15/01/2026
DI1F41;02/01/2041;15148.79;15/01/2026
DI1G26;02/02/2026;99395.79;16/01/2026
DI1H26;02/03/2026;98416.71;16/01/2026
DI1J26;01/04/2026;97238.85;16/01/2026
DI1K26;04/05/2026;96192.32;16/01/2026
DI1M26;01/06/2026;95182.7;16/01/2026
DI1N26;01/07/2026;94144.9;16/01/2026
DI1Q26;03/08/2026;93041.34;16/01/2026
DI1U26;01/09/2026;92069.05;16/01/2026
DI1V26;01/10/2026;91123.42;16/01/2026
DI1X26;03/11/2026;90197.87;16/01/2026
DI1Z26;01/12/2026;89377.52;16/01/2026
DI1F27;04/01/2027;88452.59;16/01/2026
DI1J27;01/04/2027;85979.12;16/01/2026
DI1N27;01/07/2027;83476.54;16/01/2026
DI1Q27;02/08/2027;82617.48;16/01/2026
DI1V27;01/10/2027;80948.32;16/01/2026
DI1F28;03/01/2028;78572.18;16/01/2026
DI1J28;03/04/2028;76214.76;16/01/2026
DI1N28;03/07/2028;73965.15;16/01/2026
DI1V28;02/10/2028;71640.47;16/01/2026
DI1F29;02/01/2029;69528.18;16/01/2026
DI1J29;02/04/2029;67391.29;16/01/2026
DI1N29;02/07/2029;65231.89;16/01/2026
DI1V29;01/10/2029;63125.6;16/01/2026
DI1F30;02/01/2030;61152.45;16/01/2026
DI1J30;01/04/2030;59267.33;16/01/2026
DI1N30;01/07/2030;57367.6;16/01/2026
DI1V30;01/10/2030;55448.32;16/01/2026
DI1F31;02/01/2031;53626.31;16/01/2026
DI1J31;01/04/2031;51942.34;16/01/2026
DI1N31;01/07/2031;50295.9;16/01/2026
DI1V31;01/10/2031;48584.28;16/01/2026
DI1F32;02/01/2032;46953.33;16/01/2026
DI1F33;03/01/2033;41190.69;16/01/2026
DI1F34;02/01/2034;36176.09;16/01/2026
DI1F35;02/01/2035;31836.37;16/01/2026
DI1F36;02/01/2036;28055.59;16/01/2026
DI1F37;02/01/2037;24613.15;16/01/2026
DI1F38;04/01/2038;21752.39;16/01/2026
DI1F39;03/01/2039;19179.35;16/01/2026
DI1F40;02/01/2040;16913.95;16/01/2026
DI1F41;02/01/2041;14881.38;16/01/2026
DI1G26;02/02/2026;99450.56;19/01/2026
DI1H26;02/03/2026;98470.32;19/01/2026
DI1J26;01/04/2026;97291.75;19/01/2026
DI1K26;04/05/2026;96243.3;19/01/2026
DI1M26;01/06/2026;95235.24;19/01/2026
DI1N26;01/07/2026;94197.44;19/01/2026
DI1Q26;03/08/2026;93097.12;19/01/2026
DI1U26;01/09/2026;92127.75;19/01/2026
DI1V26;01/10/2026;91185.79;19/01/2026
DI1X26;03/11/2026;90267.15;19/01/2026
DI1Z26;01/12/2026;89450.71;19/01/2026
DI1F27;04/01/2027;88534.74;19/01/2026
DI1J27;01/04/2027;86074.54;19/01/2026
DI1N27;01/07/2027;83578.37;19/01/2026
DI1Q27;02/08/2027;82724.01;19/01/2026
DI1V27;01/10/2027;81068.23;19/01/2026
DI1F28;03/01/2028;78697.17;19/01/2026
DI1J28;03/04/2028;76326.05;19/01/2026
DI1N28;03/07/2028;74092.22;19/01/2026
DI1V28;02/10/2028;71755.73;19/01/2026
DI1F29;02/01/2029;69639.75;19/01/2026
DI1J29;02/04/2029;67507.6;19/01/2026
DI1N29;02/07/2029;65343.01;19/01/2026
DI1V29;01/10/2029;63232.71;19/01/2026
DI1F30;02/01/2030;61259.0;19/01/2026
DI1J30;01/04/2030;59373.01;19/01/2026
DI1N30;01/07/2030;57463.17;19/01/2026
DI1V30;01/10/2030;55549.14;19/01/2026
DI1F31;02/01/2031;53718.36;19/01/2026
DI1J31;01/04/2031;52036.99;19/01/2026
DI1N31;01/07/2031;50388.31;19/01/2026
DI1V31;01/10/2031;48669.45;19/01/2026
DI1F32;02/01/2032;47040.75;19/01/2026
DI1F33;03/01/2033;41261.81;19/01/2026
DI1F34;02/01/2034;36232.32;19/01/2026
DI1F35;02/01/2035;31904.98;19/01/2026
DI1F36;02/01/2036;28104.08;19/01/2026
DI1F37;02/01/2037;24663.46;19/01/2026
DI1F38;04/01/2038;21786.22;19/01/2026
DI1F39;03/01/2039;19210.85;19/01/2026
DI1F40;02/01/2040;16943.2;19/01/2026
DI1F41;02/01/2041;14908.43;19/01/2026
DI1G26;02/02/2026;99505.37;20/01/2026
DI1H26;02/03/2026;98524.27;20/01/2026
DI1J26;01/04/2026;97344.03;20/01/2026
DI1K26;04/05/2026;96293.66;20/01/2026
DI1M26;01/06/2026;95283.69;20/01/2026
DI1N26;01/07/2026;94244.23;20/01/2026
DI1Q26;03/08/2026;93139.52;20/01/2026
DI1U26;01/09/2026;92166.64;20/01/2026
DI1V26;01/10/2026;91220.85;20/01/2026
DI1X26;03/11/2026;90296.22;20/01/2026
DI1Z26;01/12/2026;89476.78;20/01/2026
DI1F27;04/01/2027;88553.7;20/01/2026
DI1J27;01/04/2027;86083.01;20/01/2026
DI1N27;01/07/2027;83578.82;20/01/2026
DI1Q27;02/08/2027;82719.6;20/01/2026
DI1V27;01/10/2027;81051.43;20/01/2026
DI1F28;03/01/2028;78658.97;20/01/2026
DI1J28;03/04/2028;76271.98;20/01/2026
DI1N28;03/07/2028;74021.96;20/01/2026
DI1V28;02/10/2028;71671.92;20/01/2026
DI1F29;02/01/2029;69548.24;20/01/2026
DI1J29;02/04/2029;67420.23;20/01/2026
DI1N29;02/07/2029;65227.79;20/01/2026
DI1V29;01/10/2029;63108.69;20/01/2026
DI1F30;02/01/2030;61124.87;20/01/2026
DI1J30;01/04/2030;59226.74;20/01/2026
DI1N30;01/07/2030;57309.48;20/01/2026
DI1V30;01/10/2030;55381.07;20/01/2026
DI1F31;02/01/2031;53543.53;20/01/2026
DI1J31;01/04/2031;51855.76;20/01/2026
DI1N31;01/07/2031;50203.52;20/01/2026
DI1V31;01/10/2031;48481.22;20/01/2026
DI1F32;02/01/2032;46852.16;20/01/2026
DI1F33;03/01/2033;41047.68;20/01/2026
DI1F34;02/01/2034;36029.76;20/01/2026
DI1F35;02/01/2035;31682.69;20/01/2026
DI1F36;02/01/2036;27889.84;20/01/2026
DI1F37;02/01/2037;24429.5;20/01/2026
DI1F38;04/01/2038;21595.82;20/01/2026
DI1F39;03/01/2039;19028.08;20/01/2026
DI1F40;02/01/2040;16768.89;20/01/2026
DI1F41;02/01/2041;14743.61;20/01/2026
DI1G26;02/02/2026;99560.21;21/01/2026
DI1H26;02/03/2026;98578.36;21/01/2026
DI1J26;01/04/2026;97398.01;21/01/2026
DI1K26;04/05/2026;96347.52;21/01/2026
DI1M26;01/06/2026;95337.75;21/01/2026
DI1N26;01/07/2026;94299.67;21/01/2026
DI1Q26;03/08/2026;93196.13;21/01/2026
DI1U26;01/09/2026;92227.72;21/01/2026
DI1V26;01/10/2026;91284.77;21/01/2026
DI1X26;03/11/2026;90364.72;21/01/2026
DI1Z26;01/12/2026;89553.11;21/01/2026
DI1F27;04/01/2027;88634.88;21/01/2026
DI1J27;01/04/2027;86176.37;21/01/2026
DI1N27;01/07/2027;83696.19;21/01/2026
DI1Q27;02/08/2027;82843.57;21/01/2026
DI1V27;01/10/2027;81186.75;21/01/2026
DI1F28;03/01/2028;78821.43;21/01/2026
DI1J28;03/04/2028;76446.51;21/01/2026
DI1N28;03/07/2028;74209.28;21/01/2026
DI1V28;02/10/2028;71868.65;21/01/2026
DI1F29;02/01/2029;69758.49;21/01/2026
DI1J29;02/04/2029;67623.16;21/01/2026
DI1N29;02/07/2029;65448.98;21/01/2026
DI1V29;01/10/2029;63326.11;21/01/2026
DI1F30;02/01/2030;61362.2;21/01/2026
DI1J30;01/04/2030;59469.14;21/01/2026
DI1N30;01/07/2030;57560.73;21/01/2026
DI1V30;01/10/2030;55620.73;21/01/2026
DI1F31;02/01/2031;53807.18;21/01/2026
DI1J31;01/04/2031;52124.8;21/01/2026
DI1N31;01/07/2031;50472.65;21/01/2026
DI1V31;01/10/2031;48752.58;21/01/2026
DI1F32;02/01/2032;47122.67;21/01/2026
DI1F33;03/01/2033;41308.78;21/01/2026
DI1F34;02/01/2034;36276.81;21/01/2026
DI1F35;02/01/2035;31925.05;21/01/2026
DI1F36;02/01/2036;28127.86;21/01/2026
DI1F37;02/01/2037;24646.18;21/01/2026
DI1F38;04/01/2038;21822.08;21/01/2026
DI1F39;03/01/2039;19243.46;21/01/2026
DI1F40;02/01/2040;16972.84;21/01/2026
DI1F41;02/01/2041;14935.29;21/01/2026
DI1G26;02/02/2026;99615.22;22/01/2026
DI1H26;02/03/2026;98634.11;22/01/2026
DI1J26;01/04/2026;97455.95;22/01/2026
DI1K26;04/05/2026;96408.51;22/01/2026
DI1M26;01/06/2026;95398.97;22/01/2026
DI1N26;01/07/2026;94363.17;22/01/2026
DI1Q26;03/08/2026;93263.27;22/01/2026
DI1U26;01/09/2026;92296.0;22/01/2026
DI1V26;01/10/2026;91357.35;22/01/2026
DI1X26;03/11/2026;90440.39;22/01/2026
DI1Z26;01/12/2026;89629.9;22/01/2026
DI1F27;04/01/2027;88713.65;22/01/2026
DI1J27;01/04/2027;86270.41;22/01/2026
DI1N27;01/07/2027;83803.88;22/01/2026
DI1Q27;02/08/2027;82957.39;22/01/2026
DI1V27;01/10/2027;81313.48;22/01/2026
DI1F28;03/01/2028;78964.94;22/01/2026
DI1J28;03/04/2028;76603.32;22/01/2026
DI1N28;03/07/2028;74374.39;22/01/2026
DI1V28;02/10/2028;72045.12;22/01/2026
DI1F29;02/01/2029;69936.62;22/01/2026
DI1J29;02/04/2029;67816.94;22/01/2026
DI1N29;02/07/2029;65639.04;22/01/2026
DI1V29;01/10/2029;63517.32;22/01/2026
DI1F30;02/01/2030;61540.81;22/01/2026
DI1J30;01/04/2030;59659.91;22/01/2026
DI1N30;01/07/2030;57745.74;22/01/2026
DI1V30;01/10/2030;55815.42;22/01/2026
DI1F31;02/01/2031;53990.23;22/01/2026
DI1J31;01/04/2031;52300.12;22/01/2026
DI1N31;01/07/2031;50649.24;22/01/2026
DI1V31;01/10/2031;48930.27;22/01/2026
DI1F32;02/01/2032;47296.18;22/01/2026
DI1F33;03/01/2033;41480.65;22/01/2026
DI1F34;02/01/2034;36446.91;22/01/2026
DI1F35;02/01/2035;32096.41;22/01/2026
DI1F36;02/01/2036;28276.89;22/01/2026
DI1F37;02/01/2037;24807.78;22/01/2026
DI1F38;04/01/2038;21956.58;22/01/2026
DI1F39;03/01/2039;19371.24;22/01/2026
DI1F40;02/01/2040;17093.63;22/01/2026
DI1F41;02/01/2041;15048.67;22/01/2026
DI1G26;02/02/2026;99670.2;23/01/2026
DI1H26;02/03/2026;98689.04;23/01/2026
DI1J26;01/04/2026;97509.4;23/01/2026
DI1K26;04/05/2026;96460.06;23/01/2026
DI1M26;01/06/2026;95451.2;23/01/2026
DI1N26;01/07/2026;94415.98;23/01/2026
DI1Q26;03/08/2026;93315.04;23/01/2026
DI1U26;01/09/2026;92347.11;23/01/2026
DI1V26;01/10/2026;91407.29;23/01/2026
DI1X26;03/11/2026;90489.68;23/01/2026
DI1Z26;01/12/2026;89676.64;23/01/2026
DI1F27;04/01/2027;88760.32;23/01/2026
DI1J27;01/04/2027;86318.94;23/01/2026
DI1N27;01/07/2027;83860.99;23/01/2026
DI1Q27;02/08/2027;83018.04;23/01/2026
DI1V27;01/10/2027;81372.52;23/01/2026
DI1F28;03/01/2028;79030.24;23/01/2026
DI1J28;03/04/2028;76670.02;23/01/2026
DI1N28;03/07/2028;74450.3;23/01/2026
DI1V28;02/10/2028;72126.18;23/01/2026
DI1F29;02/01/2029;70019.33;23/01/2026
DI1J29;02/04/2029;67903.03;23/01/2026
DI1N29;02/07/2029;65736.42;23/01/2026
DI1V29;01/10/2029;63624.57;23/01/2026
DI1F30;02/01/2030;61653.9;23/01/2026
DI1J30;01/04/2030;59774.57;23/01/2026
DI1N30;01/07/2030;57866.16;23/01/2026
DI1V30;01/10/2030;55946.32;23/01/2026
DI1F31;02/01/2031;54122.27;23/01/2026
DI1J31;01/04/2031;52440.22;23/01/2026
DI1N31;01/07/2031;50792.55;23/01/2026
DI1V31;01/10/2031;49074.29;23/01/2026
DI1F32;02/01/2032;47438.15;23/01/2026
DI1F33;03/01/2033;41630.37;23/01/2026
DI1F34;02/01/2034;36615.18;23/01/2026
DI1F35;02/01/2035;32263.6;23/01/2026
DI1F36;02/01/2036;28458.79;23/01/2026
DI1F37;02/01/2037;24975.18;23/01/2026
DI1F38;04/01/2038;22103.41;23/01/2026
DI1F39;03/01/2039;19510.88;23/01/2026
DI1F40;02/01/2040;17225.77;23/01/2026
DI1F41;02/01/2041;15172.82;23/01/2026
DI1G26;02/02/2026;99725.14;26/01/2026
DI1H26;02/03/2026;98743.16;26/01/2026
DI1J26;01/04/2026;97562.88;26/01/2026
DI1K26;04/05/2026;96513.83;26/01/2026
DI1M26;01/06/2026;95504.57;26/01/2026
DI1N26;01/07/2026;94468.78;26/01/2026
DI1Q26;03/08/2026;93368.9;26/01/2026
DI1U26;01/09/2026;92401.59;26/01/2026
DI1V26;01/10/2026;91463.75;26/01/2026
DI1X26;03/11/2026;90545.63;26/01/2026
DI1Z26;01/12/2026;89734.62;26/01/2026
DI1F27;04/01/2027;88817.84;26/01/2026
DI1J27;01/04/2027;86381.62;26/01/2026
DI1N27;01/07/2027;83924.33;26/01/2026
DI1Q27;02/08/2027;83085.25;26/01/2026
DI1V27;01/10/2027;81449.57;26/01/2026
DI1F28;03/01/2028;79108.92;26/01/2026
DI1J28;03/04/2028;76763.23;26/01/2026
DI1N28;03/07/2028;74550.03;26/01/2026
DI1V28;02/10/2028;72232.76;26/01/2026
DI1F29;02/01/2029;70134.45;26/01/2026
DI1J29;02/04/2029;68013.72;26/01/2026
DI1N29;02/07/2029;65865.46;26/01/2026
DI1V29;01/10/2029;63752.42;26/01/2026
DI1F30;02/01/2030;61792.57;26/01/2026
DI1J30;01/04/2030;59915.57;26/01/2026
DI1N30;01/07/2030;57997.91;26/01/2026
DI1V30;01/10/2030;56093.49;26/01/2026
DI1F31;02/01/2031;54268.56;26/01/2026
DI1J31;01/04/2031;52590.09;26/01/2026
DI1N31;01/07/2031;50943.4;26/01/2026
DI1V31;01/10/2031;49225.96;26/01/2026
DI1F32;02/01/2032;47587.85;26/01/2026
DI1F33;03/01/2033;41790.7;26/01/2026
DI1F34;02/01/2034;36763.71;26/01/2026
DI1F35;02/01/2035;32403.74;26/01/2026
DI1F36;02/01/2036;28574.73;26/01/2026
DI1F37;02/01/2037;25086.01;26/01/2026
DI1F38;04/01/2038;22223.34;26/01/2026
DI1F39;03/01/2039;19624.84;26/01/2026
DI1F40;02/01/2040;17333.53;26/01/2026
DI1F41;02/01/2041;15274.01;26/01/2026
DI1G26;02/02/2026;99780.21;27/01/2026
DI1H26;02/03/2026;98799.28;27/01/2026
DI1J26;01/04/2026;97622.18;27/01/2026
DI1K26;04/05/2026;96577.86;27/01/2026
DI1M26;01/06/2026;95573.78;27/01/2026
DI1N26;01/07/2026;94544.62;27/01/2026
DI1Q26;03/08/2026;93450.13;27/01/2026
DI1U26;01/09/2026;92488.6;27/01/2026
DI1V26;01/10/2026;91556.44;27/01/2026
DI1X26;03/11/2026;90645.55;27/01/2026
DI1Z26;01/12/2026;89841.22;27/01/2026
DI1F27;04/01/2027;88936.52;27/01/2026
DI1J27;01/04/2027;86519.36;27/01/2026
DI1N27;01/07/2027;84082.82;27/01/2026
DI1Q27;02/08/2027;83244.83;27/01/2026
DI1V27;01/10/2027;81619.17;27/01/2026
DI1F28;03/01/2028;79296.5;27/01/2026
DI1J28;03/04/2028;76956.73;27/01/2026
DI1N28;03/07/2028;74764.51;27/01/2026
DI1V28;02/10/2028;72467.4;27/01/2026
DI1F29;02/01/2029;70388.69;27/01/2026
DI1J29;02/04/2029;68283.84;27/01/2026
DI1N29;02/07/2029;66147.34;27/01/2026
DI1V29;01/10/2029;64061.98;27/01/2026
DI1F30;02/01/2030;62125.51;27/01/2026
DI1J30;01/04/2030;60252.29;27/01/2026
DI1N30;01/07/2030;58368.69;27/01/2026
DI1V30;01/10/2030;56490.46;27/01/2026
DI1F31;02/01/2031;54664.78;27/01/2026
DI1J31;01/04/2031;52994.21;27/01/2026
DI1N31;01/07/2031;51357.02;27/01/2026
DI1V31;01/10/2031;49653.84;27/01/2026
DI1F32;02/01/2032;48026.55;27/01/2026
DI1F33;03/01/2033;42248.27;27/01/2026
DI1F34;02/01/2034;37250.52;27/01/2026
DI1F35;02/01/2035;32861.5;27/01/2026
DI1F36;02/01/2036;29052.37;27/01/2026
DI1F37;02/01/2037;25527.48;27/01/2026
DI1F38;04/01/2038;22649.43;27/01/2026
DI1F39;03/01/2039;20032.27;27/01/2026
DI1F40;02/01/2040;17720.96;27/01/2026
DI1F41;02/01/2041;15639.58;27/01/2026
DI1G26;02/02/2026;99835.3;28/01/2026
DI1H26;02/03/2026;98853.97;28/01/2026
DI1J26;01/04/2026;97677.76;28/01/2026
DI1K26;04/05/2026;96634.64;28/01/2026
DI1M26;01/06/2026;95630.25;28/01/2026
DI1N26;01/07/2026;94602.66;28/01/2026
DI1Q26;03/08/2026;93511.97;28/01/2026
DI1U26;01/09/2026;92554.71;28/01/2026
DI1V26;01/10/2026;91626.61;28/01/2026
DI1X26;03/11/2026;90721.62;28/01/2026
DI1Z26;01/12/2026;89921.17;28/01/2026
DI1F27;04/01/2027;89021.71;28/01/2026
DI1J27;01/04/2027;86623.19;28/01/2026
DI1N27;01/07/2027;84204.41;28/01/2026
DI1Q27;02/08/2027;83374.46;28/01/2026
DI1V27;01/10/2027;81758.51;28/01/2026
DI1F28;03/01/2028;79440.91;28/01/2026
DI1J28;03/04/2028;77108.88;28/01/2026
DI1N28;03/07/2028;74924.83;28/01/2026
DI1V28;02/10/2028;72630.45;28/01/2026
DI1F29;02/01/2029;70560.05;28/01/2026
DI1J29;02/04/2029;68449.86;28/01/2026
DI1N29;02/07/2029;66302.57;28/01/2026
DI1V29;01/10/2029;64223.39;28/01/2026
DI1F30;02/01/2030;62277.63;28/01/2026
DI1J30;01/04/2030;60409.43;28/01/2026
DI1N30;01/07/2030;58517.02;28/01/2026
DI1V30;01/10/2030;56615.44;28/01/2026
DI1F31;02/01/2031;54802.69;28/01/2026
DI1J31;01/04/2031;53135.68;28/01/2026
DI1N31;01/07/2031;51499.44;28/01/2026
DI1V31;01/10/2031;49784.69;28/01/2026
DI1F32;02/01/2032;48155.29;28/01/2026
DI1F33;03/01/2033;42366.96;28/01/2026
DI1F34;02/01/2034;37339.08;28/01/2026
DI1F35;02/01/2035;32957.67;28/01/2026
DI1F36;02/01/2036;29122.47;28/01/2026
DI1F37;02/01/2037;25611.24;28/01/2026
DI1F38;04/01/2038;22729.49;28/01/2026
DI1F39;03/01/2039;20108.19;28/01/2026
DI1F40;02/01/2040;17792.66;28/01/2026
DI1F41;02/01/2041;15706.85;28/01/2026
DI1G26;02/02/2026;99889.82;29/01/2026
DI1H26;02/03/2026;98903.53;29/01/2026
DI1J26;01/04/2026;97723.06;29/01/2026
DI1K26;04/05/2026;96678.66;29/01/2026
DI1M26;01/06/2026;95676.31;29/01/2026
DI1N26;01/07/2026;94652.13;29/01/2026
DI1Q26;03/08/2026;93563.02;29/01/2026
DI1U26;01/09/2026;92610.21;29/01/2026
DI1V26;01/10/2026;91687.99;29/01/2026
DI1X26;03/11/2026;90789.07;29/01/2026
DI1Z26;01/12/2026;89993.68;29/01/2026
DI1F27;04/01/2027;89100.21;29/01/2026
DI1J27;01/04/2027;86724.99;29/01/2026
DI1N27;01/07/2027;84333.11;29/01/2026
DI1Q27;02/08/2027;83511.58;29/01/2026
DI1V27;01/10/2027;81913.35;29/01/2026
DI1F28;03/01/2028;79616.23;29/01/2026
DI1J28;03/04/2028;77311.32;29/01/2026
DI1N28;03/07/2028;75138.0;29/01/2026
DI1V28;02/10/2028;72848.46;29/01/2026
DI1F29;02/01/2029;70784.22;29/01/2026
DI1J29;02/04/2029;68673.28;29/01/2026
DI1N29;02/07/2029;66535.76;29/01/2026
DI1V29;01/10/2029;64436.91;29/01/2026
DI1F30;02/01/2030;62481.45;29/01/2026
DI1J30;01/04/2030;60608.83;29/01/2026
DI1N30;01/07/2030;58706.41;29/01/2026
DI1V30;01/10/2030;56796.4;29/01/2026
DI1F31;02/01/2031;54964.55;29/01/2026
DI1J31;01/04/2031;53287.06;29/01/2026
DI1N31;01/07/2031;51651.92;29/01/2026
DI1V31;01/10/2031;49933.16;29/01/2026
DI1F32;02/01/2032;48304.34;29/01/2026
DI1F33;03/01/2033;42491.06;29/01/2026
DI1F34;02/01/2034;37438.2;29/01/2026
DI1F35;02/01/2035;33061.83;29/01/2026
DI1F36;02/01/2036;29213.02;29/01/2026
DI1F37;02/01/2037;25710.01;29/01/2026
DI1F38;04/01/2038;22824.1;29/01/2026
DI1F39;03/01/2039;20198.11;29/01/2026
DI1F40;02/01/2040;17877.73;29/01/2026
DI1F41;02/01/2041;15786.78;29/01/2026
DI1G26;02/02/2026;99944.9;30/01/2026
DI1H26;02/03/2026;98958.13;30/01/2026
DI1J26;01/04/2026;97775.98;30/01/2026
DI1K26;04/05/2026;96730.73;30/01/2026
DI1M26;01/06/2026;95726.82;30/01/2026
DI1N26;01/07/2026;94701.64;30/01/2026
DI1Q26;03/08/2026;93612.03;30/01/2026
DI1U26;01/09/2026;92657.65;30/01/2026
DI1V26;01/10/2026;91735.89;30/01/2026
DI1X26;03/11/2026;90834.91;30/01/2026
DI1Z26;01/12/2026;90039.96;30/01/2026
DI1F27;04/01/2027;89148.5;30/01/2026
DI1J27;01/04/2027;86765.84;30/01/2026
DI1N27;01/07/2027;84370.69;30/01/2026
DI1Q27;02/08/2027;83540.73;30/01/2026
DI1V27;01/10/2027;81934.42;30/01/2026
DI1F28;03/01/2028;79637.81;30/01/2026
DI1J28;03/04/2028;77327.19;30/01/2026
DI1N28;03/07/2028;75151.12;30/01/2026
DI1V28;02/10/2028;72867.54;30/01/2026
DI1F29;02/01/2029;70803.26;30/01/2026
DI1J29;02/04/2029;68690.7;30/01/2026
DI1N29;02/07/2029;66559.57;30/01/2026
DI1V29;01/10/2029;64461.57;30/01/2026
DI1F30;02/01/2030;62513.65;30/01/2026
DI1J30;01/04/2030;60633.62;30/01/2026
DI1N30;01/07/2030;58725.74;30/01/2026
DI1V30;01/10/2030;56814.64;30/01/2026
DI1F31;02/01/2031;54996.04;30/01/2026
DI1J31;01/04/2031;53310.63;30/01/2026
DI1N31;01/07/2031;51664.92;30/01/2026
DI1V31;01/10/2031;49947.69;30/01/2026
DI1F32;02/01/2032;48310.5;30/01/2026
DI1F33;03/01/2033;42499.13;30/01/2026
DI1F34;02/01/2034;37448.93;30/01/2026
DI1F35;02/01/2035;33075.64;30/01/2026
DI1F36;02/01/2036;29224.96;30/01/2026
DI1F37;02/01/2037;25732.63;30/01/2026
DI1F38;04/01/2038;22844.95;30/01/2026
DI1F39;03/01/2039;20217.26;30/01/2026
DI1F40;02/01/2040;17895.3;30/01/2026
DI1F41;02/01/2041;15802.85;30/01/2026
DI1G26;02/02/2026;100000.0;02/02/2026
DI1H26;02/03/2026;99012.57;02/02/2026
DI1J26;01/04/2026;97830.98;02/02/2026
DI1K26;04/05/2026;96785.26;02/02/2026
DI1M26;01/06/2026;95780.57;02/02/2026
DI1N26;01/07/2026;94754.52;02/02/2026
DI1Q26;03/08/2026;93666.32;02/02/2026
DI1U26;01/09/2026;92713.07;02/02/2026
DI1V26;01/10/2026;91790.19;02/02/2026
DI1X26;03/11/2026;90890.26;02/02/2026
DI1Z26;01/12/2026;90097.92;02/02/2026
DI1F27;04/01/2027;89205.32;02/02/2026
DI1G27;01/02/2027;88399.51;02/02/2026
DI1J27;01/04/2027;86821.62;02/02/2026
DI1N27;01/07/2027;84414.56;02/02/2026
DI1Q27;02/08/2027;83585.29;02/02/2026
DI1V27;01/10/2027;81965.18;02/02/2026
DI1F28;03/01/2028;79647.38;02/02/2026
DI1J28;03/04/2028;77323.96;02/02/2026
DI1N28;03/07/2028;75110.07;02/02/2026
DI1V28;02/10/2028;72804.55;02/02/2026
DI1F29;02/01/2029;70715.49;02/02/2026
DI1J29;02/04/2029;68578.74;02/02/2026
DI1N29;02/07/2029;66434.12;02/02/2026
DI1V29;01/10/2029;64318.46;02/02/2026
DI1F30;02/01/2030;62346.69;02/02/2026
DI1J30;01/04/2030;60453.28;02/02/2026
DI1N30;01/07/2030;58534.66;02/02/2026
DI1V30;01/10/2030;56605.58;02/02/2026
DI1F31;02/01/2031;54779.15;02/02/2026
DI1J31;01/04/2031;53081.62;02/02/2026
DI1N31;01/07/2031;51431.45;02/02/2026
DI1V31;01/10/2031;49704.97;02/02/2026
DI1F32;02/01/2032;48059.26;02/02/2026
DI1F33;03/01/2033;42232.23;02/02/2026
DI1F34;02/01/2034;37174.68;02/02/2026
DI1F35;02/01/2035;32803.84;02/02/2026
DI1F36;02/01/2036;28971.63;02/02/2026
DI1F37;02/01/2037;25471.08;02/02/2026
DI1F38;04/01/2038;22590.55;02/02/2026
DI1F39;03/01/2039;19972.4;02/02/2026
DI1F40;02/01/2040;17661.12;02/02/2026
DI1F41;02/01/2041;15580.79;02/02/2026
DI1H26;02/03/2026;99067.23;03/02/2026
DI1J26;01/04/2026;97886.48;03/02/2026
DI1K26;04/05/2026;96841.94;03/02/2026
DI1M26;01/06/2026;95841.12;03/02/2026
DI1N26;01/07/2026;94817.92;03/02/2026
DI1Q26;03/08/2026;93731.78;03/02/2026
DI1U26;01/09/2026;92779.59;03/02/2026
DI1V26;01/10/2026;91857.64;03/02/2026
DI1X26;03/11/2026;90959.72;03/02/2026
DI1Z26;01/12/2026;90166.14;03/02/2026
DI1F27;04/01/2027;89273.41;03/02/2026
DI1G27;01/02/2027;88472.54;03/02/2026
DI1J27;01/04/2027;86900.96;03/02/2026
DI1N27;01/07/2027;84511.44;03/02/2026
DI1Q27;02/08/2027;83686.76;03/02/2026
DI1V27;01/10/2027;82077.46;03/02/2026
DI1F28;03/01/2028;79772.47;03/02/2026
DI1J28;03/04/2028;77453.58;03/02/2026
DI1N28;03/07/2028;75263.73;03/02/2026
DI1V28;02/10/2028;72958.87;03/02/2026
DI1F29;02/01/2029;70879.51;03/02/2026
DI1J29;02/04/2029;68754.22;03/02/2026
DI1N29;02/07/2029;66603.28;03/02/2026
DI1V29;01/10/2029;64494.37;03/02/2026
DI1F30;02/01/2030;62526.64;03/02/2026
DI1J30;01/04/2030;60628.06;03/02/2026
DI1N30;01/07/2030;58716.9;03/02/2026
DI1V30;01/10/2030;56790.79;03/02/2026
DI1F31;02/01/2031;54961.93;03/02/2026
DI1J31;01/04/2031;53278.31;03/02/2026
DI1N31;01/07/2031;51624.99;03/02/2026
DI1V31;01/10/2031;49895.04;03/02/2026
DI1F32;02/01/2032;48247.79;03/02/2026
DI1F33;03/01/2033;42407.19;03/02/2026
DI1F34;02/01/2034;37348.38;03/02/2026
DI1F35;02/01/2035;32971.71;03/02/2026
DI1F36;02/01/2036;29132.33;03/02/2026
DI1F37;02/01/2037;25603.47;03/02/2026
DI1F38;04/01/2038;22717.68;03/02/2026
DI1F39;03/01/2039;20093.44;03/02/2026
DI1F40;02/01/2040;17775.81;03/02/2026
DI1F41;02/01/2041;15688.7;03/02/2026
DI1H26;02/03/2026;99121.91;04/02/2026
DI1J26;01/04/2026;97940.11;04/02/2026
DI1K26;04/05/2026;96895.79;04/02/2026
DI1M26;01/06/2026;95895.52;04/02/2026
DI1N26;01/07/2026;94872.95;04/02/2026
DI1Q26;03/08/2026;93786.29;04/02/2026
DI1U26;01/09/2026;92835.29;04/02/2026
DI1V26;01/10/2026;91915.44;04/02/2026
DI1X26;03/11/2026;91015.47;04/02/2026
DI1Z26;01/12/2026;90218.76;04/02/2026
DI1F27;04/01/2027;89326.52;04/02/2026
DI1G27;01/02/2027;88521.76;04/02/2026
DI1J27;01/04/2027;86939.99;04/02/2026
DI1N27;01/07/2027;84527.19;04/02/2026
DI1Q27;02/08/2027;83695.16;04/02/2026
DI1V27;01/10/2027;82071.08;04/02/2026
DI1F28;03/01/2028;79744.52;04/02/2026
DI1J28;03/04/2028;77409.14;04/02/2026
DI1N28;03/07/2028;75198.91;04/02/2026
DI1V28;02/10/2028;72890.94;04/02/2026
DI1F29;02/01/2029;70790.15;04/02/2026
DI1J29;02/04/2029;68655.81;04/02/2026
DI1N29;02/07/2029;66492.05;04/02/2026
DI1V29;01/10/2029;64376.4;04/02/2026
DI1F30;02/01/2030;62400.68;04/02/2026
DI1J30;01/04/2030;60496.59;04/02/2026
DI1N30;01/07/2030;58582.71;04/02/2026
DI1V30;01/10/2030;56647.04;04/02/2026
DI1F31;02/01/2031;54806.95;04/02/2026
DI1J31;01/04/2031;53119.42;04/02/2026
DI1N31;01/07/2031;51460.25;04/02/2026
DI1V31;01/10/2031;49726.96;04/02/2026
DI1F32;02/01/2032;48072.01;04/02/2026
DI1F33;03/01/2033;42225.68;04/02/2026
DI1F34;02/01/2034;37175.71;04/02/2026
DI1F35;02/01/2035;32782.91;04/02/2026
DI1F36;02/01/2036;28942.82;04/02/2026
DI1F37;02/01/2037;25418.77;04/02/2026
DI1F38;04/01/2038;22537.78;04/02/2026
DI1F39;03/01/2039;19920.1;04/02/2026
DI1F40;02/01/2040;17609.89;04/02/2026
DI1F41;02/01/2041;15531.26;04/02/2026
DI1H26;02/03/2026;99176.57;05/02/2026
DI1J26;01/04/2026;97993.39;05/02/2026
DI1K26;04/05/2026;96948.87;05/02/2026
DI1M26;01/06/2026;95949.36;05/02/2026
DI1N26;01/07/2026;94926.95;05/02/2026
DI1Q26;03/08/2026;93843.91;05/02/2026
DI1U26;01/09/2026;92892.29;05/02/2026
DI1V26;01/10/2026;91973.68;05/02/2026
DI1X26;03/11/2026;91074.08;05/02/2026
DI1Z26;01/12/2026;90282.22;05/02/2026
DI1F27;04/01/2027;89389.44;05/02/2026
DI1G27;01/02/2027;88584.65;05/02/2026
DI1J27;01/04/2027;87007.77;05/02/2026
DI1N27;01/07/2027;84597.92;05/02/2026
DI1Q27;02/08/2027;83765.84;05/02/2026
DI1V27;01/10/2027;82144.87;05/02/2026
DI1F28;03/01/2028;79818.49;05/02/2026
DI1J28;03/04/2028;77484.09;05/02/2026
DI1N28;03/07/2028;75277.51;05/02/2026
DI1V28;02/10/2028;72976.76;05/02/2026
DI1F29;02/01/2029;70874.44;05/02/2026
DI1J29;02/04/2029;68736.11;05/02/2026
DI1N29;02/07/2029;66573.62;05/02/2026
DI1V29;01/10/2029;64448.76;05/02/2026
DI1F30;02/01/2030;62467.18;05/02/2026
DI1J30;01/04/2030;60558.95;05/02/2026
DI1N30;01/07/2030;58629.32;05/02/2026
DI1V30;01/10/2030;56700.15;05/02/2026
DI1F31;02/01/2031;54852.68;05/02/2026
DI1J31;01/04/2031;53150.33;05/02/2026
DI1N31;01/07/2031;51492.91;05/02/2026
DI1V31;01/10/2031;49754.0;05/02/2026
DI1F32;02/01/2032;48093.35;05/02/2026
DI1F33;03/01/2033;42239.06;05/02/2026
DI1F34;02/01/2034;37155.65;05/02/2026
DI1F35;02/01/2035;32789.09;05/02/2026
DI1F36;02/01/2036;28927.21;05/02/2026
DI1F37;02/01/2037;25409.68;05/02/2026
DI1F38;04/01/2038;22473.98;05/02/2026
DI1F39;03/01/2039;19858.12;05/02/2026
DI1F40;02/01/2040;17550.14;05/02/2026
DI1F41;02/01/2041;15474.24;05/02/2026
DI1H26;02/03/2026;99231.3;06/02/2026
DI1J26;01/04/2026;98047.7;06/02/2026
DI1K26;04/05/2026;97002.34;06/02/2026
DI1M26;01/06/2026;96003.18;06/02/2026
DI1N26;01/07/2026;94981.55;06/02/2026
DI1Q26;03/08/2026;93898.29;06/02/2026
DI1U26;01/09/2026;92948.74;06/02/2026
DI1V26;01/10/2026;92029.74;06/02/2026
DI1X26;03/11/2026;91132.6;06/02/2026
DI1Z26;01/12/2026;90341.09;06/02/2026
DI1F27;04/01/2027;89451.55;06/02/2026
DI1G27;01/02/2027;88646.67;06/02/2026
DI1J27;01/04/2027;87070.23;06/02/2026
DI1N27;01/07/2027;84661.31;06/02/2026
DI1Q27;02/08/2027;83826.63;06/02/2026
DI1V27;01/10/2027;82201.88;06/02/2026
DI1F28;03/01/2028;79862.97;06/02/2026
DI1J28;03/04/2028;77523.71;06/02/2026
DI1N28;03/07/2028;75306.8;06/02/2026
DI1V28;02/10/2028;72999.47;06/02/2026
DI1F29;02/01/2029;70873.88;06/02/2026
DI1J29;02/04/2029;68725.33;06/02/2026
DI1N29;02/07/2029;66552.04;06/02/2026
DI1V29;01/10/2029;64413.79;06/02/2026
DI1F30;02/01/2030;62418.5;06/02/2026
DI1J30;01/04/2030;60509.27;06/02/2026
DI1N30;01/07/2030;58581.3;06/02/2026
DI1V30;01/10/2030;56628.58;06/02/2026
DI1F31;02/01/2031;54778.39;06/02/2026
DI1J31;01/04/2031;53075.95;06/02/2026
DI1N31;01/07/2031;51406.63;06/02/2026
DI1V31;01/10/2031;49665.46;06/02/2026
DI1F32;02/01/2032;48005.42;06/02/2026
DI1F33;03/01/2033;42127.46;06/02/2026
DI1F34;02/01/2034;37032.98;06/02/2026
DI1F35;02/01/2035;32639.86;06/02/2026
DI1F36;02/01/2036;28784.26;06/02/2026
DI1F37;02/01/2037;25260.45;06/02/2026
DI1F38;04/01/2038;22321.95;06/02/2026
DI1F39;03/01/2039;19711.63;06/02/2026
DI1F40;02/01/2040;17409.95;06/02/2026
DI1F41;02/01/2041;15341.25;06/02/2026
DI1H26;02/03/2026;99286.01;09/02/2026
DI1J26;01/04/2026;98101.18;09/02/2026
DI1K26;04/05/2026;97054.7;09/02/2026
DI1M26;01/06/2026;96053.97;09/02/2026
DI1N26;01/07/2026;95031.35;09/02/2026
DI1Q26;03/08/2026;93947.57;09/02/2026
DI1U26;01/09/2026;92996.05;09/02/2026
DI1V26;01/10/2026;92077.97;09/02/2026
DI1X26;03/11/2026;91178.85;09/02/2026
DI1Z26;01/12/2026;90386.53;09/02/2026
DI1F27;04/01/2027;89498.87;09/02/2026
DI1G27;01/02/2027;88694.24;09/02/2026
DI1J27;01/04/2027;87117.01;09/02/2026
DI1N27;01/07/2027;84705.04;09/02/2026
DI1Q27;02/08/2027;83875.4;09/02/2026
DI1V27;01/10/2027;82258.84;09/02/2026
DI1F28;03/01/2028;79940.82;09/02/2026
DI1J28;03/04/2028;77613.24;09/02/2026
DI1N28;03/07/2028;75405.97;09/02/2026
DI1V28;02/10/2028;73110.78;09/02/2026
DI1F29;02/01/2029;71001.41;09/02/2026
DI1J29;02/04/2029;68868.17;09/02/2026
DI1N29;02/07/2029;66712.92;09/02/2026
DI1V29;01/10/2029;64585.21;09/02/2026
DI1F30;02/01/2030;62604.47;09/02/2026
DI1J30;01/04/2030;60703.48;09/02/2026
DI1N30;01/07/2030;58781.21;09/02/2026
DI1V30;01/10/2030;56838.79;09/02/2026
DI1F31;02/01/2031;55005.51;09/02/2026
DI1J31;01/04/2031;53300.91;09/02/2026
DI1N31;01/07/2031;51636.11;09/02/2026
DI1V31;01/10/2031;49896.85;09/02/2026
DI1F32;02/01/2032;48225.69;09/02/2026
DI1F33;03/01/2033;42355.37;09/02/2026
DI1F34;02/01/2034;37252.08;09/02/2026
DI1F35;02/01/2035;32837.27;09/02/2026
DI1F36;02/01/2036;28961.21;09/02/2026
DI1F37;02/01/2037;25423.07;09/02/2026
DI1F38;04/01/2038;22484.81;09/02/2026
DI1F39;03/01/2039;19866.78;09/02/2026
DI1F40;02/01/2040;17557.01;09/02/2026
DI1F41;02/01/2041;15479.62;09/02/2026
DI1H26;02/03/2026;99340.71;10/02/2026
DI1J26;01/04/2026;98155.62;10/02/2026
DI1K26;04/05/2026;97108.38;10/02/2026
DI1M26;01/06/2026;96105.54;10/02/2026
DI1N26;01/07/2026;95081.5;10/02/2026
DI1Q26;03/08/2026;93995.33;10/02/2026
DI1U26;01/09/2026;93041.15;10/02/2026
DI1V26;01/10/2026;92117.98;10/02/2026
DI1X26;03/11/2026;91217.06;10/02/2026
DI1Z26;01/12/2026;90420.62;10/02/2026
DI1F27;04/01/2027;89526.71;10/02/2026
DI1G27;01/02/2027;88716.98;10/02/2026
DI1J27;01/04/2027;87130.16;10/02/2026
DI1N27;01/07/2027;84703.55;10/02/2026
DI1Q27;02/08/2027;83866.75;10/02/2026
DI1V27;01/10/2027;82239.77;10/02/2026
DI1F28;03/01/2028;79915.99;10/02/2026
DI1J28;03/04/2028;77576.61;10/02/2026
DI1N28;03/07/2028;75368.63;10/02/2026
DI1V28;02/10/2028;73068.8;10/02/2026
DI1F29;02/01/2029;70950.41;10/02/2026
DI1J29;02/04/2029;68815.72;10/02/2026
DI1N29;02/07/2029;66653.67;10/02/2026
DI1V29;01/10/2029;64523.41;10/02/2026
DI1F30;02/01/2030;62540.82;10/02/2026
DI1J30;01/04/2030;60638.36;10/02/2026
DI1N30;01/07/2030;58724.08;10/02/2026
DI1V30;01/10/2030;56780.96;10/02/2026
DI1F31;02/01/2031;54940.48;10/02/2026
DI1J31;01/04/2031;53245.52;10/02/2026
DI1N31;01/07/2031;51583.66;10/02/2026
DI1V31;01/10/2031;49842.57;10/02/2026
DI1F32;02/01/2032;48184.81;10/02/2026
DI1F33;03/01/2033;42309.93;10/02/2026
DI1F34;02/01/2034;37216.58;10/02/2026
DI1F35;02/01/2035;32805.15;10/02/2026
DI1F36;02/01/2036;28940.63;10/02/2026
DI1F37;02/01/2037;25401.9;10/02/2026
DI1F38;04/01/2038;22463.33;10/02/2026
DI1F39;03/01/2039;19845.35;10/02/2026
DI1F40;02/01/2040;17535.89;10/02/2026
DI1F41;02/01/2041;15459.12;10/02/2026
DI1H26;02/03/2026;99395.52;11/02/2026
DI1J26;01/04/2026;98210.83;11/02/2026
DI1K26;04/05/2026;97164.54;11/02/2026
DI1M26;01/06/2026;96165.66;11/02/2026
DI1N26;01/07/2026;95144.1;11/02/2026
DI1Q26;03/08/2026;94057.68;11/02/2026
DI1U26;01/09/2026;93107.78;11/02/2026
DI1V26;01/10/2026;92187.76;11/02/2026
DI1X26;03/11/2026;91289.79;11/02/2026
DI1Z26;01/12/2026;90494.48;11/02/2026
DI1F27;04/01/2027;89600.44;11/02/2026
DI1G27;01/02/2027;88794.61;11/02/2026
DI1J27;01/04/2027;87214.01;11/02/2026
DI1N27;01/07/2027;84790.45;11/02/2026
DI1Q27;02/08/2027;83957.75;11/02/2026
DI1V27;01/10/2027;82337.06;11/02/2026
DI1F28;03/01/2028;80008.39;11/02/2026
DI1J28;03/04/2028;77668.96;11/02/2026
DI1N28;03/07/2028;75459.76;11/02/2026
DI1V28;02/10/2028;73154.48;11/02/2026
DI1F29;02/01/2029;71039.98;11/02/2026
DI1J29;02/04/2029;68880.79;11/02/2026
DI1N29;02/07/2029;66719.33;11/02/2026
DI1V29;01/10/2029;64583.36;11/02/2026
DI1F30;02/01/2030;62590.26;11/02/2026
DI1J30;01/04/2030;60676.56;11/02/2026
DI1N30;01/07/2030;58748.18;11/02/2026
DI1V30;01/10/2030;56799.47;11/02/2026
DI1F31;02/01/2031;54943.88;11/02/2026
DI1J31;01/04/2031;53238.17;11/02/2026
DI1N31;01/07/2031;51570.22;11/02/2026
DI1V31;01/10/2031;49822.9;11/02/2026
DI1F32;02/01/2032;48158.97;11/02/2026
DI1F33;03/01/2033;42251.88;11/02/2026
DI1F34;02/01/2034;37127.26;11/02/2026
DI1F35;02/01/2035;32714.55;11/02/2026
DI1F36;02/01/2036;28840.19;11/02/2026
DI1F37;02/01/2037;25293.87;11/02/2026
DI1F38;04/01/2038;22355.7;11/02/2026
DI1F39;03/01/2039;19741.4;11/02/2026
DI1F40;02/01/2040;17436.21;11/02/2026
DI1F41;02/01/2041;15364.4;11/02/2026
DI1H26;02/03/2026;99450.36;12/02/2026
DI1J26;01/04/2026;98265.34;12/02/2026
DI1K26;04/05/2026;97219.57;12/02/2026
DI1M26;01/06/2026;96220.78;12/02/2026
DI1N26;01/07/2026;95199.72;12/02/2026
DI1Q26;03/08/2026;94116.43;12/02/2026
DI1U26;01/09/2026;93167.98;12/02/2026
DI1V26;01/10/2026;92248.66;12/02/2026
DI1X26;03/11/2026;91349.16;12/02/2026
DI1Z26;01/12/2026;90554.33;12/02/2026
DI1F27;04/01/2027;89660.86;12/02/2026
DI1G27;01/02/2027;88850.37;12/02/2026
DI1J27;01/04/2027;87265.05;12/02/2026
DI1N27;01/07/2027;84844.43;12/02/2026
DI1Q27;02/08/2027;84009.74;12/02/2026
DI1V27;01/10/2027;82382.11;12/02/2026
DI1F28;03/01/2028;80059.49;12/02/2026
DI1J28;03/04/2028;77721.74;12/02/2026
DI1N28;03/07/2028;75516.0;12/02/2026
DI1V28;02/10/2028;73226.52;12/02/2026
DI1F29;02/01/2029;71109.72;12/02/2026
DI1J29;02/04/2029;68970.44;12/02/2026
DI1N29;02/07/2029;66798.84;12/02/2026
DI1V29;01/10/2029;64670.12;12/02/2026
DI1F30;02/01/2030;62688.73;12/02/2026
DI1J30;01/04/2030;60769.66;12/02/2026
DI1N30;01/07/2030;58842.12;12/02/2026
DI1V30;01/10/2030;56894.16;12/02/2026
DI1F31;02/01/2031;55036.73;12/02/2026
DI1J31;01/04/2031;53328.99;12/02/2026
DI1N31;01/07/2031;51666.08;12/02/2026
DI1V31;01/10/2031;49916.44;12/02/2026
DI1F32;02/01/2032;48252.47;12/02/2026
DI1F33;03/01/2033;42362.35;12/02/2026
DI1F34;02/01/2034;37246.09;12/02/2026
DI1F35;02/01/2035;32848.25;12/02/2026
DI1F36;02/01/2036;28972.16;12/02/2026
DI1F37;02/01/2037;25425.02;12/02/2026
DI1F38;04/01/2038;22481.21;12/02/2026
DI1F39;03/01/2039;19860.77;12/02/2026
DI1F40;02/01/2040;17549.19;12/02/2026
DI1F41;02/01/2041;15470.58;12/02/2026
DI1H26;02/03/2026;99505.19;13/02/2026
DI1J26;01/04/2026;98319.61;13/02/2026
DI1K26;04/05/2026;97273.16;13/02/2026
DI1M26;01/06/2026;96274.65;13/02/2026
DI1N26;01/07/2026;95254.05;13/02/2026
DI1Q26;03/08/2026;94169.41;13/02/2026
DI1U26;01/09/2026;93220.09;13/02/2026
DI1V26;01/10/2026;92297.29;13/02/2026
DI1X26;03/11/2026;91396.48;13/02/2026
DI1Z26;01/12/2026;90599.72;13/02/2026
DI1F27;04/01/2027;89702.6;13/02/2026
DI1G27;01/02/2027;88894.14;13/02/2026
DI1J27;01/04/2027;87305.81;13/02/2026
DI1N27;01/07/2027;84884.08;13/02/2026
DI1Q27;02/08/2027;84053.08;13/02/2026
DI1V27;01/10/2027;82428.33;13/02/2026
DI1F28;03/01/2028;80111.89;13/02/2026
DI1J28;03/04/2028;77780.34;13/02/2026
DI1N28;03/07/2028;75575.37;13/02/2026
DI1V28;02/10/2028;73278.14;13/02/2026
DI1F29;02/01/2029;71165.04;13/02/2026
DI1J29;02/04/2029;69018.44;13/02/2026
DI1N29;02/07/2029;66864.48;13/02/2026
DI1V29;01/10/2029;64740.37;13/02/2026
DI1F30;02/01/2030;62753.09;13/02/2026
DI1J30;01/04/2030;60845.21;13/02/2026
DI1N30;01/07/2030;58915.8;13/02/2026
DI1V30;01/10/2030;56981.99;13/02/2026
DI1F31;02/01/2031;55134.37;13/02/2026
DI1J31;01/04/2031;53439.07;13/02/2026
DI1N31;01/07/2031;51774.21;13/02/2026
DI1V31;01/10/2031;50034.75;13/02/2026
DI1F32;02/01/2032;48368.51;13/02/2026
DI1F33;03/01/2033;42488.4;13/02/2026
DI1F34;02/01/2034;37385.89;13/02/2026
DI1F35;02/01/2035;32987.56;13/02/2026
DI1F36;02/01/2036;29117.27;13/02/2026
DI1F37;02/01/2037;25573.86;13/02/2026
DI1F38;04/01/2038;22635.62;13/02/2026
DI1F39;03/01/2039;20007.91;13/02/2026
DI1F40;02/01/2040;17688.68;13/02/2026
DI1F41;02/01/2041;15601.87;13/02/2026
DI1H26;02/03/2026;99560.13;18/02/2026
DI1J26;01/04/2026;98373.27;18/02/2026
DI1K26;04/05/2026;97326.58;18/02/2026
DI1M26;01/06/2026;96326.38;18/02/2026
DI1N26;01/07/2026;95304.71;18/02/2026
DI1Q26;03/08/2026;94219.74;18/02/2026
DI1U26;01/09/2026;93269.55;18/02/2026
DI1V26;01/10/2026;92347.44;18/02/2026
DI1X26;03/11/2026;91448.91;18/02/2026
DI1Z26;01/12/2026;90654.46;18/02/2026
DI1F27;04/01/2027;89758.08;18/02/2026
DI1G27;01/02/2027;88952.04;18/02/2026
DI1J27;01/04/2027;87370.47;18/02/2026
DI1N27;01/07/2027;84951.25;18/02/2026
DI1Q27;02/08/2027;84122.22;18/02/2026
DI1V27;01/10/2027;82507.57;18/02/2026
DI1F28;03/01/2028;80193.42;18/02/2026
DI1J28;03/04/2028;77871.02;18/02/2026
DI1N28;03/07/2028;75667.92;18/02/2026
DI1V28;02/10/2028;73387.48;18/02/2026
DI1F29;02/01/2029;71283.32;18/02/2026
DI1J29;02/04/2029;69161.08;18/02/2026
DI1N29;02/07/2029;66995.5;18/02/2026
DI1V29;01/10/2029;64872.55;18/02/2026
DI1F30;02/01/2030;62894.29;18/02/2026
DI1J30;01/04/2030;60991.17;18/02/2026
DI1N30;01/07/2030;59075.32;18/02/2026
DI1V30;01/10/2030;57132.38;18/02/2026
DI1F31;02/01/2031;55288.78;18/02/2026
DI1J31;01/04/2031;53590.14;18/02/2026
DI1N31;01/07/2031;51928.82;18/02/2026
DI1V31;01/10/2031;50190.35;18/02/2026
DI1F32;02/01/2032;48542.22;18/02/2026
DI1F33;03/01/2033;42666.19;18/02/2026
DI1F34;02/01/2034;37565.06;18/02/2026
DI1F35;02/01/2035;33168.65;18/02/2026
DI1F36;02/01/2036;29295.98;18/02/2026
DI1F37;02/01/2037;25735.81;18/02/2026
DI1F38;04/01/2038;22798.19;18/02/2026
DI1F39;03/01/2039;20162.95;18/02/2026
DI1F40;02/01/2040;17835.79;18/02/2026
DI1F41;02/01/2041;15740.43;18/02/2026
DI1H26;02/03/2026;99615.0;19/02/2026
DI1J26;01/04/2026;98427.56;19/02/2026
DI1K26;04/05/2026;97380.33;19/02/2026
DI1M26;01/06/2026;96379.97;19/02/2026
DI1N26;01/07/2026;95356.28;19/02/2026
DI1Q26;03/08/2026;94270.07;19/02/2026
DI1U26;01/09/2026;93319.44;19/02/2026
DI1V26;01/10/2026;92396.58;19/02/2026
DI1X26;03/11/2026;91495.1;19/02/2026
DI1Z26;01/12/2026;90698.61;19/02/2026
DI1F27;04/01/2027;89802.58;19/02/2026
DI1G27;01/02/2027;88993.59;19/02/2026
DI1J27;01/04/2027;87405.26;19/02/2026
DI1N27;01/07/2027;84981.72;19/02/2026
DI1Q27;02/08/2027;84150.5;19/02/2026
DI1V27;01/10/2027;82525.47;19/02/2026
DI1F28;03/01/2028;80203.39;19/02/2026
DI1J28;03/04/2028;77868.29;19/02/2026
DI1N28;03/07/2028;75656.13;19/02/2026
DI1V28;02/10/2028;73352.51;19/02/2026
DI1F29;02/01/2029;71239.69;19/02/2026
DI1J29;02/04/2029;69087.95;19/02/2026
DI1N29;02/07/2029;66910.64;19/02/2026
DI1V29;01/10/2029;64771.65;19/02/2026
DI1F30;02/01/2030;62781.65;19/02/2026
DI1J30;01/04/2030;60860.16;19/02/2026
DI1N30;01/07/2030;58934.74;19/02/2026
DI1V30;01/10/2030;56977.42;19/02/2026
DI1F31;02/01/2031;55129.38;19/02/2026
DI1J31;01/04/2031;53426.72;19/02/2026
DI1N31;01/07/2031;51752.13;19/02/2026
DI1V31;01/10/2031;50007.63;19/02/2026
DI1F32;02/01/2032;48344.08;19/02/2026
DI1F33;03/01/2033;42438.49;19/02/2026
DI1F34;02/01/2034;37322.6;19/02/2026
DI1F35;02/01/2035;32918.08;19/02/2026
DI1F36;02/01/2036;29038.31;19/02/2026
DI1F37;02/01/2037;25490.05;19/02/2026
DI1F38;04/01/2038;22559.57;19/02/2026
DI1F39;03/01/2039;19933.29;19/02/2026
DI1F40;02/01/2040;17616.18;19/02/2026
DI1F41;02/01/2041;15532.23;19/02/2026
DI1H26;02/03/2026;99669.87;20/02/2026
DI1J26;01/04/2026;98481.85;20/02/2026
DI1K26;04/05/2026;97434.24;20/02/2026
DI1M26;01/06/2026;96436.04;20/02/2026
DI1N26;01/07/2026;95412.28;20/02/2026
DI1Q26;03/08/2026;94328.5;20/02/2026
DI1U26;01/09/2026;93379.72;20/02/2026
DI1V26;01/10/2026;92460.13;20/02/2026
DI1X26;03/11/2026;91563.16;20/02/2026
DI1Z26;01/12/2026;90769.9;20/02/2026
DI1F27;04/01/2027;89879.06;20/02/2026
DI1G27;01/02/2027;89074.23;20/02/2026
DI1J27;01/04/2027;87496.92;20/02/2026
DI1N27;01/07/2027;85087.34;20/02/2026
DI1Q27;02/08/2027;84258.05;20/02/2026
DI1V27;01/10/2027;82644.55;20/02/2026
DI1F28;03/01/2028;80329.75;20/02/2026
DI1J28;03/04/2028;77999.64;20/02/2026
DI1N28;03/07/2028;75803.84;20/02/2026
DI1V28;02/10/2028;73500.75;20/02/2026
DI1F29;02/01/2029;71401.01;20/02/2026
DI1J29;02/04/2029;69247.48;20/02/2026
DI1N29;02/07/2029;67091.04;20/02/2026
DI1V29;01/10/2029;64949.06;20/02/2026
DI1F30;02/01/2030;62973.91;20/02/2026
DI1J30;01/04/2030;61054.32;20/02/2026
DI1N30;01/07/2030;59132.45;20/02/2026
DI1V30;01/10/2030;57183.16;20/02/2026
DI1F31;02/01/2031;55340.24;20/02/2026
DI1J31;01/04/2031;53618.4;20/02/2026
DI1N31;01/07/2031;51962.56;20/02/2026
DI1V31;01/10/2031;50212.39;20/02/2026
DI1F32;02/01/2032;48547.49;20/02/2026
DI1F33;03/01/2033;42631.3;20/02/2026
DI1F34;02/01/2034;37501.3;20/02/2026
DI1F35;02/01/2035;33093.49;20/02/2026
DI1F36;02/01/2036;29198.72;20/02/2026
DI1F37;02/01/2037;25631.81;20/02/2026
DI1F38;04/01/2038;22695.51;20/02/2026
DI1F39;03/01/2039;20062.75;20/02/2026
DI1F40;02/01/2040;17738.85;20/02/2026
DI1F41;02/01/2041;15647.63;20/02/2026
DI1H26;02/03/2026;99724.75;23/02/2026
DI1J26;01/04/2026;98536.22;23/02/2026
DI1K26;04/05/2026;97488.28;23/02/2026
DI1M26;01/06/2026;96486.4;23/02/2026
DI1N26;01/07/2026;95465.55;23/02/2026
DI1Q26;03/08/2026;94381.7;23/02/2026
DI1U26;01/09/2026;93434.7;23/02/2026
DI1V26;01/10/2026;92515.12;23/02/2026
DI1X26;03/11/2026;91618.2;23/02/2026
DI1Z26;01/12/2026;90824.43;23/02/2026
DI1F27;04/01/2027;89933.63;23/02/2026
DI1G27;01/02/2027;89128.93;23/02/2026
DI1J27;01/04/2027;87553.65;23/02/2026
DI1N27;01/07/2027;85148.14;23/02/2026
DI1Q27;02/08/2027;84317.28;23/02/2026
DI1V27;01/10/2027;82702.34;23/02/2026
DI1F28;03/01/2028;80388.57;23/02/2026
DI1J28;03/04/2028;78063.88;23/02/2026
DI1N28;03/07/2028;75853.58;23/02/2026
DI1V28;02/10/2028;73560.74;23/02/2026
DI1F29;02/01/2029;71449.04;23/02/2026
DI1J29;02/04/2029;69302.98;23/02/2026
DI1N29;02/07/2029;67140.79;23/02/2026
DI1V29;01/10/2029;65000.73;23/02/2026
DI1F30;02/01/2030;63012.67;23/02/2026
DI1J30;01/04/2030;61092.52;23/02/2026
DI1N30;01/07/2030;59167.81;23/02/2026
DI1V30;01/10/2030;57215.52;23/02/2026
DI1F31;02/01/2031;55367.18;23/02/2026
DI1J31;01/04/2031;53658.99;23/02/2026
DI1N31;01/07/2031;51987.99;23/02/2026
DI1V31;01/10/2031;50237.03;23/02/2026
DI1F32;02/01/2032;48566.4;23/02/2026
DI1F33;03/01/2033;42639.6;23/02/2026
DI1F34;02/01/2034;37512.2;23/02/2026
DI1F35;02/01/2035;33081.72;23/02/2026
DI1F36;02/01/2036;29198.16;23/02/2026
DI1F37;02/01/2037;25622.69;23/02/2026
DI1F38;04/01/2038;22685.62;23/02/2026
DI1F39;03/01/2039;20052.41;23/02/2026
DI1F40;02/01/2040;17728.3;23/02/2026
DI1F41;02/01/2041;15637.1;23/02/2026
DI1H26;02/03/2026;99779.82;24/02/2026
DI1J26;01/04/2026;98590.58;24/02/2026
DI1K26;04/05/2026;97542.46;24/02/2026
DI1M26;01/06/2026;96541.46;24/02/2026
DI1N26;01/07/2026;95519.66;24/02/2026
DI1Q26;03/08/2026;94435.94;24/02/2026
DI1U26;01/09/2026;93487.9;24/02/2026
DI1V26;01/10/2026;92567.57;24/02/2026
DI1X26;03/11/2026;91670.96;24/02/2026
DI1Z26;01/12/2026;90877.67;24/02/2026
DI1F27;04/01/2027;89986.8;24/02/2026
DI1G27;01/02/2027;89181.37;24/02/2026
DI1J27;01/04/2027;87603.57;24/02/2026
DI1N27;01/07/2027;85199.77;24/02/2026
DI1Q27;02/08/2027;84370.04;24/02/2026
DI1V27;01/10/2027;82753.05;24/02/2026
DI1X27;01/11/2027;82013.9;24/02/2026
DI1Z27;01/12/2027;81280.99;24/02/2026
DI1F28;03/01/2028;80446.02;24/02/2026
DI1J28;03/04/2028;78129.53;24/02/2026
DI1N28;03/07/2028;75931.69;24/02/2026
DI1V28;02/10/2028;73637.65;24/02/2026
DI1X28;01/11/2028;72894.0;24/02/2026
DI1Z28;01/12/2028;72227.8;24/02/2026
DI1F29;02/01/2029;71533.01;24/02/2026
DI1J29;02/04/2029;69390.62;24/02/2026
DI1N29;02/07/2029;67234.1;24/02/2026
DI1V29;01/10/2029;65101.92;24/02/2026
DI1X29;01/11/2029;64379.27;24/02/2026
DI1Z29;03/12/2029;63762.36;24/02/2026
DI1F30;02/01/2030;63117.59;24/02/2026
DI1J30;01/04/2030;61205.51;24/02/2026
DI1N30;01/07/2030;59284.5;24/02/2026
DI1V30;01/10/2030;57331.27;24/02/2026
DI1F31;02/01/2031;55483.92;24/02/2026
DI1J31;01/04/2031;53783.77;24/02/2026
DI1N31;01/07/2031;52115.93;24/02/2026
DI1V31;01/10/2031;50365.6;24/02/2026
DI1F32;02/01/2032;48710.34;24/02/2026
DI1F33;03/01/2033;42781.58;24/02/2026
DI1F34;02/01/2034;37650.08;24/02/2026
DI1F35;02/01/2035;33232.06;24/02/2026
DI1F36;02/01/2036;29336.55;24/02/2026
DI1F37;02/01/2037;25755.29;24/02/2026
DI1F38;04/01/2038;22812.77;24/02/2026
DI1F39;03/01/2039;20173.48;24/02/2026
DI1F40;02/01/2040;17843.02;24/02/2026
DI1F41;02/01/2041;15745.04;24/02/2026
DI1H26;02/03/2026;99834.84;25/02/2026
DI1J26;01/04/2026;98645.44;25/02/2026
DI1K26;04/05/2026;97597.06;25/02/2026
DI1M26;01/06/2026;96595.35;25/02/2026
DI1N26;01/07/2026;95571.43;25/02/2026
DI1Q26;03/08/2026;94486.89;25/02/2026
DI1U26;01/09/2026;93535.97;25/02/2026
DI1V26;01/10/2026;92613.64;25/02/2026
DI1X26;03/11/2026;91714.29;25/02/2026
DI1Z26;01/12/2026;90920.52;25/02/2026
DI1F27;04/01/2027;90025.13;25/02/2026
DI1G27;01/02/2027;89213.35;25/02/2026
DI1J27;01/04/2027;87635.81;25/02/2026
DI1N27;01/07/2027;85220.11;25/02/2026
DI1Q27;02/08/2027;84390.84;25/02/2026
DI1V27;01/10/2027;82774.48;25/02/2026
DI1X27;01/11/2027;82057.31;25/02/2026
DI1Z27;01/12/2027;81325.44;25/02/2026
DI1F28;03/01/2028;80457.34;25/02/2026
DI1J28;03/04/2028;78137.0;25/02/2026
DI1N28;03/07/2028;75929.4;25/02/2026
DI1V28;02/10/2028;73646.77;25/02/2026
DI1X28;01/11/2028;72903.98;25/02/2026
DI1Z28;01/12/2028;72240.56;25/02/2026
DI1F29;02/01/2029;71546.87;25/02/2026
DI1J29;02/04/2029;69408.27;25/02/2026
DI1N29;02/07/2029;67260.06;25/02/2026
DI1V29;01/10/2029;65130.88;25/02/2026
DI1X29;01/11/2029;64412.08;25/02/2026
DI1Z29;03/12/2029;63797.05;25/02/2026
DI1F30;02/01/2030;63156.33;25/02/2026
DI1J30;01/04/2030;61243.7;25/02/2026
DI1N30;01/07/2030;59328.89;25/02/2026
DI1V30;01/10/2030;57389.12;25/02/2026
DI1F31;02/01/2031;55553.43;25/02/2026
DI1J31;01/04/2031;53855.69;25/02/2026
DI1N31;01/07/2031;52190.24;25/02/2026
DI1V31;01/10/2031;50447.24;25/02/2026
DI1F32;02/01/2032;48779.33;25/02/2026
DI1F33;03/01/2033;42880.05;25/02/2026
DI1F34;02/01/2034;37764.96;25/02/2026
DI1F35;02/01/2035;33357.12;25/02/2026
DI1F36;02/01/2036;29457.74;25/02/2026
DI1F37;02/01/2037;25891.01;25/02/2026
DI1F38;04/01/2038;22942.99;25/02/2026
DI1F39;03/01/2039;20297.55;25/02/2026
DI1F40;02/01/2040;17960.66;25/02/2026
DI1F41;02/01/2041;15855.78;25/02/2026
DI1H26;02/03/2026;99889.85;26/02/2026
DI1J26;01/04/2026;98700.01;26/02/2026
DI1K26;04/05/2026;97651.46;26/02/2026
DI1M26;01/06/2026;96650.92;26/02/2026
DI1N26;01/07/2026;95630.54;26/02/2026
DI1Q26;03/08/2026;94549.21;26/02/2026
DI1U26;01/09/2026;93600.48;26/02/2026
DI1V26;01/10/2026;92681.1;26/02/2026
DI1X26;03/11/2026;91785.67;26/02/2026
DI1Z26;01/12/2026;90993.08;26/02/2026
DI1F27;04/01/2027;90103.69;26/02/2026
DI1G27;01/02/2027;89291.94;26/02/2026
DI1J27;01/04/2027;87720.93;26/02/2026
DI1N27;01/07/2027;85317.01;26/02/2026
DI1Q27;02/08/2027;84488.2;26/02/2026
DI1V27;01/10/2027;82876.58;26/02/2026
DI1X27;01/11/2027;82160.33;26/02/2026
DI1Z27;01/12/2027;81430.52;26/02/2026
DI1F28;03/01/2028;80563.43;26/02/2026
DI1J28;03/04/2028;78238.89;26/02/2026
DI1N28;03/07/2028;76043.65;26/02/2026
DI1V28;02/10/2028;73750.71;26/02/2026
DI1X28;01/11/2028;73009.12;26/02/2026
DI1Z28;01/12/2028;72352.04;26/02/2026
DI1F29;02/01/2029;71655.92;26/02/2026
DI1J29;02/04/2029;69526.12;26/02/2026
DI1N29;02/07/2029;67365.23;26/02/2026
DI1V29;01/10/2029;65240.32;26/02/2026
DI1X29;01/11/2029;64522.24;26/02/2026
DI1Z29;03/12/2029;63905.69;26/02/2026
DI1F30;02/01/2030;63265.55;26/02/2026
DI1J30;01/04/2030;61358.95;26/02/2026
DI1N30;01/07/2030;59438.88;26/02/2026
DI1V30;01/10/2030;57498.04;26/02/2026
DI1F31;02/01/2031;55660.86;26/02/2026
DI1J31;01/04/2031;53956.57;26/02/2026
DI1N31;01/07/2031;52289.08;26/02/2026
DI1V31;01/10/2031;50541.36;26/02/2026
DI1F32;02/01/2032;48875.97;26/02/2026
DI1F33;03/01/2033;42958.01;26/02/2026
DI1F34;02/01/2034;37820.12;26/02/2026
DI1F35;02/01/2035;33402.14;26/02/2026
DI1F36;02/01/2036;29497.79;26/02/2026
DI1F37;02/01/2037;25931.0;26/02/2026
DI1F38;04/01/2038;22980.62;26/02/2026
DI1F39;03/01/2039;20332.8;26/02/2026
DI1F40;02/01/2040;17993.58;26/02/2026
DI1F41;02/01/2041;15886.38;26/02/2026
DI1H26;02/03/2026;99944.9;27/02/2026
DI1J26;01/04/2026;98753.68;27/02/2026
DI1K26;04/05/2026;97702.91;27/02/2026
DI1M26;01/06/2026;96697.94;27/02/2026
DI1N26;01/07/2026;95671.88;27/02/2026
DI1Q26;03/08/2026;94579.62;27/02/2026
DI1U26;01/09/2026;93627.17;27/02/2026
DI1V26;01/10/2026;92699.62;27/02/2026
DI1X26;03/11/2026;91791.31;27/02/2026
DI1Z26;01/12/2026;90987.72;27/02/2026
DI1F27;04/01/2027;90082.69;27/02/2026
DI1G27;01/02/2027;89263.2;27/02/2026
DI1J27;01/04/2027;87657.99;27/02/2026
DI1N27;01/07/2027;85211.11;27/02/2026
DI1Q27;02/08/2027;84374.62;27/02/2026
DI1V27;01/10/2027;82747.83;27/02/2026
DI1X27;01/11/2027;82027.78;27/02/2026
DI1Z27;01/12/2027;81279.63;27/02/2026
DI1F28;03/01/2028;80425.31;27/02/2026
DI1J28;03/04/2028;78080.03;27/02/2026
DI1N28;03/07/2028;75881.32;27/02/2026
DI1V28;02/10/2028;73580.93;27/02/2026
DI1X28;01/11/2028;72853.51;27/02/2026
DI1Z28;01/12/2028;72192.54;27/02/2026
DI1F29;02/01/2029;71494.25;27/02/2026
DI1J29;02/04/2029;69355.13;27/02/2026
DI1N29;02/07/2029;67197.53;27/02/2026
DI1V29;01/10/2029;65073.61;27/02/2026
DI1X29;01/11/2029;64356.82;27/02/2026
DI1Z29;03/12/2029;63737.92;27/02/2026
DI1F30;02/01/2030;63095.35;27/02/2026
DI1J30;01/04/2030;61199.26;27/02/2026
DI1N30;01/07/2030;59282.29;27/02/2026
DI1V30;01/10/2030;57342.73;27/02/2026
DI1F31;02/01/2031;55505.71;27/02/2026
DI1J31;01/04/2031;53809.43;27/02/2026
DI1N31;01/07/2031;52145.89;27/02/2026
DI1V31;01/10/2031;50409.87;27/02/2026
DI1F32;02/01/2032;48752.07;27/02/2026
DI1F33;03/01/2033;42865.66;27/02/2026
DI1F34;02/01/2034;37747.72;27/02/2026
DI1F35;02/01/2035;33338.45;27/02/2026
DI1F36;02/01/2036;29438.68;27/02/2026
DI1F37;02/01/2037;25869.99;27/02/2026
DI1F38;04/01/2038;22920.51;27/02/2026
DI1F39;03/01/2039;20274.25;27/02/2026
DI1F40;02/01/2040;17937.01;27/02/2026
DI1F41;02/01/2041;15832.28;27/02/2026
